[2026-06-02 01:27:24] [2026-06-02 01:27:24] ===== START SYNC =====
Query: ((subject:"order confirmation" OR subject:"order receipt" OR subject:"purchase confirmation" OR subject:"payment confirmation" OR subject:"payment receipt" OR subject:"invoice" OR subject:"receipt" OR subject:"your order" OR subject:"order summary" OR subject:"order details" OR subject:"order shipped" OR subject:"order dispatched" OR subject:"shipment confirmation" OR subject:"delivery confirmation" OR subject:"thank you for your purchase" OR subject:"thank you for your order" OR subject:"billing confirmation" OR subject:"transaction receipt" OR subject:"your purchase" OR subject:"אישור הזמנה" OR subject:"אישור רכישה" OR subject:"חשבונית" OR subject:"קבלה" OR subject:"פרטי הזמנה" OR subject:"סיכום הזמנה" OR subject:"ההזמנה שלך" OR subject:"הרכישה שלך" OR subject:"תודה על הזמנתך" OR subject:"תודה על רכישתך" OR subject:"אישור תשלום" OR subject:"אישור עסקה" OR subject:"חשבונית מס" OR subject:"חשבונית עסקה" OR subject:"הזמנתך התקבלה" OR subject:"הרכישה התקבלה" OR subject:"מסמך עסקה" OR subject:"פרטי עסקה" OR subject:"אסמכתא" OR subject:"מספר הזמנה") OR (from:noreply@amazon OR from:order@amazon OR from:shipment-tracking@amazon OR from:auto-confirm@amazon OR from:orders@aliexpress OR from:noreply@aliexpress OR from:ebay@ebay OR from:noreply@ebay OR from:service@paypal OR from:service@intl.paypal.com OR from:receipts@ OR from:orders@ OR from:billing@ OR from:invoice@ OR from:noreply@ OR from:no-reply@ OR from:confirmation@ OR from:support@ OR from:online@ksp.co.il OR from:noreply@ivory.co.il OR from:orders@bug.co.il OR from:noreply@zap.co.il OR from:noreply@superspharm.co.il OR from:noreply@shufersal.co.il OR from:noreply@rami-levy.co.il OR from:orders@terminalx.com OR from:noreply@adika.com OR from:noreply@golf.co.il OR from:noreply@factory54.co.il OR from:orders@shein.com OR from:noreply@Castro.co.il OR from:noreply@renuar.co.il OR from:noreply@HOmydesign.com OR from:noreply@ace.co.il OR from:noreply@ikea.com OR from:info@terminalx.com))
Total messages found: 100
[2026-06-02 01:27:24] 🔄 Processing message 1: 19e84ab54948e596
[2026-06-02 01:27:24] 📊 Subject: Your two-factor sign in code
   From: noreply@acct-auth.epicgames.com
   Sender score: 20/40
   Content score: 45/100
   Combined confidence: 47%
   Signals: order_number_pattern, item_list_found, shipping_signal
[2026-06-02 01:43:04] [2026-06-02 01:43:04] ===== START SYNC =====
Query: ((subject:"order confirmation" OR subject:"order receipt" OR subject:"purchase confirmation" OR subject:"payment confirmation" OR subject:"payment receipt" OR subject:"invoice" OR subject:"receipt" OR subject:"your order" OR subject:"order summary" OR subject:"order details" OR subject:"order shipped" OR subject:"order dispatched" OR subject:"shipment confirmation" OR subject:"delivery confirmation" OR subject:"thank you for your purchase" OR subject:"thank you for your order" OR subject:"billing confirmation" OR subject:"transaction receipt" OR subject:"your purchase" OR subject:"אישור הזמנה" OR subject:"אישור רכישה" OR subject:"חשבונית" OR subject:"קבלה" OR subject:"פרטי הזמנה" OR subject:"סיכום הזמנה" OR subject:"ההזמנה שלך" OR subject:"הרכישה שלך" OR subject:"תודה על הזמנתך" OR subject:"תודה על רכישתך" OR subject:"אישור תשלום" OR subject:"אישור עסקה" OR subject:"חשבונית מס" OR subject:"חשבונית עסקה" OR subject:"הזמנתך התקבלה" OR subject:"הרכישה התקבלה" OR subject:"מסמך עסקה" OR subject:"פרטי עסקה" OR subject:"אסמכתא" OR subject:"מספר הזמנה") OR (from:noreply@amazon OR from:order@amazon OR from:shipment-tracking@amazon OR from:auto-confirm@amazon OR from:orders@aliexpress OR from:noreply@aliexpress OR from:ebay@ebay OR from:noreply@ebay OR from:service@paypal OR from:service@intl.paypal.com OR from:receipts@ OR from:orders@ OR from:billing@ OR from:invoice@ OR from:noreply@ OR from:no-reply@ OR from:confirmation@ OR from:support@ OR from:online@ksp.co.il OR from:noreply@ivory.co.il OR from:orders@bug.co.il OR from:noreply@zap.co.il OR from:noreply@superspharm.co.il OR from:noreply@shufersal.co.il OR from:noreply@rami-levy.co.il OR from:orders@terminalx.com OR from:noreply@adika.com OR from:noreply@golf.co.il OR from:noreply@factory54.co.il OR from:orders@shein.com OR from:noreply@Castro.co.il OR from:noreply@renuar.co.il OR from:noreply@HOmydesign.com OR from:noreply@ace.co.il OR from:noreply@ikea.com OR from:info@terminalx.com))
Total messages found: 100
[2026-06-02 01:43:04] 🔄 Processing message 1: 19e84ab54948e596
[2026-06-02 01:43:04] 📊 Subject: Your two-factor sign in code
   From: noreply@acct-auth.epicgames.com
   Sender score: 20/40
   Content score: 45/100
   Combined confidence: 47%
   Signals: order_number_pattern, item_list_found, shipping_signal
[2026-06-02 02:16:12] [2026-06-02 02:16:12] ===== START SYNC =====
Query: ((subject:"order confirmation" OR subject:"order receipt" OR subject:"purchase confirmation" OR subject:"payment confirmation" OR subject:"payment receipt" OR subject:"invoice" OR subject:"receipt" OR subject:"your order" OR subject:"order summary" OR subject:"order details" OR subject:"order shipped" OR subject:"order dispatched" OR subject:"shipment confirmation" OR subject:"delivery confirmation" OR subject:"thank you for your purchase" OR subject:"thank you for your order" OR subject:"billing confirmation" OR subject:"transaction receipt" OR subject:"your purchase" OR subject:"אישור הזמנה" OR subject:"אישור רכישה" OR subject:"חשבונית" OR subject:"קבלה" OR subject:"פרטי הזמנה" OR subject:"סיכום הזמנה" OR subject:"ההזמנה שלך" OR subject:"הרכישה שלך" OR subject:"תודה על הזמנתך" OR subject:"תודה על רכישתך" OR subject:"אישור תשלום" OR subject:"אישור עסקה" OR subject:"חשבונית מס" OR subject:"חשבונית עסקה" OR subject:"הזמנתך התקבלה" OR subject:"הרכישה התקבלה" OR subject:"מסמך עסקה" OR subject:"פרטי עסקה" OR subject:"אסמכתא" OR subject:"מספר הזמנה") OR (from:noreply@amazon OR from:order@amazon OR from:shipment-tracking@amazon OR from:auto-confirm@amazon OR from:orders@aliexpress OR from:noreply@aliexpress OR from:ebay@ebay OR from:noreply@ebay OR from:service@paypal OR from:service@intl.paypal.com OR from:receipts@ OR from:orders@ OR from:billing@ OR from:invoice@ OR from:noreply@ OR from:no-reply@ OR from:confirmation@ OR from:support@ OR from:online@ksp.co.il OR from:noreply@ivory.co.il OR from:orders@bug.co.il OR from:noreply@zap.co.il OR from:noreply@superspharm.co.il OR from:noreply@shufersal.co.il OR from:noreply@rami-levy.co.il OR from:orders@terminalx.com OR from:noreply@adika.com OR from:noreply@golf.co.il OR from:noreply@factory54.co.il OR from:orders@shein.com OR from:noreply@Castro.co.il OR from:noreply@renuar.co.il OR from:noreply@HOmydesign.com OR from:noreply@ace.co.il OR from:noreply@ikea.com OR from:info@terminalx.com))
Total messages found: 100
[2026-06-02 02:16:12] 🔄 Processing message 1: 19e84ab54948e596
[2026-06-02 02:16:12] 📊 Subject: Your two-factor sign in code
   From: noreply@acct-auth.epicgames.com
   Sender score: 20/40
   Content score: 45/100
   Combined confidence: 47%
   Signals: order_number_pattern, item_list_found, shipping_signal
[2026-06-02 02:19:20] [2026-06-02 02:19:20] ===== START SYNC =====
Query: ((subject:"order confirmation" OR subject:"order receipt" OR subject:"purchase confirmation" OR subject:"payment confirmation" OR subject:"payment receipt" OR subject:"invoice" OR subject:"receipt" OR subject:"your order" OR subject:"order summary" OR subject:"order details" OR subject:"order shipped" OR subject:"order dispatched" OR subject:"shipment confirmation" OR subject:"delivery confirmation" OR subject:"thank you for your purchase" OR subject:"thank you for your order" OR subject:"billing confirmation" OR subject:"transaction receipt" OR subject:"your purchase" OR subject:"אישור הזמנה" OR subject:"אישור רכישה" OR subject:"חשבונית" OR subject:"קבלה" OR subject:"פרטי הזמנה" OR subject:"סיכום הזמנה" OR subject:"ההזמנה שלך" OR subject:"הרכישה שלך" OR subject:"תודה על הזמנתך" OR subject:"תודה על רכישתך" OR subject:"אישור תשלום" OR subject:"אישור עסקה" OR subject:"חשבונית מס" OR subject:"חשבונית עסקה" OR subject:"הזמנתך התקבלה" OR subject:"הרכישה התקבלה" OR subject:"מסמך עסקה" OR subject:"פרטי עסקה" OR subject:"אסמכתא" OR subject:"מספר הזמנה") OR (from:noreply@amazon OR from:order@amazon OR from:shipment-tracking@amazon OR from:auto-confirm@amazon OR from:orders@aliexpress OR from:noreply@aliexpress OR from:ebay@ebay OR from:noreply@ebay OR from:service@paypal OR from:service@intl.paypal.com OR from:receipts@ OR from:orders@ OR from:billing@ OR from:invoice@ OR from:noreply@ OR from:no-reply@ OR from:confirmation@ OR from:support@ OR from:online@ksp.co.il OR from:noreply@ivory.co.il OR from:orders@bug.co.il OR from:noreply@zap.co.il OR from:noreply@superspharm.co.il OR from:noreply@shufersal.co.il OR from:noreply@rami-levy.co.il OR from:orders@terminalx.com OR from:noreply@adika.com OR from:noreply@golf.co.il OR from:noreply@factory54.co.il OR from:orders@shein.com OR from:noreply@Castro.co.il OR from:noreply@renuar.co.il OR from:noreply@HOmydesign.com OR from:noreply@ace.co.il OR from:noreply@ikea.com OR from:info@terminalx.com))
Total messages found: 100
[2026-06-02 02:19:20] 🔄 Processing message 1: 19e84ab54948e596
[2026-06-02 02:19:20] 📊 Subject: Your two-factor sign in code
   From: noreply@acct-auth.epicgames.com
   Sender score: 20/40
   Content score: 45/100
   Combined confidence: 47%
   Signals: order_number_pattern, item_list_found, shipping_signal
[2026-06-02 02:19:20] 🔧 Parser: MyOrdersVault\Parsers\GenericOrderParser
   Extracted: YES (#-collapse)
[2026-06-02 02:19:20] ✅ WILL SAVE: Your two-factor sign in code - Confidence: 47%
[2026-06-02 02:19:20] ✅ Cleaned order number: -collapse (alphanumeric)
[2026-06-02 02:19:20] 💾 gmail_messages ID: 127
   Order save: SUCCESS (ID: 39)
   Reason: parser_success_confidence_47
   Customer email: none
   Order number valid: YES
[2026-06-02 02:19:20] 🔄 Processing message 2: 19e8454f8c2bfe2d
[2026-06-02 02:19:21] 📊 Subject: Important updates to the Google Ads Terms of Service
   From: google-ads-noreply@google.com
   Sender score: 20/40
   Content score: 10/100
   Combined confidence: 24%
   Signals: item_list_found
[2026-06-02 02:19:21] 🔧 Parser: MyOrdersVault\Parsers\GenericOrderParser
   Extracted: YES (#entity)
[2026-06-02 02:19:21] ✅ WILL SAVE: Important updates to the Google Ads Terms of Service - Confidence: 24%
[2026-06-02 02:19:21] ✅ Cleaned order number: entity (alphanumeric)
[2026-06-02 02:19:21] 💾 gmail_messages ID: 128
   Order save: SUCCESS (ID: 40)
   Reason: parser_success_confidence_24
   Customer email: none
   Order number valid: YES
[2026-06-02 02:19:21] 🔄 Processing message 3: 19e82ea26f8e0ee8
[2026-06-02 02:19:21] 📊 Subject: New login to your xAI account
   From: noreply@x.ai
   Sender score: 20/40
   Content score: 35/100
   Combined confidence: 40%
   Signals: order_number_pattern, item_list_found
[2026-06-02 02:19:21] 🔧 Parser: MyOrdersVault\Parsers\GenericOrderParser
   Extracted: YES (#outlook)
[2026-06-02 02:19:21] ✅ WILL SAVE: New login to your xAI account - Confidence: 40%
[2026-06-02 02:19:21] ✅ Cleaned order number: outlook (alphanumeric)
[2026-06-02 02:19:21] 📧 Extracted customer email: support@x.ai
[2026-06-02 02:19:21] 💾 gmail_messages ID: 129
   Order save: SUCCESS (ID: 41)
   Reason: parser_success_confidence_40
   Customer email: support@x.ai
   Order number valid: YES
[2026-06-02 02:19:21] 🔄 Processing message 4: 19e809380a9a4691
[2026-06-02 02:19:21] 📊 Subject: Security alert
   From: no-reply@accounts.google.com
   Sender score: 20/40
   Content score: 0/100
   Combined confidence: 18%
   Signals:
[2026-06-02 02:19:21] 🔧 Parser: MyOrdersVault\Parsers\GenericOrderParser
   Extracted: YES (#s-app)
[2026-06-02 02:19:21] ✅ WILL SAVE: Security alert - Confidence: 18%
[2026-06-02 02:19:21] ⚠️ Invalid order number: s-app - Does not match any known pattern and length < 6
[2026-06-02 02:19:21] 📧 Extracted customer email: maimonov@gmail.com
[2026-06-02 02:19:21] 💾 gmail_messages ID: 130
   Order save: SUCCESS (ID: 42)
   Reason: parser_success_confidence_18
   Customer email: maimonov@gmail.com
   Order number valid: NO
[2026-06-02 02:19:21] 🔄 Processing message 5: 19e8056a02edc167
[2026-06-02 02:19:22] 📊 Subject: Security alert
   From: no-reply@accounts.google.com
   Sender score: 20/40
   Content score: 0/100
   Combined confidence: 18%
   Signals:
[2026-06-02 02:19:22] 🔧 Parser: MyOrdersVault\Parsers\GenericOrderParser
   Extracted: YES (#s-app)
[2026-06-02 02:19:22] ✅ WILL SAVE: Security alert - Confidence: 18%
[2026-06-02 02:19:22] ⚠️ Invalid order number: s-app - Does not match any known pattern and length < 6
[2026-06-02 02:19:22] 📧 Extracted customer email: maimonov@gmail.com
[2026-06-02 02:19:22] 💾 gmail_messages ID: 131
   Order save: FAILED
   Reason: parser_success_confidence_18
   Customer email: maimonov@gmail.com
   Order number valid: NO
[2026-06-02 02:19:22] 🔄 Processing message 6: 19e7e703c1f2ee53
[2026-06-02 02:19:22] 📊 Subject: Verify Discord Login from New Location
   From: noreply@discord.com
   Sender score: 20/40
   Content score: 25/100
   Combined confidence: 34%
   Signals: order_number_pattern
[2026-06-02 02:19:22] 🔧 Parser: MyOrdersVault\Parsers\GenericOrderParser
   Extracted: YES (#GEN-fa4211afc0)
[2026-06-02 02:19:22] ✅ WILL SAVE: Verify Discord Login from New Location - Confidence: 34%
[2026-06-02 02:19:22] ✅ Cleaned order number: GEN-fa4211afc0 (alphanumeric)
[2026-06-02 02:19:22] 💾 gmail_messages ID: 132
   Order save: SUCCESS (ID: 43)
   Reason: parser_success_confidence_34
   Customer email: none
   Order number valid: YES
[2026-06-02 02:19:22] 🔄 Processing message 7: 19e7e527c9de2b8a
[2026-06-02 02:19:23] 📊 Subject: Security alert
   From: no-reply@accounts.google.com
   Sender score: 20/40
   Content score: 0/100
   Combined confidence: 18%
   Signals:
[2026-06-02 02:19:23] 🔧 Parser: MyOrdersVault\Parsers\GenericOrderParser
   Extracted: YES (#GEN-1f2dfc600d)
[2026-06-02 02:19:23] ✅ WILL SAVE: Security alert - Confidence: 18%
[2026-06-02 02:19:23] ✅ Cleaned order number: GEN-1f2dfc600d (alphanumeric)
[2026-06-02 02:19:23] 📧 Extracted customer email: maimonov@gmail.com
[2026-06-02 02:19:23] 💾 gmail_messages ID: 133
   Order save: SUCCESS (ID: 44)
   Reason: parser_success_confidence_18
   Customer email: maimonov@gmail.com
   Order number valid: YES
[2026-06-02 02:19:23] 🔄 Processing message 8: 19e7e3bbaeb62d40
[2026-06-02 02:19:23] 📊 Subject: Coupon Pack received!
   From: no-reply@kucoin.com
   Sender score: 20/40
   Content score: 35/100
   Combined confidence: 40%
   Signals: order_number_pattern, item_list_found
[2026-06-02 02:19:23] 🔧 Parser: MyOrdersVault\Parsers\GenericOrderParser
   Extracted: YES (#outlook)
[2026-06-02 02:19:23] ✅ WILL SAVE: Coupon Pack received! - Confidence: 40%
[2026-06-02 02:19:23] ✅ Cleaned order number: outlook (alphanumeric)
[2026-06-02 02:19:23] 💾 gmail_messages ID: 134
   Order save: FAILED
   Reason: parser_success_confidence_40
   Customer email: none
   Order number valid: YES
[2026-06-02 02:19:23] 🔄 Processing message 9: 19e7c98a96c85bb6
[2026-06-02 02:19:23] 📊 Subject: כדי לשפר את ביצועי המודעות, דרושה רק בדיקה אחת
   From: advertise-noreply@global.metamail.com
   Sender score: 20/40
   Content score: 0/100
   Combined confidence: 18%
   Signals:
[2026-06-02 02:19:23] 🔧 Parser: MyOrdersVault\Parsers\GenericOrderParser
   Extracted: YES (#GEN-ca72358e02)
[2026-06-02 02:19:23] ✅ WILL SAVE: כדי לשפר את ביצועי המודעות, דרושה רק בדיקה אחת - Confidence: 18%
[2026-06-02 02:19:23] ✅ Cleaned order number: GEN-ca72358e02 (alphanumeric)
[2026-06-02 02:19:23] 📧 Extracted customer email: maimonov@gmail.com
[2026-06-02 02:19:23] 💾 gmail_messages ID: 135
   Order save: SUCCESS (ID: 45)
   Reason: parser_success_confidence_18
   Customer email: maimonov@gmail.com
   Order number valid: YES
[2026-06-02 02:19:23] 🔄 Processing message 10: 19e786734727221a
[2026-06-02 02:19:24] 📊 Subject: Your Futures Trial Funds Have Expired
   From: no-reply@kucoin.com
   Sender score: 20/40
   Content score: 35/100
   Combined confidence: 40%
   Signals: order_number_pattern, item_list_found
[2026-06-02 02:19:24] 🔧 Parser: MyOrdersVault\Parsers\GenericOrderParser
   Extracted: YES (#outlook)
[2026-06-02 02:19:24] ✅ WILL SAVE: Your Futures Trial Funds Have Expired - Confidence: 40%
[2026-06-02 02:19:24] ✅ Cleaned order number: outlook (alphanumeric)
[2026-06-02 02:19:24] 💾 gmail_messages ID: 136
   Order save: FAILED
   Reason: parser_success_confidence_40
   Customer email: none
   Order number valid: YES
[2026-06-02 02:19:24] 🔄 Processing message 11: 19e777a1a094ec3f
[2026-06-02 02:19:24] 📊 Subject: הדרך הקצרה ליצירת מודעות נוספות ולהשגת תוצאות מרביות
   From: advertise-noreply@global.metamail.com
   Sender score: 20/40
   Content score: 35/100
   Combined confidence: 40%
   Signals: order_number_pattern, item_list_found
[2026-06-02 02:19:24] 🔧 Parser: MyOrdersVault\Parsers\GenericOrderParser
   Extracted: YES (#video-tutorials)
[2026-06-02 02:19:24] ✅ WILL SAVE: הדרך הקצרה ליצירת מודעות נוספות ולהשגת תוצאות מרביות - Confidence: 40%
[2026-06-02 02:19:24] ✅ Cleaned order number: video-tutorials (alphanumeric)
[2026-06-02 02:19:24] 💾 gmail_messages ID: 137
   Order save: SUCCESS (ID: 46)
   Reason: parser_success_confidence_40
   Customer email: none
   Order number valid: YES
[2026-06-02 02:19:24] 🔄 Processing message 12: 19e6f8d5f235cf69
[2026-06-02 02:19:24] 📊 Subject: מנורה מבטחים פנסיה וגמל - הדו"ח הרבעוני שלך כבר כאן!
   From: noreply@iw.menoramivt.co.il
   Sender score: 20/40
   Content score: 0/100
   Combined confidence: 18%
   Signals:
[2026-06-02 02:19:24] 🔧 Parser: MyOrdersVault\Parsers\GenericOrderParser
   Extracted: YES (#GEN-e8c2414ed5)
[2026-06-02 02:19:24] ✅ WILL SAVE: מנורה מבטחים פנסיה וגמל - הדו"ח הרבעוני שלך כבר כאן! - Confidence: 18%
[2026-06-02 02:19:24] ✅ Cleaned order number: GEN-e8c2414ed5 (alphanumeric)
[2026-06-02 02:19:24] 💾 gmail_messages ID: 138
   Order save: SUCCESS (ID: 47)
   Reason: parser_success_confidence_18
   Customer email: none
   Order number valid: YES
[2026-06-02 02:19:24] 🔄 Processing message 13: 19e6c9c31682a901
[2026-06-02 02:19:25] 📊 Subject: תזכורת לחידוש דומיין nadlanisteam.co.il
   From: noreply@box.co.il
   Sender score: 20/40
   Content score: 35/100
   Combined confidence: 40%
   Signals: order_number_pattern, item_list_found
[2026-06-02 02:19:25] 🔧 Parser: MyOrdersVault\Parsers\GenericOrderParser
   Extracted: YES (#outlook)
[2026-06-02 02:19:25] ✅ WILL SAVE: תזכורת לחידוש דומיין nadlanisteam.co.il - Confidence: 40%
[2026-06-02 02:19:25] ✅ Cleaned order number: outlook (alphanumeric)
[2026-06-02 02:19:25] 💾 gmail_messages ID: 139
   Order save: FAILED
   Reason: parser_success_confidence_40
   Customer email: none
   Order number valid: YES
[2026-06-02 02:19:25] 🔄 Processing message 14: 19e6b7f7d8883d5d
[2026-06-02 02:19:25] 📊 Subject: You have codespaces that are about to be deleted
   From: noreply@github.com
   Sender score: 20/40
   Content score: 0/100
   Combined confidence: 18%
   Signals:
[2026-06-02 02:19:25] 🔧 Parser: MyOrdersVault\Parsers\GenericOrderParser
   Extracted: YES (#GEN-4f07326ce8)
[2026-06-02 02:19:25] ✅ WILL SAVE: You have codespaces that are about to be deleted - Confidence: 18%
[2026-06-02 02:19:25] ✅ Cleaned order number: GEN-4f07326ce8 (alphanumeric)
[2026-06-02 02:19:25] 💾 gmail_messages ID: 140
   Order save: SUCCESS (ID: 48)
   Reason: parser_success_confidence_18
   Customer email: none
   Order number valid: YES
[2026-06-02 02:19:25] 🔄 Processing message 15: 19e650d9e8de6b64
[2026-06-02 02:19:25] 📊 Subject: Software Engineer: Apple and Cisco are hiring
   From: messages-noreply@linkedin.com
   Sender score: 20/40
   Content score: 25/100
   Combined confidence: 34%
   Signals: order_number_pattern
[2026-06-02 02:19:25] 🔧 Parser: MyOrdersVault\Parsers\GenericOrderParser
   Extracted: YES (#Token)
[2026-06-02 02:19:25] ✅ WILL SAVE: Software Engineer: Apple and Cisco are hiring - Confidence: 34%
[2026-06-02 02:19:25] ⚠️ Invalid order number: Token - Does not match any known pattern and length < 6
[2026-06-02 02:19:25] 💾 gmail_messages ID: 141
   Order save: SUCCESS (ID: 49)
   Reason: parser_success_confidence_34
   Customer email: none
   Order number valid: NO
[2026-06-02 02:19:25] 🔄 Processing message 16: 19e64f4d7d5ecad6
[2026-06-02 02:19:26] 📊 Subject: You can now import anything into Base44
   From: no-reply@marketing.base44.com
   Sender score: 20/40
   Content score: 35/100
   Combined confidence: 40%
   Signals: order_number_pattern, item_list_found
[2026-06-02 02:19:26] 🔧 Parser: MyOrdersVault\Parsers\GenericOrderParser
   Extracted: YES (#sMrGeqnLe8qwFQt3xUXj)
[2026-06-02 02:19:26] ✅ WILL SAVE: You can now import anything into Base44 - Confidence: 40%
[2026-06-02 02:19:26] ✅ Cleaned order number: sMrGeqnLe8qwFQt3xUXj (alphanumeric)
[2026-06-02 02:19:26] 💾 gmail_messages ID: 142
   Order save: SUCCESS (ID: 50)
   Reason: parser_success_confidence_40
   Customer email: none
   Order number valid: YES
[2026-06-02 02:19:26] 🔄 Processing message 17: 19e63dd183c6fe5d
[2026-06-02 02:19:26] 📊 Subject: Your review reached 100 views 📝
   From: google-maps-noreply@google.com
   Sender score: 20/40
   Content score: 10/100
   Combined confidence: 24%
   Signals: item_list_found
[2026-06-02 02:19:26] 🔧 Parser: MyOrdersVault\Parsers\GenericOrderParser
   Extracted: YES (#GEN-1e50da6714)
[2026-06-02 02:19:26] ✅ WILL SAVE: Your review reached 100 views 📝 - Confidence: 24%
[2026-06-02 02:19:26] ✅ Cleaned order number: GEN-1e50da6714 (alphanumeric)
[2026-06-02 02:19:26] 💾 gmail_messages ID: 143
   Order save: SUCCESS (ID: 51)
   Reason: parser_success_confidence_24
   Customer email: none
   Order number valid: YES
[2026-06-02 02:19:26] 🔄 Processing message 18: 19e62dd05e91b0b8
[2026-06-02 02:19:26] 📊 Subject: ‫Google Ads: תזכורת רבעונית לגבי התנאים והמדיניות של Google Ads
   From: ads-account-noreply@google.com
   Sender score: 20/40
   Content score: 0/100
   Combined confidence: 18%
   Signals:
[2026-06-02 02:19:26] 🔧 Parser: MyOrdersVault\Parsers\GenericOrderParser
   Extracted: YES (#elines)
[2026-06-02 02:19:26] ✅ WILL SAVE: ‫Google Ads: תזכורת רבעונית לגבי התנאים והמדיניות של Google Ads - Confidence: 18%
[2026-06-02 02:19:26] ✅ Cleaned order number: elines (alphanumeric)
[2026-06-02 02:19:26] 💾 gmail_messages ID: 144
   Order save: SUCCESS (ID: 52)
   Reason: parser_success_confidence_18
   Customer email: none
   Order number valid: YES
[2026-06-02 02:19:26] 🔄 Processing message 19: 19e6250639a1c59d
[2026-06-02 02:19:27] 📊 Subject: תזכורת לחידוש דומיין goldenevents.co.il
   From: noreply@box.co.il
   Sender score: 20/40
   Content score: 35/100
   Combined confidence: 40%
   Signals: order_number_pattern, item_list_found
[2026-06-02 02:19:27] 🔧 Parser: MyOrdersVault\Parsers\GenericOrderParser
   Extracted: YES (#outlook)
[2026-06-02 02:19:27] ✅ WILL SAVE: תזכורת לחידוש דומיין goldenevents.co.il - Confidence: 40%
[2026-06-02 02:19:27] ✅ Cleaned order number: outlook (alphanumeric)
[2026-06-02 02:19:27] 💾 gmail_messages ID: 145
   Order save: FAILED
   Reason: parser_success_confidence_40
   Customer email: none
   Order number valid: YES
[2026-06-02 02:19:27] 🔄 Processing message 20: 19e601732922f71e
[2026-06-02 02:19:27] 📊 Subject: Shark Tank winners, Reddit's first sprint, and Amsterdam calling
   From: no-reply@marketing.base44.com
   Sender score: 20/40
   Content score: 35/100
   Combined confidence: 40%
   Signals: order_number_pattern, item_list_found
[2026-06-02 02:19:27] 🔧 Parser: MyOrdersVault\Parsers\GenericOrderParser
   Extracted: YES (#ence)
[2026-06-02 02:19:27] ✅ WILL SAVE: Shark Tank winners, Reddit's first sprint, and Amsterdam calling - Confidence: 40%
[2026-06-02 02:19:27] ⚠️ Invalid order number: ence - Does not match any known pattern and length < 6
[2026-06-02 02:19:27] 💾 gmail_messages ID: 146
   Order save: SUCCESS (ID: 53)
   Reason: parser_success_confidence_40
   Customer email: none
   Order number valid: NO
[2026-06-02 02:19:27] 🔄 Processing message 21: 19e54580b8380f9b
[2026-06-02 02:19:27] 📊 Subject: Coupon Pack received!
   From: no-reply@kucoin.com
   Sender score: 20/40
   Content score: 35/100
   Combined confidence: 40%
   Signals: order_number_pattern, item_list_found
[2026-06-02 02:19:27] 🔧 Parser: MyOrdersVault\Parsers\GenericOrderParser
   Extracted: YES (#outlook)
[2026-06-02 02:19:27] ✅ WILL SAVE: Coupon Pack received! - Confidence: 40%
[2026-06-02 02:19:27] ✅ Cleaned order number: outlook (alphanumeric)
[2026-06-02 02:19:27] 💾 gmail_messages ID: 147
   Order save: FAILED
   Reason: parser_success_confidence_40
   Customer email: none
   Order number valid: YES
[2026-06-02 02:19:27] 🔄 Processing message 22: 19e5074408aed0c8
[2026-06-02 02:19:28] 📊 Subject: Software Engineer: Microsoft and Meta hired roles near you
   From: messages-noreply@linkedin.com
   Sender score: 20/40
   Content score: 0/100
   Combined confidence: 18%
   Signals:
[2026-06-02 02:19:28] 🔧 Parser: MyOrdersVault\Parsers\GenericOrderParser
   Extracted: YES (#Token)
[2026-06-02 02:19:28] ✅ WILL SAVE: Software Engineer: Microsoft and Meta hired roles near you - Confidence: 18%
[2026-06-02 02:19:28] ⚠️ Invalid order number: Token - Does not match any known pattern and length < 6
[2026-06-02 02:19:28] 💾 gmail_messages ID: 148
   Order save: FAILED
   Reason: parser_success_confidence_18
   Customer email: none
   Order number valid: NO
[2026-06-02 02:19:28] 🔄 Processing message 23: 19e4f3268961c24e
[2026-06-02 02:19:28] 📊 Subject: Your Futures Trial Funds Have Expired
   From: no-reply@kucoin.com
   Sender score: 20/40
   Content score: 35/100
   Combined confidence: 40%
   Signals: order_number_pattern, item_list_found
[2026-06-02 02:19:28] 🔧 Parser: MyOrdersVault\Parsers\GenericOrderParser
   Extracted: YES (#outlook)
[2026-06-02 02:19:28] ✅ WILL SAVE: Your Futures Trial Funds Have Expired - Confidence: 40%
[2026-06-02 02:19:28] ✅ Cleaned order number: outlook (alphanumeric)
[2026-06-02 02:19:28] 💾 gmail_messages ID: 149
   Order save: FAILED
   Reason: parser_success_confidence_40
   Customer email: none
   Order number valid: YES
[2026-06-02 02:19:28] 🔄 Processing message 24: 19e4db522c0aaebf
[2026-06-02 02:19:28] 📊 Subject: תזכורת לחידוש דומיין nadlanisteam.co.il
   From: noreply@box.co.il
   Sender score: 20/40
   Content score: 35/100
   Combined confidence: 40%
   Signals: order_number_pattern, item_list_found
[2026-06-02 02:19:28] 🔧 Parser: MyOrdersVault\Parsers\GenericOrderParser
   Extracted: YES (#outlook)
[2026-06-02 02:19:28] ✅ WILL SAVE: תזכורת לחידוש דומיין nadlanisteam.co.il - Confidence: 40%
[2026-06-02 02:19:28] ✅ Cleaned order number: outlook (alphanumeric)
[2026-06-02 02:19:28] 💾 gmail_messages ID: 150
   Order save: FAILED
   Reason: parser_success_confidence_40
   Customer email: none
   Order number valid: YES
[2026-06-02 02:19:28] 🔄 Processing message 25: 19e4c73302096ed7
[2026-06-02 02:19:28] 📊 Subject: Your Epic Games Receipt
   From: help@acct.epicgames.com
   Sender score: 0/40
   Content score: 10/100
   Combined confidence: 7%
   Signals: subject_keyword
[2026-06-02 02:19:28] ⏭️ Confidence 7% < 10%, skipping
[2026-06-02 02:19:28] 🔄 Processing message 26: 19e4c72d3245f638
[2026-06-02 02:19:29] 📊 Subject: Receipt for Your Payment to Epic Games Commerce...
   From: service@paypal.co.il
   Sender score: 20/40
   Content score: 80/100
   Combined confidence: 70%
   Signals: order_number_pattern, amount_found, english_purchase_phrase, item_list_found, subject_keyword
[2026-06-02 02:19:29] 🔧 Parser: MyOrdersVault\Parsers\PayPalParser
   Extracted: YES (#for)
[2026-06-02 02:19:29] ✅ WILL SAVE: Receipt for Your Payment to Epic Games Commerce... - Confidence: 70%
[2026-06-02 02:19:29] ⚠️ Invalid order number: for - Does not match any known pattern and length < 6
[2026-06-02 02:19:29] 📧 Extracted customer email: help@epicgames.com
[2026-06-02 02:19:29] 💾 gmail_messages ID: 151
   Order save: SUCCESS (ID: 54)
   Reason: parser_success_confidence_70
   Customer email: help@epicgames.com
   Order number valid: NO
[2026-06-02 02:19:29] 🔄 Processing message 27: 19e4b04f74978f0d
[2026-06-02 02:19:29] 📊 Subject: Security alert for omeronov@gmail.com
   From: no-reply@accounts.google.com
   Sender score: 20/40
   Content score: 0/100
   Combined confidence: 18%
   Signals:
[2026-06-02 02:19:29] 🔧 Parser: MyOrdersVault\Parsers\GenericOrderParser
   Extracted: YES (#GEN-20bce04127)
[2026-06-02 02:19:29] ✅ WILL SAVE: Security alert for omeronov@gmail.com - Confidence: 18%
[2026-06-02 02:19:29] ✅ Cleaned order number: GEN-20bce04127 (alphanumeric)
[2026-06-02 02:19:29] 📧 Extracted customer email: omeronov@gmail.com
[2026-06-02 02:19:29] 💾 gmail_messages ID: 152
   Order save: SUCCESS (ID: 55)
   Reason: parser_success_confidence_18
   Customer email: omeronov@gmail.com
   Order number valid: YES
[2026-06-02 02:19:29] 🔄 Processing message 28: 19e4801a5c5c9bcf
[2026-06-02 02:19:29] 📊 Subject: איך להנחות את ה-AI: צפייה בוובינר המוקלט
   From: advertise-noreply@global.metamail.com
   Sender score: 20/40
   Content score: 35/100
   Combined confidence: 40%
   Signals: order_number_pattern, item_list_found
[2026-06-02 02:19:29] 🔧 Parser: MyOrdersVault\Parsers\GenericOrderParser
   Extracted: YES (#GEN-f878fc8030)
[2026-06-02 02:19:29] ✅ WILL SAVE: איך להנחות את ה-AI: צפייה בוובינר המוקלט - Confidence: 40%
[2026-06-02 02:19:29] ✅ Cleaned order number: GEN-f878fc8030 (alphanumeric)
[2026-06-02 02:19:29] 💾 gmail_messages ID: 153
   Order save: SUCCESS (ID: 56)
   Reason: parser_success_confidence_40
   Customer email: none
   Order number valid: YES
[2026-06-02 02:19:29] 🔄 Processing message 29: 19e45c6e7ae04c74
[2026-06-02 02:19:30] 📊 Subject: Share request for "my-orders-tracker.zip"
   From: drive-shares-dm-noreply@google.com
   Sender score: 20/40
   Content score: 20/100
   Combined confidence: 31%
   Signals: item_list_found, subject_keyword
[2026-06-02 02:19:30] 🔧 Parser: MyOrdersVault\Parsers\GenericOrderParser
   Extracted: YES (#s-tracker)
[2026-06-02 02:19:30] ✅ WILL SAVE: Share request for "my-orders-tracker.zip" - Confidence: 31%
[2026-06-02 02:19:30] ✅ Cleaned order number: s-tracker (alphanumeric)
[2026-06-02 02:19:30] 📧 Extracted customer email: elirankobby@gmail.com
[2026-06-02 02:19:30] 💾 gmail_messages ID: 154
   Order save: SUCCESS (ID: 57)
   Reason: parser_success_confidence_31
   Customer email: elirankobby@gmail.com
   Order number valid: YES
[2026-06-02 02:19:30] 🔄 Processing message 30: 19e4584876f99b42
[2026-06-02 02:19:30] 📊 Subject: מ.מ אגר פרוייקטים, make sure your Business Profile is up to date
   From: businessprofile-noreply@google.com
   Sender score: 20/40
   Content score: 10/100
   Combined confidence: 24%
   Signals: item_list_found
[2026-06-02 02:19:30] 🔧 Parser: MyOrdersVault\Parsers\GenericOrderParser
   Extracted: YES (#rbRuop4TaMuDoqJtUcbC)
[2026-06-02 02:19:30] ✅ WILL SAVE: מ.מ אגר פרוייקטים, make sure your Business Profile is up to date - Confidence: 24%
[2026-06-02 02:19:30] ✅ Cleaned order number: rbRuop4TaMuDoqJtUcbC (alphanumeric)
[2026-06-02 02:19:30] 💾 gmail_messages ID: 155
   Order save: SUCCESS (ID: 58)
   Reason: parser_success_confidence_24
   Customer email: none
   Order number valid: YES
[2026-06-02 02:19:30] 🔄 Processing message 31: 19e457bdeffc4783
[2026-06-02 02:19:30] 📊 Subject: New competition, new tools, and a community milestone
   From: no-reply@marketing.base44.com
   Sender score: 20/40
   Content score: 35/100
   Combined confidence: 40%
   Signals: order_number_pattern, item_list_found
[2026-06-02 02:19:30] 🔧 Parser: MyOrdersVault\Parsers\GenericOrderParser
   Extracted: YES (#setting-up-an-ai-age)
[2026-06-02 02:19:30] ✅ WILL SAVE: New competition, new tools, and a community milestone - Confidence: 40%
[2026-06-02 02:19:30] ✅ Cleaned order number: setting-up-an-ai-age (alphanumeric)
[2026-06-02 02:19:30] 💾 gmail_messages ID: 156
   Order save: SUCCESS (ID: 59)
   Reason: parser_success_confidence_40
   Customer email: none
   Order number valid: YES
[2026-06-02 02:19:30] 🔄 Processing message 32: 19e43db807b9bc2d
[2026-06-02 02:19:31] 📊 Subject: שינוי DNS לדומיין mamaroni.co.il
   From: noreply@box.co.il
   Sender score: 20/40
   Content score: 35/100
   Combined confidence: 40%
   Signals: order_number_pattern, item_list_found
[2026-06-02 02:19:31] 🔧 Parser: MyOrdersVault\Parsers\GenericOrderParser
   Extracted: YES (#outlook)
[2026-06-02 02:19:31] ✅ WILL SAVE: שינוי DNS לדומיין mamaroni.co.il - Confidence: 40%
[2026-06-02 02:19:31] ✅ Cleaned order number: outlook (alphanumeric)
[2026-06-02 02:19:31] 💾 gmail_messages ID: 157
   Order save: FAILED
   Reason: parser_success_confidence_40
   Customer email: none
   Order number valid: YES
[2026-06-02 02:19:31] 🔄 Processing message 33: 19e43d57a0b0be03
[2026-06-02 02:19:31] 📊 Subject: שינוי DNS לדומיין mamaroni.co.il
   From: noreply@box.co.il
   Sender score: 20/40
   Content score: 35/100
   Combined confidence: 40%
   Signals: order_number_pattern, item_list_found
[2026-06-02 02:19:31] 🔧 Parser: MyOrdersVault\Parsers\GenericOrderParser
   Extracted: YES (#outlook)
[2026-06-02 02:19:31] ✅ WILL SAVE: שינוי DNS לדומיין mamaroni.co.il - Confidence: 40%
[2026-06-02 02:19:31] ✅ Cleaned order number: outlook (alphanumeric)
[2026-06-02 02:19:31] 💾 gmail_messages ID: 158
   Order save: FAILED
   Reason: parser_success_confidence_40
   Customer email: none
   Order number valid: YES
[2026-06-02 02:19:31] 🔄 Processing message 34: 19e436cab76c3c80
[2026-06-02 02:19:31] 📊 Subject: תזכורת לחידוש דומיין goldenevents.co.il
   From: noreply@box.co.il
   Sender score: 20/40
   Content score: 35/100
   Combined confidence: 40%
   Signals: order_number_pattern, item_list_found
[2026-06-02 02:19:31] 🔧 Parser: MyOrdersVault\Parsers\GenericOrderParser
   Extracted: YES (#outlook)
[2026-06-02 02:19:31] ✅ WILL SAVE: תזכורת לחידוש דומיין goldenevents.co.il - Confidence: 40%
[2026-06-02 02:19:31] ✅ Cleaned order number: outlook (alphanumeric)
[2026-06-02 02:19:31] 💾 gmail_messages ID: 159
   Order save: FAILED
   Reason: parser_success_confidence_40
   Customer email: none
   Order number valid: YES
[2026-06-02 02:19:31] 🔄 Processing message 35: 19e4349d0c38105a
[2026-06-02 02:19:31] 📊 Subject: שינוי DNS לדומיין mamaroni.co.il
   From: noreply@box.co.il
   Sender score: 20/40
   Content score: 35/100
   Combined confidence: 40%
   Signals: order_number_pattern, item_list_found
[2026-06-02 02:19:31] 🔧 Parser: MyOrdersVault\Parsers\GenericOrderParser
   Extracted: YES (#outlook)
[2026-06-02 02:19:31] ✅ WILL SAVE: שינוי DNS לדומיין mamaroni.co.il - Confidence: 40%
[2026-06-02 02:19:31] ✅ Cleaned order number: outlook (alphanumeric)
[2026-06-02 02:19:31] 💾 gmail_messages ID: 160
   Order save: FAILED
   Reason: parser_success_confidence_40
   Customer email: none
   Order number valid: YES
[2026-06-02 02:19:31] 🔄 Processing message 36: 19e4345dff55eb19
[2026-06-02 02:19:32] 📊 Subject: שינוי DNS לדומיין mamaroni.co.il
   From: noreply@box.co.il
   Sender score: 20/40
   Content score: 35/100
   Combined confidence: 40%
   Signals: order_number_pattern, item_list_found
[2026-06-02 02:19:32] 🔧 Parser: MyOrdersVault\Parsers\GenericOrderParser
   Extracted: YES (#outlook)
[2026-06-02 02:19:32] ✅ WILL SAVE: שינוי DNS לדומיין mamaroni.co.il - Confidence: 40%
[2026-06-02 02:19:32] ✅ Cleaned order number: outlook (alphanumeric)
[2026-06-02 02:19:32] 💾 gmail_messages ID: 161
   Order save: FAILED
   Reason: parser_success_confidence_40
   Customer email: none
   Order number valid: YES
[2026-06-02 02:19:32] 🔄 Processing message 37: 19e4344a202252f3
[2026-06-02 02:19:32] 📊 Subject: שינוי DNS לדומיין mamaroni.co.il
   From: noreply@box.co.il
   Sender score: 20/40
   Content score: 35/100
   Combined confidence: 40%
   Signals: order_number_pattern, item_list_found
[2026-06-02 02:19:32] 🔧 Parser: MyOrdersVault\Parsers\GenericOrderParser
   Extracted: YES (#outlook)
[2026-06-02 02:19:32] ✅ WILL SAVE: שינוי DNS לדומיין mamaroni.co.il - Confidence: 40%
[2026-06-02 02:19:32] ✅ Cleaned order number: outlook (alphanumeric)
[2026-06-02 02:19:32] 💾 gmail_messages ID: 162
   Order save: FAILED
   Reason: parser_success_confidence_40
   Customer email: none
   Order number valid: YES
[2026-06-02 02:19:32] 🔄 Processing message 38: 19e4207115212d46
[2026-06-02 02:19:32] 📊 Subject: [GitHub] Cursor is requesting updated permissions
   From: noreply@github.com
   Sender score: 20/40
   Content score: 25/100
   Combined confidence: 34%
   Signals: order_number_pattern
[2026-06-02 02:19:32] 🔧 Parser: MyOrdersVault\Parsers\GenericOrderParser
   Extracted: YES (#GEN-c5a02bd9ea)
[2026-06-02 02:19:32] ✅ WILL SAVE: [GitHub] Cursor is requesting updated permissions - Confidence: 34%
[2026-06-02 02:19:32] ✅ Cleaned order number: GEN-c5a02bd9ea (alphanumeric)
[2026-06-02 02:19:32] 💾 gmail_messages ID: 163
   Order save: SUCCESS (ID: 60)
   Reason: parser_success_confidence_34
   Customer email: none
   Order number valid: YES
[2026-06-02 02:19:32] 🔄 Processing message 39: 19e41a84ea542c21
[2026-06-02 02:19:33] 📊 Subject: שינוי DNS לדומיין mamaroni.co.il
   From: noreply@box.co.il
   Sender score: 20/40
   Content score: 35/100
   Combined confidence: 40%
   Signals: order_number_pattern, item_list_found
[2026-06-02 02:19:33] 🔧 Parser: MyOrdersVault\Parsers\GenericOrderParser
   Extracted: YES (#outlook)
[2026-06-02 02:19:33] ✅ WILL SAVE: שינוי DNS לדומיין mamaroni.co.il - Confidence: 40%
[2026-06-02 02:19:33] ✅ Cleaned order number: outlook (alphanumeric)
[2026-06-02 02:19:33] 💾 gmail_messages ID: 164
   Order save: FAILED
   Reason: parser_success_confidence_40
   Customer email: none
   Order number valid: YES
[2026-06-02 02:19:33] 🔄 Processing message 40: 19e41039e78742d3
[2026-06-02 02:19:33] 📊 Subject: Security alert
   From: no-reply@accounts.google.com
   Sender score: 20/40
   Content score: 0/100
   Combined confidence: 18%
   Signals:
[2026-06-02 02:19:33] 🔧 Parser: MyOrdersVault\Parsers\GenericOrderParser
   Extracted: YES (#GEN-df84ebcd0b)
[2026-06-02 02:19:33] ✅ WILL SAVE: Security alert - Confidence: 18%
[2026-06-02 02:19:33] ✅ Cleaned order number: GEN-df84ebcd0b (alphanumeric)
[2026-06-02 02:19:33] 📧 Extracted customer email: maimonov@gmail.com
[2026-06-02 02:19:33] 💾 gmail_messages ID: 165
   Order save: SUCCESS (ID: 61)
   Reason: parser_success_confidence_18
   Customer email: maimonov@gmail.com
   Order number valid: YES
[2026-06-02 02:19:33] 🔄 Processing message 41: 19e41012e6600637
[2026-06-02 02:19:33] 📊 Subject: Software Engineer: Regulus and proteanTecs are hiring
   From: messages-noreply@linkedin.com
   Sender score: 20/40
   Content score: 25/100
   Combined confidence: 34%
   Signals: order_number_pattern
[2026-06-02 02:19:33] 🔧 Parser: MyOrdersVault\Parsers\GenericOrderParser
   Extracted: YES (#Token)
[2026-06-02 02:19:33] ✅ WILL SAVE: Software Engineer: Regulus and proteanTecs are hiring - Confidence: 34%
[2026-06-02 02:19:33] ⚠️ Invalid order number: Token - Does not match any known pattern and length < 6
[2026-06-02 02:19:33] 💾 gmail_messages ID: 166
   Order save: FAILED
   Reason: parser_success_confidence_34
   Customer email: none
   Order number valid: NO
[2026-06-02 02:19:33] 🔄 Processing message 42: 19e40e1f486cb856
[2026-06-02 02:19:33] 📊 Subject: Security alert
   From: no-reply@accounts.google.com
   Sender score: 20/40
   Content score: 0/100
   Combined confidence: 18%
   Signals:
[2026-06-02 02:19:33] 🔧 Parser: MyOrdersVault\Parsers\GenericOrderParser
   Extracted: YES (#GEN-df84ebcd0b)
[2026-06-02 02:19:33] ✅ WILL SAVE: Security alert - Confidence: 18%
[2026-06-02 02:19:33] ✅ Cleaned order number: GEN-df84ebcd0b (alphanumeric)
[2026-06-02 02:19:33] 📧 Extracted customer email: maimonov@gmail.com
[2026-06-02 02:19:33] 💾 gmail_messages ID: 167
   Order save: FAILED
   Reason: parser_success_confidence_18
   Customer email: maimonov@gmail.com
   Order number valid: YES
[2026-06-02 02:19:33] 🔄 Processing message 43: 19e3ed106bec1b81
[2026-06-02 02:19:34] 📊 Subject: זה הזמן להכין את התשתית לקמפיין הבא שלך
   From: advertise-noreply@global.metamail.com
   Sender score: 20/40
   Content score: 35/100
   Combined confidence: 40%
   Signals: order_number_pattern, item_list_found
[2026-06-02 02:19:34] 🔧 Parser: MyOrdersVault\Parsers\GenericOrderParser
   Extracted: YES (#GEN-f3ba371bc0)
[2026-06-02 02:19:34] ✅ WILL SAVE: זה הזמן להכין את התשתית לקמפיין הבא שלך - Confidence: 40%
[2026-06-02 02:19:34] ✅ Cleaned order number: GEN-f3ba371bc0 (alphanumeric)
[2026-06-02 02:19:34] 💾 gmail_messages ID: 168
   Order save: SUCCESS (ID: 62)
   Reason: parser_success_confidence_40
   Customer email: none
   Order number valid: YES
[2026-06-02 02:19:34] 🔄 Processing message 44: 19e3c4f2739e14fd
[2026-06-02 02:19:34] 📊 Subject: 44K Discord builders. 5 Sharks. Big week.
   From: no-reply@marketing.base44.com
   Sender score: 20/40
   Content score: 35/100
   Combined confidence: 40%
   Signals: order_number_pattern, item_list_found
[2026-06-02 02:19:34] 🔧 Parser: MyOrdersVault\Parsers\GenericOrderParser
   Extracted: YES (#s-cannes-scroll)
[2026-06-02 02:19:34] ✅ WILL SAVE: 44K Discord builders. 5 Sharks. Big week. - Confidence: 40%
[2026-06-02 02:19:34] ✅ Cleaned order number: s-cannes-scroll (alphanumeric)
[2026-06-02 02:19:34] 💾 gmail_messages ID: 169
   Order save: SUCCESS (ID: 63)
   Reason: parser_success_confidence_40
   Customer email: none
   Order number valid: YES
[2026-06-02 02:19:34] 🔄 Processing message 45: 19e3b8bd073d3b98
[2026-06-02 02:19:34] 📊 Subject: [Billing Update] Notify Accounts Payable of new Google Cloud Marketplace billing documents
   From: CloudPlatform-noreply@google.com
   Sender score: 20/40
   Content score: 10/100
   Combined confidence: 24%
   Signals: subject_keyword
[2026-06-02 02:19:34] 🔧 Parser: MyOrdersVault\Parsers\GenericOrderParser
   Extracted: YES (#GEN-8d77355730)
[2026-06-02 02:19:34] ✅ WILL SAVE: [Billing Update] Notify Accounts Payable of new Google Cloud Marketplace billing documents - Confidence: 24%
[2026-06-02 02:19:34] ✅ Cleaned order number: GEN-8d77355730 (alphanumeric)
[2026-06-02 02:19:34] 💾 gmail_messages ID: 170
   Order save: SUCCESS (ID: 64)
   Reason: parser_success_confidence_24
   Customer email: none
   Order number valid: YES
[2026-06-02 02:19:34] 🔄 Processing message 46: 19e3b640d7571fe6
[2026-06-02 02:19:34] 📊 Subject: Security alert
   From: no-reply@accounts.google.com
   Sender score: 20/40
   Content score: 0/100
   Combined confidence: 18%
   Signals:
[2026-06-02 02:19:34] 🔧 Parser: MyOrdersVault\Parsers\GenericOrderParser
   Extracted: YES (#GEN-5304e05657)
[2026-06-02 02:19:34] ✅ WILL SAVE: Security alert - Confidence: 18%
[2026-06-02 02:19:34] ✅ Cleaned order number: GEN-5304e05657 (alphanumeric)
[2026-06-02 02:19:34] 📧 Extracted customer email: maimonov@gmail.com
[2026-06-02 02:19:34] 💾 gmail_messages ID: 171
   Order save: SUCCESS (ID: 65)
   Reason: parser_success_confidence_18
   Customer email: maimonov@gmail.com
   Order number valid: YES
[2026-06-02 02:19:34] 🔄 Processing message 47: 19e39b152b13d80f
[2026-06-02 02:19:35] 📊 Subject: איך להגדיל את הצעות המחיר לקהלים בעדיפות גבוהה
   From: advertise-noreply@global.metamail.com
   Sender score: 20/40
   Content score: 10/100
   Combined confidence: 24%
   Signals: item_list_found
[2026-06-02 02:19:35] 🔧 Parser: MyOrdersVault\Parsers\GenericOrderParser
   Extracted: YES (#GEN-dfeeae3c75)
[2026-06-02 02:19:35] ✅ WILL SAVE: איך להגדיל את הצעות המחיר לקהלים בעדיפות גבוהה - Confidence: 24%
[2026-06-02 02:19:35] ✅ Cleaned order number: GEN-dfeeae3c75 (alphanumeric)
[2026-06-02 02:19:35] 💾 gmail_messages ID: 172
   Order save: SUCCESS (ID: 66)
   Reason: parser_success_confidence_24
   Customer email: none
   Order number valid: YES
[2026-06-02 02:19:35] 🔄 Processing message 48: 19e331e1c019893e
[2026-06-02 02:19:35] 📊 Subject: Receipt for Your Payment to Google Payment Limit...
   From: service@paypal.co.il
   Sender score: 20/40
   Content score: 80/100
   Combined confidence: 70%
   Signals: order_number_pattern, amount_found, english_purchase_phrase, item_list_found, subject_keyword
[2026-06-02 02:19:35] 🔧 Parser: MyOrdersVault\Parsers\PayPalParser
   Extracted: YES (#for)
[2026-06-02 02:19:35] ✅ WILL SAVE: Receipt for Your Payment to Google Payment Limit... - Confidence: 70%
[2026-06-02 02:19:35] ⚠️ Invalid order number: for - Does not match any known pattern and length < 6
[2026-06-02 02:19:35] 📧 Using from_email as customer email: service@paypal.co.il
[2026-06-02 02:19:35] 💾 gmail_messages ID: 173
   Order save: FAILED
   Reason: parser_success_confidence_70
   Customer email: service@paypal.co.il
   Order number valid: NO
[2026-06-02 02:19:35] 🔄 Processing message 49: 19e2c67d5d1a35b2
[2026-06-02 02:19:35] 📊 Subject: Software Engineer: Check Point Software and Meta hired roles near you
   From: messages-noreply@linkedin.com
   Sender score: 20/40
   Content score: 0/100
   Combined confidence: 18%
   Signals:
[2026-06-02 02:19:35] 🔧 Parser: MyOrdersVault\Parsers\GenericOrderParser
   Extracted: YES (#Token)
[2026-06-02 02:19:35] ✅ WILL SAVE: Software Engineer: Check Point Software and Meta hired roles near you - Confidence: 18%
[2026-06-02 02:19:35] ⚠️ Invalid order number: Token - Does not match any known pattern and length < 6
[2026-06-02 02:19:35] 💾 gmail_messages ID: 174
   Order save: FAILED
   Reason: parser_success_confidence_18
   Customer email: none
   Order number valid: NO
[2026-06-02 02:19:35] 🔄 Processing message 50: 19e2b23d17b83e0a
[2026-06-02 02:19:36] 📊 Subject: Coupon Pack received!
   From: no-reply@kucoin.com
   Sender score: 20/40
   Content score: 35/100
   Combined confidence: 40%
   Signals: order_number_pattern, item_list_found
[2026-06-02 02:19:36] 🔧 Parser: MyOrdersVault\Parsers\GenericOrderParser
   Extracted: YES (#outlook)
[2026-06-02 02:19:36] ✅ WILL SAVE: Coupon Pack received! - Confidence: 40%
[2026-06-02 02:19:36] ✅ Cleaned order number: outlook (alphanumeric)
[2026-06-02 02:19:36] 💾 gmail_messages ID: 175
   Order save: FAILED
   Reason: parser_success_confidence_40
   Customer email: none
   Order number valid: YES
[2026-06-02 02:19:36] 🔄 Processing message 51: 19e29ab1a4c88e8a
[2026-06-02 02:19:36] 📊 Subject: תזכורת לחידוש דומיין nadlanisteam.co.il
   From: noreply@box.co.il
   Sender score: 20/40
   Content score: 35/100
   Combined confidence: 40%
   Signals: order_number_pattern, item_list_found
[2026-06-02 02:19:36] 🔧 Parser: MyOrdersVault\Parsers\GenericOrderParser
   Extracted: YES (#outlook)
[2026-06-02 02:19:36] ✅ WILL SAVE: תזכורת לחידוש דומיין nadlanisteam.co.il - Confidence: 40%
[2026-06-02 02:19:36] ✅ Cleaned order number: outlook (alphanumeric)
[2026-06-02 02:19:36] 💾 gmail_messages ID: 176
   Order save: FAILED
   Reason: parser_success_confidence_40
   Customer email: none
   Order number valid: YES
[2026-06-02 02:19:36] 🔄 Processing message 52: 19e26b2210d9f2cd
[2026-06-02 02:19:36] 📊 Subject: The Base44 app competition is here!
   From: no-reply@marketing.base44.com
   Sender score: 20/40
   Content score: 25/100
   Combined confidence: 34%
   Signals: order_number_pattern
[2026-06-02 02:19:36] 🔧 Parser: MyOrdersVault\Parsers\GenericOrderParser
   Extracted: YES (#aIWfNAmaH3Ff1dIetsX3)
[2026-06-02 02:19:36] ✅ WILL SAVE: The Base44 app competition is here! - Confidence: 34%
[2026-06-02 02:19:36] ✅ Cleaned order number: aIWfNAmaH3Ff1dIetsX3 (alphanumeric)
[2026-06-02 02:19:36] 💾 gmail_messages ID: 177
   Order save: SUCCESS (ID: 67)
   Reason: parser_success_confidence_34
   Customer email: none
   Order number valid: YES
[2026-06-02 02:19:36] 🔄 Processing message 53: 19e20dbdc94aae0f
[2026-06-02 02:19:37] 📊 Subject: Your Futures Trial Funds Have Expired
   From: no-reply@kucoin.com
   Sender score: 20/40
   Content score: 35/100
   Combined confidence: 40%
   Signals: order_number_pattern, item_list_found
[2026-06-02 02:19:37] 🔧 Parser: MyOrdersVault\Parsers\GenericOrderParser
   Extracted: YES (#outlook)
[2026-06-02 02:19:37] ✅ WILL SAVE: Your Futures Trial Funds Have Expired - Confidence: 40%
[2026-06-02 02:19:37] ✅ Cleaned order number: outlook (alphanumeric)
[2026-06-02 02:19:37] 💾 gmail_messages ID: 178
   Order save: FAILED
   Reason: parser_success_confidence_40
   Customer email: none
   Order number valid: YES
[2026-06-02 02:19:37] 🔄 Processing message 54: 19e1f5f182d4ef10
[2026-06-02 02:19:37] 📊 Subject: תזכורת לחידוש דומיין goldenevents.co.il
   From: noreply@box.co.il
   Sender score: 20/40
   Content score: 35/100
   Combined confidence: 40%
   Signals: order_number_pattern, item_list_found
[2026-06-02 02:19:37] 🔧 Parser: MyOrdersVault\Parsers\GenericOrderParser
   Extracted: YES (#outlook)
[2026-06-02 02:19:37] ✅ WILL SAVE: תזכורת לחידוש דומיין goldenevents.co.il - Confidence: 40%
[2026-06-02 02:19:37] ✅ Cleaned order number: outlook (alphanumeric)
[2026-06-02 02:19:37] 💾 gmail_messages ID: 179
   Order save: FAILED
   Reason: parser_success_confidence_40
   Customer email: none
   Order number valid: YES
[2026-06-02 02:19:37] 🔄 Processing message 55: 19e1e2e3aeddff1e
[2026-06-02 02:19:37] 📊 Subject: Welcome to Thunderbit
   From: support@thunderbit.com
   Sender score: 20/40
   Content score: 0/100
   Combined confidence: 18%
   Signals:
[2026-06-02 02:19:37] 🔧 Parser: MyOrdersVault\Parsers\GenericOrderParser
   Extracted: YES (#entifies)
[2026-06-02 02:19:37] ✅ WILL SAVE: Welcome to Thunderbit - Confidence: 18%
[2026-06-02 02:19:37] ✅ Cleaned order number: entifies (alphanumeric)
[2026-06-02 02:19:37] 📧 Using from_email as customer email: support@thunderbit.com
[2026-06-02 02:19:37] 💾 gmail_messages ID: 180
   Order save: SUCCESS (ID: 68)
   Reason: parser_success_confidence_18
   Customer email: support@thunderbit.com
   Order number valid: YES
[2026-06-02 02:19:37] 🔄 Processing message 56: 19e1cf4a0d87b86b
[2026-06-02 02:19:37] 📊 Subject: Software Engineer: Check Point Software and Cisco are hiring
   From: messages-noreply@linkedin.com
   Sender score: 20/40
   Content score: 25/100
   Combined confidence: 34%
   Signals: order_number_pattern
[2026-06-02 02:19:37] 🔧 Parser: MyOrdersVault\Parsers\GenericOrderParser
   Extracted: YES (#Token)
[2026-06-02 02:19:37] ✅ WILL SAVE: Software Engineer: Check Point Software and Cisco are hiring - Confidence: 34%
[2026-06-02 02:19:37] ⚠️ Invalid order number: Token - Does not match any known pattern and length < 6
[2026-06-02 02:19:37] 💾 gmail_messages ID: 181
   Order save: FAILED
   Reason: parser_success_confidence_34
   Customer email: none
   Order number valid: NO
[2026-06-02 02:19:37] 🔄 Processing message 57: 19e1a91dac7b3468
[2026-06-02 02:19:38] 📊 Subject: Golden Events גולדן ארועים, are you open on Shavuot?
   From: businessprofile-noreply@google.com
   Sender score: 20/40
   Content score: 10/100
   Combined confidence: 24%
   Signals: item_list_found
[2026-06-02 02:19:38] 🔧 Parser: MyOrdersVault\Parsers\GenericOrderParser
   Extracted: YES (#GEN-07bbf03e73)
[2026-06-02 02:19:38] ✅ WILL SAVE: Golden Events גולדן ארועים, are you open on Shavuot? - Confidence: 24%
[2026-06-02 02:19:38] ✅ Cleaned order number: GEN-07bbf03e73 (alphanumeric)
[2026-06-02 02:19:38] 💾 gmail_messages ID: 182
   Order save: SUCCESS (ID: 69)
   Reason: parser_success_confidence_24
   Customer email: none
   Order number valid: YES
[2026-06-02 02:19:38] 🔄 Processing message 58: 19e192eca1287be1
[2026-06-02 02:19:38] 📊 Subject: אפס את סיסמתך ב-BOX
   From: noreply@box.co.il
   Sender score: 20/40
   Content score: 35/100
   Combined confidence: 40%
   Signals: order_number_pattern, item_list_found
[2026-06-02 02:19:38] 🔧 Parser: MyOrdersVault\Parsers\GenericOrderParser
   Extracted: YES (#outlook)
[2026-06-02 02:19:38] ✅ WILL SAVE: אפס את סיסמתך ב-BOX - Confidence: 40%
[2026-06-02 02:19:38] ✅ Cleaned order number: outlook (alphanumeric)
[2026-06-02 02:19:38] 💾 gmail_messages ID: 183
   Order save: FAILED
   Reason: parser_success_confidence_40
   Customer email: none
   Order number valid: YES
[2026-06-02 02:19:38] 🔄 Processing message 59: 19e1918a3549d72e
[2026-06-02 02:19:38] 📊 Subject: Many files were recently deleted from your OneDrive
   From: no-reply@onedrive.com
   Sender score: 20/40
   Content score: 45/100
   Combined confidence: 47%
   Signals: order_number_pattern, item_list_found, shipping_signal
[2026-06-02 02:19:38] 🔧 Parser: MyOrdersVault\Parsers\GenericOrderParser
   Extracted: YES (#ffffff)
[2026-06-02 02:19:38] ✅ WILL SAVE: Many files were recently deleted from your OneDrive - Confidence: 47%
[2026-06-02 02:19:38] ✅ Cleaned order number: ffffff (alphanumeric)
[2026-06-02 02:19:38] 💾 gmail_messages ID: 184
   Order save: SUCCESS (ID: 70)
   Reason: parser_success_confidence_47
   Customer email: none
   Order number valid: YES
[2026-06-02 02:19:38] 🔄 Processing message 60: 19e1846b5e593d6f
[2026-06-02 02:19:39] 📊 Subject: Security alert
   From: no-reply@accounts.google.com
   Sender score: 20/40
   Content score: 0/100
   Combined confidence: 18%
   Signals:
[2026-06-02 02:19:39] 🔧 Parser: MyOrdersVault\Parsers\GenericOrderParser
   Extracted: YES (#GEN-9c20c4b755)
[2026-06-02 02:19:39] ✅ WILL SAVE: Security alert - Confidence: 18%
[2026-06-02 02:19:39] ✅ Cleaned order number: GEN-9c20c4b755 (alphanumeric)
[2026-06-02 02:19:39] 📧 Extracted customer email: maimonov@gmail.com
[2026-06-02 02:19:39] 💾 gmail_messages ID: 185
   Order save: SUCCESS (ID: 71)
   Reason: parser_success_confidence_18
   Customer email: maimonov@gmail.com
   Order number valid: YES
[2026-06-02 02:19:39] 🔄 Processing message 61: 19e1825b7537decd
[2026-06-02 02:19:39] 📊 Subject: Security alert
   From: no-reply@accounts.google.com
   Sender score: 20/40
   Content score: 0/100
   Combined confidence: 18%
   Signals:
[2026-06-02 02:19:39] 🔧 Parser: MyOrdersVault\Parsers\GenericOrderParser
   Extracted: YES (#GEN-9c20c4b755)
[2026-06-02 02:19:39] ✅ WILL SAVE: Security alert - Confidence: 18%
[2026-06-02 02:19:39] ✅ Cleaned order number: GEN-9c20c4b755 (alphanumeric)
[2026-06-02 02:19:39] 📧 Extracted customer email: maimonov@gmail.com
[2026-06-02 02:19:39] 💾 gmail_messages ID: 186
   Order save: FAILED
   Reason: parser_success_confidence_18
   Customer email: maimonov@gmail.com
   Order number valid: YES
[2026-06-02 02:19:39] 🔄 Processing message 62: 19e175db1727dd23
[2026-06-02 02:19:39] 📊 Subject: Base44 events this week
   From: no-reply@marketing.base44.com
   Sender score: 20/40
   Content score: 35/100
   Combined confidence: 40%
   Signals: order_number_pattern, item_list_found
[2026-06-02 02:19:39] 🔧 Parser: MyOrdersVault\Parsers\GenericOrderParser
   Extracted: YES (#AnV2MnITIFZbyZXK7GcT)
[2026-06-02 02:19:39] ✅ WILL SAVE: Base44 events this week - Confidence: 40%
[2026-06-02 02:19:39] ✅ Cleaned order number: AnV2MnITIFZbyZXK7GcT (alphanumeric)
[2026-06-02 02:19:39] 💾 gmail_messages ID: 187
   Order save: SUCCESS (ID: 72)
   Reason: parser_success_confidence_40
   Customer email: none
   Order number valid: YES
[2026-06-02 02:19:39] 🔄 Processing message 63: 19e15b0dbf237625
[2026-06-02 02:19:39] 📊 Subject: Security alert
   From: no-reply@accounts.google.com
   Sender score: 20/40
   Content score: 0/100
   Combined confidence: 18%
   Signals:
[2026-06-02 02:19:39] 🔧 Parser: MyOrdersVault\Parsers\GenericOrderParser
   Extracted: YES (#GEN-9c20c4b755)
[2026-06-02 02:19:39] ✅ WILL SAVE: Security alert - Confidence: 18%
[2026-06-02 02:19:39] ✅ Cleaned order number: GEN-9c20c4b755 (alphanumeric)
[2026-06-02 02:19:39] 📧 Extracted customer email: maimonov@gmail.com
[2026-06-02 02:19:39] 💾 gmail_messages ID: 188
   Order save: FAILED
   Reason: parser_success_confidence_18
   Customer email: maimonov@gmail.com
   Order number valid: YES
[2026-06-02 02:19:39] 🔄 Processing message 64: 19e15a926ff8938d
[2026-06-02 02:19:40] 📊 Subject: ✅ בני, finish setting up your Apple iPhone with Google
   From: no-reply@google.com
   Sender score: 20/40
   Content score: 10/100
   Combined confidence: 24%
   Signals: item_list_found
[2026-06-02 02:19:40] 🔧 Parser: MyOrdersVault\Parsers\GenericOrderParser
   Extracted: YES (#GEN-f124ec0fb0)
[2026-06-02 02:19:40] ✅ WILL SAVE: ✅ בני, finish setting up your Apple iPhone with Google - Confidence: 24%
[2026-06-02 02:19:40] ✅ Cleaned order number: GEN-f124ec0fb0 (alphanumeric)
[2026-06-02 02:19:40] 📧 Extracted customer email: maimonov@gmail.com
[2026-06-02 02:19:40] 💾 gmail_messages ID: 189
   Order save: SUCCESS (ID: 73)
   Reason: parser_success_confidence_24
   Customer email: maimonov@gmail.com
   Order number valid: YES
[2026-06-02 02:19:40] 🔄 Processing message 65: 19e15a91a5357386
[2026-06-02 02:19:40] 📊 Subject: Security alert
   From: no-reply@accounts.google.com
   Sender score: 20/40
   Content score: 0/100
   Combined confidence: 18%
   Signals:
[2026-06-02 02:19:40] 🔧 Parser: MyOrdersVault\Parsers\GenericOrderParser
   Extracted: YES (#GEN-4fa647069f)
[2026-06-02 02:19:40] ✅ WILL SAVE: Security alert - Confidence: 18%
[2026-06-02 02:19:40] ✅ Cleaned order number: GEN-4fa647069f (alphanumeric)
[2026-06-02 02:19:40] 📧 Extracted customer email: maimonov@gmail.com
[2026-06-02 02:19:40] 💾 gmail_messages ID: 190
   Order save: SUCCESS (ID: 74)
   Reason: parser_success_confidence_18
   Customer email: maimonov@gmail.com
   Order number valid: YES
[2026-06-02 02:19:40] 🔄 Processing message 66: 19e15a838d8bdc44
[2026-06-02 02:19:40] 📊 Subject: Security alert
   From: no-reply@accounts.google.com
   Sender score: 20/40
   Content score: 0/100
   Combined confidence: 18%
   Signals:
[2026-06-02 02:19:40] 🔧 Parser: MyOrdersVault\Parsers\GenericOrderParser
   Extracted: YES (#GEN-4fa647069f)
[2026-06-02 02:19:40] ✅ WILL SAVE: Security alert - Confidence: 18%
[2026-06-02 02:19:40] ✅ Cleaned order number: GEN-4fa647069f (alphanumeric)
[2026-06-02 02:19:40] 📧 Extracted customer email: maimonov@gmail.com
[2026-06-02 02:19:40] 💾 gmail_messages ID: 191
   Order save: FAILED
   Reason: parser_success_confidence_18
   Customer email: maimonov@gmail.com
   Order number valid: YES
[2026-06-02 02:19:40] 🔄 Processing message 67: 19e1581a4624bda7
[2026-06-02 02:19:41] 📊 Subject: יצירת מעורבות ועריכת בדיקות כדי לשפר את תוצאות המודעות
   From: advertise-noreply@global.metamail.com
   Sender score: 20/40
   Content score: 10/100
   Combined confidence: 24%
   Signals: item_list_found
[2026-06-02 02:19:41] 🔧 Parser: MyOrdersVault\Parsers\GenericOrderParser
   Extracted: YES (#run-tests-choose-win)
[2026-06-02 02:19:41] ✅ WILL SAVE: יצירת מעורבות ועריכת בדיקות כדי לשפר את תוצאות המודעות - Confidence: 24%
[2026-06-02 02:19:41] ✅ Cleaned order number: run-tests-choose-win (alphanumeric)
[2026-06-02 02:19:41] 💾 gmail_messages ID: 192
   Order save: SUCCESS (ID: 75)
   Reason: parser_success_confidence_24
   Customer email: none
   Order number valid: YES
[2026-06-02 02:19:41] 🔄 Processing message 68: 19e156e89825fbaa
[2026-06-02 02:19:41] 📊 Subject: כלי מודעות חדשים להגברת פוטנציאל המכירות
   From: advertise-noreply@global.metamail.com
   Sender score: 20/40
   Content score: 0/100
   Combined confidence: 18%
   Signals:
[2026-06-02 02:19:41] 🔧 Parser: MyOrdersVault\Parsers\GenericOrderParser
   Extracted: YES (#GEN-c9645fcc2f)
[2026-06-02 02:19:41] ✅ WILL SAVE: כלי מודעות חדשים להגברת פוטנציאל המכירות - Confidence: 18%
[2026-06-02 02:19:41] ✅ Cleaned order number: GEN-c9645fcc2f (alphanumeric)
[2026-06-02 02:19:41] 📧 Extracted customer email: maimonov@gmail.com
[2026-06-02 02:19:41] 💾 gmail_messages ID: 193
   Order save: SUCCESS (ID: 76)
   Reason: parser_success_confidence_18
   Customer email: maimonov@gmail.com
   Order number valid: YES
[2026-06-02 02:19:41] 🔄 Processing message 69: 19e0862e45231f45
[2026-06-02 02:19:41] 📊 Subject: Software Engineer: Check Point Software and Imperva (Formerly Prevoty) hired roles near you
   From: messages-noreply@linkedin.com
   Sender score: 20/40
   Content score: 0/100
   Combined confidence: 18%
   Signals:
[2026-06-02 02:19:41] 🔧 Parser: MyOrdersVault\Parsers\GenericOrderParser
   Extracted: YES (#Token)
[2026-06-02 02:19:41] ✅ WILL SAVE: Software Engineer: Check Point Software and Imperva (Formerly Prevoty) hired roles near you - Confidence: 18%
[2026-06-02 02:19:41] ⚠️ Invalid order number: Token - Does not match any known pattern and length < 6
[2026-06-02 02:19:41] 💾 gmail_messages ID: 194
   Order save: FAILED
   Reason: parser_success_confidence_18
   Customer email: none
   Order number valid: NO
[2026-06-02 02:19:41] 🔄 Processing message 70: 19e04a0468c1b700
[2026-06-02 02:19:41] 📊 Subject: איך להנחות את ה-AI: צפייה בוובינר המוקלט
   From: advertise-noreply@global.metamail.com
   Sender score: 20/40
   Content score: 35/100
   Combined confidence: 40%
   Signals: order_number_pattern, item_list_found
[2026-06-02 02:19:41] 🔧 Parser: MyOrdersVault\Parsers\GenericOrderParser
   Extracted: YES (#GEN-5703d36080)
[2026-06-02 02:19:41] ✅ WILL SAVE: איך להנחות את ה-AI: צפייה בוובינר המוקלט - Confidence: 40%
[2026-06-02 02:19:41] ✅ Cleaned order number: GEN-5703d36080 (alphanumeric)
[2026-06-02 02:19:42] 💾 gmail_messages ID: 195
   Order save: SUCCESS (ID: 77)
   Reason: parser_success_confidence_40
   Customer email: none
   Order number valid: YES
[2026-06-02 02:19:42] 🔄 Processing message 71: 19e0334dc7d95f0e
[2026-06-02 02:19:42] 📊 Subject: Ariel Isaac ★ אריאל יצחקי  ..Life is Short  and Keren Sadrinas are hiring
   From: messages-noreply@linkedin.com
   Sender score: 20/40
   Content score: 25/100
   Combined confidence: 34%
   Signals: order_number_pattern
[2026-06-02 02:19:42] 🔧 Parser: MyOrdersVault\Parsers\GenericOrderParser
   Extracted: YES (#Token)
[2026-06-02 02:19:42] ✅ WILL SAVE: Ariel Isaac ★ אריאל יצחקי  ..Life is Short  and Keren Sadrinas are hiring - Confidence: 34%
[2026-06-02 02:19:42] ⚠️ Invalid order number: Token - Does not match any known pattern and length < 6
[2026-06-02 02:19:42] 💾 gmail_messages ID: 196
   Order save: FAILED
   Reason: parser_success_confidence_34
   Customer email: none
   Order number valid: NO
[2026-06-02 02:19:42] 🔄 Processing message 72: 19e012b25bf40a9f
[2026-06-02 02:19:42] 📊 Subject: יש שיפור בביצועי המודעה שלך – הדוח זמין לצפייה
   From: advertise-noreply@global.metamail.com
   Sender score: 20/40
   Content score: 0/100
   Combined confidence: 18%
   Signals:
[2026-06-02 02:19:42] 🔧 Parser: MyOrdersVault\Parsers\GenericOrderParser
   Extracted: YES (#GEN-93fc345f79)
[2026-06-02 02:19:42] ✅ WILL SAVE: יש שיפור בביצועי המודעה שלך – הדוח זמין לצפייה - Confidence: 18%
[2026-06-02 02:19:42] ✅ Cleaned order number: GEN-93fc345f79 (alphanumeric)
[2026-06-02 02:19:42] 📧 Extracted customer email: maimonov@gmail.com
[2026-06-02 02:19:42] 💾 gmail_messages ID: 197
   Order save: SUCCESS (ID: 78)
   Reason: parser_success_confidence_18
   Customer email: maimonov@gmail.com
   Order number valid: YES
[2026-06-02 02:19:42] 🔄 Processing message 73: 19e00d448d54980e
[2026-06-02 02:19:42] 📊 Subject: הודעה מחברת המשלוחים
   From: noreply@mail.hfd.co.il
   Sender score: 20/40
   Content score: 35/100
   Combined confidence: 40%
   Signals: order_number_pattern, shipping_signal
[2026-06-02 02:19:42] 🔧 Parser: MyOrdersVault\Parsers\GenericOrderParser
   Extracted: YES (#GEN-87e8c53322)
[2026-06-02 02:19:42] ✅ WILL SAVE: הודעה מחברת המשלוחים - Confidence: 40%
[2026-06-02 02:19:42] ✅ Cleaned order number: GEN-87e8c53322 (alphanumeric)
[2026-06-02 02:19:42] 💾 gmail_messages ID: 198
   Order save: SUCCESS (ID: 79)
   Reason: parser_success_confidence_40
   Customer email: none
   Order number valid: YES
[2026-06-02 02:19:42] 🔄 Processing message 74: 19dff5f9deba1f87
[2026-06-02 02:19:43] 📊 Subject: מ.מ אגר פרוייקטים, your performance report for April 2026
   From: businessprofile-noreply@google.com
   Sender score: 20/40
   Content score: 0/100
   Combined confidence: 18%
   Signals:
[2026-06-02 02:19:43] 🔧 Parser: MyOrdersVault\Parsers\GenericOrderParser
   Extracted: YES (#pw4Y6gNnqWj7-vvox2S5)
[2026-06-02 02:19:43] ✅ WILL SAVE: מ.מ אגר פרוייקטים, your performance report for April 2026 - Confidence: 18%
[2026-06-02 02:19:43] ✅ Cleaned order number: pw4Y6gNnqWj7-vvox2S5 (alphanumeric)
[2026-06-02 02:19:43] 💾 gmail_messages ID: 199
   Order save: SUCCESS (ID: 80)
   Reason: parser_success_confidence_18
   Customer email: none
   Order number valid: YES
[2026-06-02 02:19:43] 🔄 Processing message 75: 19dff4461bf48e07
[2026-06-02 02:19:43] 📊 Subject: אור-טק פתרונות אלומיניום בע״מ, your performance report for April 2026
   From: businessprofile-noreply@google.com
   Sender score: 20/40
   Content score: 10/100
   Combined confidence: 24%
   Signals: item_list_found
[2026-06-02 02:19:43] 🔧 Parser: MyOrdersVault\Parsers\GenericOrderParser
   Extracted: YES (#tBPIj3jjbB9dWnoXXYTI)
[2026-06-02 02:19:43] ✅ WILL SAVE: אור-טק פתרונות אלומיניום בע״מ, your performance report for April 2026 - Confidence: 24%
[2026-06-02 02:19:43] ✅ Cleaned order number: tBPIj3jjbB9dWnoXXYTI (alphanumeric)
[2026-06-02 02:19:43] 💾 gmail_messages ID: 200
   Order save: SUCCESS (ID: 81)
   Reason: parser_success_confidence_24
   Customer email: none
   Order number valid: YES
[2026-06-02 02:19:43] 🔄 Processing message 76: 19dff23a12a611cc
[2026-06-02 02:19:43] 📊 Subject: Golden Events גולדן ארועים, your performance report for April 2026
   From: businessprofile-noreply@google.com
   Sender score: 20/40
   Content score: 35/100
   Combined confidence: 40%
   Signals: order_number_pattern, item_list_found
[2026-06-02 02:19:43] 🔧 Parser: MyOrdersVault\Parsers\GenericOrderParser
   Extracted: YES (#N9sAZ-QTg7jFTPo70zMM)
[2026-06-02 02:19:43] ✅ WILL SAVE: Golden Events גולדן ארועים, your performance report for April 2026 - Confidence: 40%
[2026-06-02 02:19:43] ✅ Cleaned order number: N9sAZ-QTg7jFTPo70zMM (alphanumeric)
[2026-06-02 02:19:43] 💾 gmail_messages ID: 201
   Order save: SUCCESS (ID: 82)
   Reason: parser_success_confidence_40
   Customer email: none
   Order number valid: YES
[2026-06-02 02:19:43] 🔄 Processing message 77: 19dfccd5004a49ce
[2026-06-02 02:19:44] 📊 Subject: Coupon Pack received!
   From: no-reply@kucoin.com
   Sender score: 20/40
   Content score: 35/100
   Combined confidence: 40%
   Signals: order_number_pattern, item_list_found
[2026-06-02 02:19:44] 🔧 Parser: MyOrdersVault\Parsers\GenericOrderParser
   Extracted: YES (#outlook)
[2026-06-02 02:19:44] ✅ WILL SAVE: Coupon Pack received! - Confidence: 40%
[2026-06-02 02:19:44] ✅ Cleaned order number: outlook (alphanumeric)
[2026-06-02 02:19:44] 💾 gmail_messages ID: 202
   Order save: FAILED
   Reason: parser_success_confidence_40
   Customer email: none
   Order number valid: YES
[2026-06-02 02:19:44] 🔄 Processing message 78: 19dfc47c2deb5c5b
[2026-06-02 02:19:44] 📊 Subject: חדש: מגדילים את המכירות עם מודעות חוצות-ערוצים
   From: advertise-noreply@global.metamail.com
   Sender score: 20/40
   Content score: 0/100
   Combined confidence: 18%
   Signals:
[2026-06-02 02:19:44] 🔧 Parser: MyOrdersVault\Parsers\GenericOrderParser
   Extracted: YES (#GEN-a77adb9890)
[2026-06-02 02:19:44] ✅ WILL SAVE: חדש: מגדילים את המכירות עם מודעות חוצות-ערוצים - Confidence: 18%
[2026-06-02 02:19:44] ✅ Cleaned order number: GEN-a77adb9890 (alphanumeric)
[2026-06-02 02:19:44] 📧 Extracted customer email: maimonov@gmail.com
[2026-06-02 02:19:44] 💾 gmail_messages ID: 203
   Order save: SUCCESS (ID: 83)
   Reason: parser_success_confidence_18
   Customer email: maimonov@gmail.com
   Order number valid: YES
[2026-06-02 02:19:44] 🔄 Processing message 79: 19df8e81e797538f
[2026-06-02 02:19:44] 📊 Subject: Software Engineer: IAI - Israel Aerospace Industries and JobsSeek are hiring
   From: messages-noreply@linkedin.com
   Sender score: 20/40
   Content score: 35/100
   Combined confidence: 40%
   Signals: order_number_pattern, item_list_found
[2026-06-02 02:19:44] 🔧 Parser: MyOrdersVault\Parsers\GenericOrderParser
   Extracted: YES (#Token)
[2026-06-02 02:19:44] ✅ WILL SAVE: Software Engineer: IAI - Israel Aerospace Industries and JobsSeek are hiring - Confidence: 40%
[2026-06-02 02:19:44] ⚠️ Invalid order number: Token - Does not match any known pattern and length < 6
[2026-06-02 02:19:44] 💾 gmail_messages ID: 204
   Order save: FAILED
   Reason: parser_success_confidence_40
   Customer email: none
   Order number valid: NO
[2026-06-02 02:19:44] 🔄 Processing message 80: 19df84d87f6b82f1
[2026-06-02 02:19:44] 📊 Subject: Base44 events this week
   From: no-reply@marketing.base44.com
   Sender score: 20/40
   Content score: 45/100
   Combined confidence: 47%
   Signals: order_number_pattern, item_list_found, shipping_signal
[2026-06-02 02:19:44] 🔧 Parser: MyOrdersVault\Parsers\GenericOrderParser
   Extracted: YES (#sTz5DAF9ydtPKLmWQE89)
[2026-06-02 02:19:44] ✅ WILL SAVE: Base44 events this week - Confidence: 47%
[2026-06-02 02:19:44] ✅ Cleaned order number: sTz5DAF9ydtPKLmWQE89 (alphanumeric)
[2026-06-02 02:19:44] 💾 gmail_messages ID: 205
   Order save: SUCCESS (ID: 84)
   Reason: parser_success_confidence_47
   Customer email: none
   Order number valid: YES
[2026-06-02 02:19:44] 🔄 Processing message 81: 19df7756c8982dce
[2026-06-02 02:19:45] 📊 Subject: שני השינויים שכל עסק קטן צריך לבצע
   From: advertise-noreply@global.metamail.com
   Sender score: 20/40
   Content score: 35/100
   Combined confidence: 40%
   Signals: order_number_pattern, item_list_found
[2026-06-02 02:19:45] 🔧 Parser: MyOrdersVault\Parsers\GenericOrderParser
   Extracted: YES (#GEN-c1190a4478)
[2026-06-02 02:19:45] ✅ WILL SAVE: שני השינויים שכל עסק קטן צריך לבצע - Confidence: 40%
[2026-06-02 02:19:45] ✅ Cleaned order number: GEN-c1190a4478 (alphanumeric)
[2026-06-02 02:19:45] 💾 gmail_messages ID: 206
   Order save: SUCCESS (ID: 85)
   Reason: parser_success_confidence_40
   Customer email: none
   Order number valid: YES
[2026-06-02 02:19:45] 🔄 Processing message 82: 19df72614f444551
[2026-06-02 02:19:45] 📊 Subject: 3 רעיונות למודעות מושכות שכדאי לנסות במודעה הראשונה שלכם ב-Reels
   From: advertise-noreply@global.metamail.com
   Sender score: 20/40
   Content score: 0/100
   Combined confidence: 18%
   Signals:
[2026-06-02 02:19:45] 🔧 Parser: MyOrdersVault\Parsers\GenericOrderParser
   Extracted: YES (#get-inspiration)
[2026-06-02 02:19:45] ✅ WILL SAVE: 3 רעיונות למודעות מושכות שכדאי לנסות במודעה הראשונה שלכם ב-Reels - Confidence: 18%
[2026-06-02 02:19:45] ✅ Cleaned order number: get-inspiration (alphanumeric)
[2026-06-02 02:19:45] 📧 Extracted customer email: maimonov@gmail.com
[2026-06-02 02:19:45] 💾 gmail_messages ID: 207
   Order save: SUCCESS (ID: 86)
   Reason: parser_success_confidence_18
   Customer email: maimonov@gmail.com
   Order number valid: YES
[2026-06-02 02:19:45] 🔄 Processing message 83: 19df310a305ef8bc
[2026-06-02 02:19:45] 📊 Subject: Your Futures Trial Funds Have Expired
   From: no-reply@kucoin.com
   Sender score: 20/40
   Content score: 35/100
   Combined confidence: 40%
   Signals: order_number_pattern, item_list_found
[2026-06-02 02:19:45] 🔧 Parser: MyOrdersVault\Parsers\GenericOrderParser
   Extracted: YES (#outlook)
[2026-06-02 02:19:45] ✅ WILL SAVE: Your Futures Trial Funds Have Expired - Confidence: 40%
[2026-06-02 02:19:45] ✅ Cleaned order number: outlook (alphanumeric)
[2026-06-02 02:19:45] 💾 gmail_messages ID: 208
   Order save: FAILED
   Reason: parser_success_confidence_40
   Customer email: none
   Order number valid: YES
[2026-06-02 02:19:45] 🔄 Processing message 84: 19df1756608e9463
[2026-06-02 02:19:45] 📊 Subject: הודעה על משלוח שמספרו RS1307344056Y
   From: noReply@postil.co.il
   Sender score: 20/40
   Content score: 10/100
   Combined confidence: 24%
   Signals: shipping_signal
[2026-06-02 02:19:45] 🔧 Parser: MyOrdersVault\Parsers\GenericOrderParser
   Extracted: YES (#GEN-64dd1350d2)
[2026-06-02 02:19:45] ✅ WILL SAVE: הודעה על משלוח שמספרו RS1307344056Y - Confidence: 24%
[2026-06-02 02:19:45] ✅ Cleaned order number: GEN-64dd1350d2 (alphanumeric)
[2026-06-02 02:19:45] 💾 gmail_messages ID: 209
   Order save: SUCCESS (ID: 87)
   Reason: parser_success_confidence_24
   Customer email: none
   Order number valid: YES
[2026-06-02 02:19:45] 🔄 Processing message 85: 19dee00a7a5793e5
[2026-06-02 02:19:46] 📊 Subject: הודעה על משלוח שמספרו RS1307344056Y
   From: noReply@postil.co.il
   Sender score: 20/40
   Content score: 10/100
   Combined confidence: 24%
   Signals: shipping_signal
[2026-06-02 02:19:46] 🔧 Parser: MyOrdersVault\Parsers\GenericOrderParser
   Extracted: YES (#GEN-80ca775b7d)
[2026-06-02 02:19:46] ✅ WILL SAVE: הודעה על משלוח שמספרו RS1307344056Y - Confidence: 24%
[2026-06-02 02:19:46] ✅ Cleaned order number: GEN-80ca775b7d (alphanumeric)
[2026-06-02 02:19:46] 💾 gmail_messages ID: 210
   Order save: SUCCESS (ID: 88)
   Reason: parser_success_confidence_24
   Customer email: none
   Order number valid: YES
[2026-06-02 02:19:46] 🔄 Processing message 86: 19ded47b023b5f21
[2026-06-02 02:19:46] 📊 Subject: איך לשפר את תוצאות המודעה בלי לחרוג מהתקציב הקיים
   From: advertise-noreply@global.metamail.com
   Sender score: 20/40
   Content score: 0/100
   Combined confidence: 18%
   Signals:
[2026-06-02 02:19:46] 🔧 Parser: MyOrdersVault\Parsers\GenericOrderParser
   Extracted: YES (#GEN-856155c76a)
[2026-06-02 02:19:46] ✅ WILL SAVE: איך לשפר את תוצאות המודעה בלי לחרוג מהתקציב הקיים - Confidence: 18%
[2026-06-02 02:19:46] ✅ Cleaned order number: GEN-856155c76a (alphanumeric)
[2026-06-02 02:19:46] 📧 Extracted customer email: maimonov@gmail.com
[2026-06-02 02:19:46] 💾 gmail_messages ID: 211
   Order save: SUCCESS (ID: 89)
   Reason: parser_success_confidence_18
   Customer email: maimonov@gmail.com
   Order number valid: YES
[2026-06-02 02:19:46] 🔄 Processing message 87: 19de89a697fb6531
[2026-06-02 02:19:46] 📊 Subject: Upcoming sub-processor change: Supabase removal
   From: noreply@openrouter.ai
   Sender score: 20/40
   Content score: 25/100
   Combined confidence: 34%
   Signals: order_number_pattern
[2026-06-02 02:19:46] 🔧 Parser: MyOrdersVault\Parsers\GenericOrderParser
   Extracted: YES (#GEN-e23fb5aa68)
[2026-06-02 02:19:46] ✅ WILL SAVE: Upcoming sub-processor change: Supabase removal - Confidence: 34%
[2026-06-02 02:19:46] ✅ Cleaned order number: GEN-e23fb5aa68 (alphanumeric)
[2026-06-02 02:19:46] 📧 Extracted customer email: security@openrouter.ai
[2026-06-02 02:19:46] 💾 gmail_messages ID: 212
   Order save: SUCCESS (ID: 90)
   Reason: parser_success_confidence_34
   Customer email: security@openrouter.ai
   Order number valid: YES
[2026-06-02 02:19:46] 🔄 Processing message 88: 19de599c9e44cc45
[2026-06-02 02:19:47] 📊 Subject: [GitHub] Cursor is requesting updated permissions
   From: noreply@github.com
   Sender score: 20/40
   Content score: 25/100
   Combined confidence: 34%
   Signals: order_number_pattern
[2026-06-02 02:19:47] 🔧 Parser: MyOrdersVault\Parsers\GenericOrderParser
   Extracted: YES (#GEN-6796b49337)
[2026-06-02 02:19:47] ✅ WILL SAVE: [GitHub] Cursor is requesting updated permissions - Confidence: 34%
[2026-06-02 02:19:47] ✅ Cleaned order number: GEN-6796b49337 (alphanumeric)
[2026-06-02 02:19:47] 💾 gmail_messages ID: 213
   Order save: SUCCESS (ID: 91)
   Reason: parser_success_confidence_34
   Customer email: none
   Order number valid: YES
[2026-06-02 02:19:47] 🔄 Processing message 89: 19ddaa0f1d4f7fb1
[2026-06-02 02:19:47] 📊 Subject: Receipt for Your Payment to Hostinger Internatio...
   From: service@paypal.co.il
   Sender score: 20/40
   Content score: 80/100
   Combined confidence: 70%
   Signals: order_number_pattern, amount_found, english_purchase_phrase, item_list_found, subject_keyword
[2026-06-02 02:19:47] 🔧 Parser: MyOrdersVault\Parsers\PayPalParser
   Extracted: YES (#for)
[2026-06-02 02:19:47] ✅ WILL SAVE: Receipt for Your Payment to Hostinger Internatio... - Confidence: 70%
[2026-06-02 02:19:47] ⚠️ Invalid order number: for - Does not match any known pattern and length < 6
[2026-06-02 02:19:47] 📧 Extracted customer email: support@hostinger.co
[2026-06-02 02:19:47] 💾 gmail_messages ID: 214
   Order save: FAILED
   Reason: parser_success_confidence_70
   Customer email: support@hostinger.co
   Order number valid: NO
[2026-06-02 02:19:47] 🔄 Processing message 90: 19dd98997a2d42e1
[2026-06-02 02:19:47] 📊 Subject: הודעה מחברת המשלוחים
   From: noreply@mail.hfd.co.il
   Sender score: 20/40
   Content score: 35/100
   Combined confidence: 40%
   Signals: order_number_pattern, shipping_signal
[2026-06-02 02:19:47] 🔧 Parser: MyOrdersVault\Parsers\GenericOrderParser
   Extracted: YES (#GEN-ec754bb78f)
[2026-06-02 02:19:47] ✅ WILL SAVE: הודעה מחברת המשלוחים - Confidence: 40%
[2026-06-02 02:19:47] ✅ Cleaned order number: GEN-ec754bb78f (alphanumeric)
[2026-06-02 02:19:47] 💾 gmail_messages ID: 215
   Order save: SUCCESS (ID: 92)
   Reason: parser_success_confidence_40
   Customer email: none
   Order number valid: YES
[2026-06-02 02:19:47] 🔄 Processing message 91: 19dd7442cbe2681c
[2026-06-02 02:19:47] 📊 Subject: תזכורת לחידוש דומיין nadlanisteam.co.il
   From: noreply@box.co.il
   Sender score: 20/40
   Content score: 35/100
   Combined confidence: 40%
   Signals: order_number_pattern, item_list_found
[2026-06-02 02:19:47] 🔧 Parser: MyOrdersVault\Parsers\GenericOrderParser
   Extracted: YES (#outlook)
[2026-06-02 02:19:47] ✅ WILL SAVE: תזכורת לחידוש דומיין nadlanisteam.co.il - Confidence: 40%
[2026-06-02 02:19:47] ✅ Cleaned order number: outlook (alphanumeric)
[2026-06-02 02:19:47] 💾 gmail_messages ID: 216
   Order save: FAILED
   Reason: parser_success_confidence_40
   Customer email: none
   Order number valid: YES
[2026-06-02 02:19:47] 🔄 Processing message 92: 19dd4db9b386bbf6
[2026-06-02 02:19:48] 📊 Subject: Software Engineer: Cisco and Ethosia are hiring
   From: messages-noreply@linkedin.com
   Sender score: 20/40
   Content score: 25/100
   Combined confidence: 34%
   Signals: order_number_pattern
[2026-06-02 02:19:48] 🔧 Parser: MyOrdersVault\Parsers\GenericOrderParser
   Extracted: YES (#Token)
[2026-06-02 02:19:48] ✅ WILL SAVE: Software Engineer: Cisco and Ethosia are hiring - Confidence: 34%
[2026-06-02 02:19:48] ⚠️ Invalid order number: Token - Does not match any known pattern and length < 6
[2026-06-02 02:19:48] 💾 gmail_messages ID: 217
   Order save: FAILED
   Reason: parser_success_confidence_34
   Customer email: none
   Order number valid: NO
[2026-06-02 02:19:48] 🔄 Processing message 93: 19dd4677d65dd08a
[2026-06-02 02:19:48] 📊 Subject: A big week at Base44
   From: no-reply@marketing.base44.com
   Sender score: 20/40
   Content score: 35/100
   Combined confidence: 40%
   Signals: order_number_pattern, item_list_found
[2026-06-02 02:19:48] 🔧 Parser: MyOrdersVault\Parsers\GenericOrderParser
   Extracted: YES (#e-your-base44-app-04)
[2026-06-02 02:19:48] ✅ WILL SAVE: A big week at Base44 - Confidence: 40%
[2026-06-02 02:19:48] ✅ Cleaned order number: e-your-base44-app-04 (alphanumeric)
[2026-06-02 02:19:48] 💾 gmail_messages ID: 218
   Order save: SUCCESS (ID: 93)
   Reason: parser_success_confidence_40
   Customer email: none
   Order number valid: YES
[2026-06-02 02:19:48] 🔄 Processing message 94: 19dd25d72032a311
[2026-06-02 02:19:48] 📊 Subject: למה לחכות? זה הזמן להשיג מינוי Meta Verified
   From: advertise-noreply@global.metamail.com
   Sender score: 20/40
   Content score: 10/100
   Combined confidence: 24%
   Signals: item_list_found
[2026-06-02 02:19:48] 🔧 Parser: MyOrdersVault\Parsers\GenericOrderParser
   Extracted: YES (#GEN-be64d095ef)
[2026-06-02 02:19:48] ✅ WILL SAVE: למה לחכות? זה הזמן להשיג מינוי Meta Verified - Confidence: 24%
[2026-06-02 02:19:48] ✅ Cleaned order number: GEN-be64d095ef (alphanumeric)
[2026-06-02 02:19:48] 💾 gmail_messages ID: 219
   Order save: SUCCESS (ID: 94)
   Reason: parser_success_confidence_24
   Customer email: none
   Order number valid: YES
[2026-06-02 02:19:48] 🔄 Processing message 95: 19dcf020604099d5
[2026-06-02 02:19:48] 📊 Subject: Coupon Pack received!
   From: no-reply@kucoin.com
   Sender score: 20/40
   Content score: 35/100
   Combined confidence: 40%
   Signals: order_number_pattern, item_list_found
[2026-06-02 02:19:48] 🔧 Parser: MyOrdersVault\Parsers\GenericOrderParser
   Extracted: YES (#outlook)
[2026-06-02 02:19:48] ✅ WILL SAVE: Coupon Pack received! - Confidence: 40%
[2026-06-02 02:19:48] ✅ Cleaned order number: outlook (alphanumeric)
[2026-06-02 02:19:48] 💾 gmail_messages ID: 220
   Order save: FAILED
   Reason: parser_success_confidence_40
   Customer email: none
   Order number valid: YES
[2026-06-02 02:19:48] 🔄 Processing message 96: 19dcea244f4eafc3
[2026-06-02 02:19:49] 📊 Subject: Security alert for omeronov@gmail.com
   From: no-reply@accounts.google.com
   Sender score: 20/40
   Content score: 0/100
   Combined confidence: 18%
   Signals:
[2026-06-02 02:19:49] 🔧 Parser: MyOrdersVault\Parsers\GenericOrderParser
   Extracted: YES (#GEN-944fbfda4f)
[2026-06-02 02:19:49] ✅ WILL SAVE: Security alert for omeronov@gmail.com - Confidence: 18%
[2026-06-02 02:19:49] ✅ Cleaned order number: GEN-944fbfda4f (alphanumeric)
[2026-06-02 02:19:49] 📧 Extracted customer email: omeronov@gmail.com
[2026-06-02 02:19:49] 💾 gmail_messages ID: 221
   Order save: SUCCESS (ID: 95)
   Reason: parser_success_confidence_18
   Customer email: omeronov@gmail.com
   Order number valid: YES
[2026-06-02 02:19:49] 🔄 Processing message 97: 19dcdc897aa6c6c0
[2026-06-02 02:19:49] 📊 Subject: הודעה על משלוח שמספרו RS1307344056Y
   From: noReply@postil.co.il
   Sender score: 20/40
   Content score: 10/100
   Combined confidence: 24%
   Signals: shipping_signal
[2026-06-02 02:19:49] 🔧 Parser: MyOrdersVault\Parsers\GenericOrderParser
   Extracted: YES (#GEN-da8d3a42c4)
[2026-06-02 02:19:49] ✅ WILL SAVE: הודעה על משלוח שמספרו RS1307344056Y - Confidence: 24%
[2026-06-02 02:19:49] ✅ Cleaned order number: GEN-da8d3a42c4 (alphanumeric)
[2026-06-02 02:19:49] 💾 gmail_messages ID: 222
   Order save: SUCCESS (ID: 96)
   Reason: parser_success_confidence_24
   Customer email: none
   Order number valid: YES
[2026-06-02 02:19:49] 🔄 Processing message 98: 19dcd785c2d9f7c7
[2026-06-02 02:19:49] 📊 Subject: 4 טיפים להנחיית ה-AI שמאחורי הקריאייטיב של Advantage+‎
   From: advertise-noreply@global.metamail.com
   Sender score: 20/40
   Content score: 35/100
   Combined confidence: 40%
   Signals: order_number_pattern, item_list_found
[2026-06-02 02:19:49] 🔧 Parser: MyOrdersVault\Parsers\GenericOrderParser
   Extracted: YES (#GEN-6aa419ec2f)
[2026-06-02 02:19:49] ✅ WILL SAVE: 4 טיפים להנחיית ה-AI שמאחורי הקריאייטיב של Advantage+‎ - Confidence: 40%
[2026-06-02 02:19:49] ✅ Cleaned order number: GEN-6aa419ec2f (alphanumeric)
[2026-06-02 02:19:49] 💾 gmail_messages ID: 223
   Order save: SUCCESS (ID: 97)
   Reason: parser_success_confidence_40
   Customer email: none
   Order number valid: YES
[2026-06-02 02:19:49] 🔄 Processing message 99: 19dccf9eec4f7253
[2026-06-02 02:19:49] 📊 Subject: תזכורת לחידוש דומיין goldenevents.co.il
   From: noreply@box.co.il
   Sender score: 20/40
   Content score: 35/100
   Combined confidence: 40%
   Signals: order_number_pattern, item_list_found
[2026-06-02 02:19:49] 🔧 Parser: MyOrdersVault\Parsers\GenericOrderParser
   Extracted: YES (#outlook)
[2026-06-02 02:19:49] ✅ WILL SAVE: תזכורת לחידוש דומיין goldenevents.co.il - Confidence: 40%
[2026-06-02 02:19:49] ✅ Cleaned order number: outlook (alphanumeric)
[2026-06-02 02:19:49] 💾 gmail_messages ID: 224
   Order save: FAILED
   Reason: parser_success_confidence_40
   Customer email: none
   Order number valid: YES
[2026-06-02 02:19:49] 🔄 Processing message 100: 19dc50f8fbe8de85
[2026-06-02 02:19:50] 📊 Subject: Your Futures Trial Funds Have Expired
   From: no-reply@kucoin.com
   Sender score: 20/40
   Content score: 35/100
   Combined confidence: 40%
   Signals: order_number_pattern, item_list_found
[2026-06-02 02:19:50] 🔧 Parser: MyOrdersVault\Parsers\GenericOrderParser
   Extracted: YES (#outlook)
[2026-06-02 02:19:50] ✅ WILL SAVE: Your Futures Trial Funds Have Expired - Confidence: 40%
[2026-06-02 02:19:50] ✅ Cleaned order number: outlook (alphanumeric)
[2026-06-02 02:19:50] 💾 gmail_messages ID: 225
   Order save: FAILED
   Reason: parser_success_confidence_40
   Customer email: none
   Order number valid: YES
[2026-06-02 02:19:50] ===== END SYNC. Saved: 99 =====
[2026-06-02 02:19:50] [2026-06-02 02:19:50] ===== START SYNC =====
Query: ((subject:"order confirmation" OR subject:"order receipt" OR subject:"purchase confirmation" OR subject:"payment confirmation" OR subject:"payment receipt" OR subject:"invoice" OR subject:"receipt" OR subject:"your order" OR subject:"order summary" OR subject:"order details" OR subject:"order shipped" OR subject:"order dispatched" OR subject:"shipment confirmation" OR subject:"delivery confirmation" OR subject:"thank you for your purchase" OR subject:"thank you for your order" OR subject:"billing confirmation" OR subject:"transaction receipt" OR subject:"your purchase" OR subject:"אישור הזמנה" OR subject:"אישור רכישה" OR subject:"חשבונית" OR subject:"קבלה" OR subject:"פרטי הזמנה" OR subject:"סיכום הזמנה" OR subject:"ההזמנה שלך" OR subject:"הרכישה שלך" OR subject:"תודה על הזמנתך" OR subject:"תודה על רכישתך" OR subject:"אישור תשלום" OR subject:"אישור עסקה" OR subject:"חשבונית מס" OR subject:"חשבונית עסקה" OR subject:"הזמנתך התקבלה" OR subject:"הרכישה התקבלה" OR subject:"מסמך עסקה" OR subject:"פרטי עסקה" OR subject:"אסמכתא" OR subject:"מספר הזמנה") OR (from:noreply@amazon OR from:order@amazon OR from:shipment-tracking@amazon OR from:auto-confirm@amazon OR from:orders@aliexpress OR from:noreply@aliexpress OR from:ebay@ebay OR from:noreply@ebay OR from:service@paypal OR from:service@intl.paypal.com OR from:receipts@ OR from:orders@ OR from:billing@ OR from:invoice@ OR from:noreply@ OR from:no-reply@ OR from:confirmation@ OR from:support@ OR from:online@ksp.co.il OR from:noreply@ivory.co.il OR from:orders@bug.co.il OR from:noreply@zap.co.il OR from:noreply@superspharm.co.il OR from:noreply@shufersal.co.il OR from:noreply@rami-levy.co.il OR from:orders@terminalx.com OR from:noreply@adika.com OR from:noreply@golf.co.il OR from:noreply@factory54.co.il OR from:orders@shein.com OR from:noreply@Castro.co.il OR from:noreply@renuar.co.il OR from:noreply@HOmydesign.com OR from:noreply@ace.co.il OR from:noreply@ikea.com OR from:info@terminalx.com))
Total messages found: 100
[2026-06-02 02:19:50] 🔄 Processing message 1: 19e84ab54948e596
[2026-06-02 02:19:50] ⏭️ Already processed, skipping
[2026-06-02 02:19:50] 🔄 Processing message 2: 19e8454f8c2bfe2d
[2026-06-02 02:19:50] ⏭️ Already processed, skipping
[2026-06-02 02:19:50] 🔄 Processing message 3: 19e82ea26f8e0ee8
[2026-06-02 02:19:50] ⏭️ Already processed, skipping
[2026-06-02 02:19:50] 🔄 Processing message 4: 19e809380a9a4691
[2026-06-02 02:19:50] ⏭️ Already processed, skipping
[2026-06-02 02:19:50] 🔄 Processing message 5: 19e8056a02edc167
[2026-06-02 02:19:50] ⏭️ Already processed, skipping
[2026-06-02 02:19:50] 🔄 Processing message 6: 19e7e703c1f2ee53
[2026-06-02 02:19:50] ⏭️ Already processed, skipping
[2026-06-02 02:19:50] 🔄 Processing message 7: 19e7e527c9de2b8a
[2026-06-02 02:19:50] ⏭️ Already processed, skipping
[2026-06-02 02:19:50] 🔄 Processing message 8: 19e7e3bbaeb62d40
[2026-06-02 02:19:50] ⏭️ Already processed, skipping
[2026-06-02 02:19:50] 🔄 Processing message 9: 19e7c98a96c85bb6
[2026-06-02 02:19:50] ⏭️ Already processed, skipping
[2026-06-02 02:19:50] 🔄 Processing message 10: 19e786734727221a
[2026-06-02 02:19:50] ⏭️ Already processed, skipping
[2026-06-02 02:19:50] 🔄 Processing message 11: 19e777a1a094ec3f
[2026-06-02 02:19:50] ⏭️ Already processed, skipping
[2026-06-02 02:19:50] 🔄 Processing message 12: 19e6f8d5f235cf69
[2026-06-02 02:19:50] ⏭️ Already processed, skipping
[2026-06-02 02:19:50] 🔄 Processing message 13: 19e6c9c31682a901
[2026-06-02 02:19:50] ⏭️ Already processed, skipping
[2026-06-02 02:19:50] 🔄 Processing message 14: 19e6b7f7d8883d5d
[2026-06-02 02:19:50] ⏭️ Already processed, skipping
[2026-06-02 02:19:50] 🔄 Processing message 15: 19e650d9e8de6b64
[2026-06-02 02:19:50] ⏭️ Already processed, skipping
[2026-06-02 02:19:50] 🔄 Processing message 16: 19e64f4d7d5ecad6
[2026-06-02 02:19:50] ⏭️ Already processed, skipping
[2026-06-02 02:19:50] 🔄 Processing message 17: 19e63dd183c6fe5d
[2026-06-02 02:19:50] ⏭️ Already processed, skipping
[2026-06-02 02:19:50] 🔄 Processing message 18: 19e62dd05e91b0b8
[2026-06-02 02:19:50] ⏭️ Already processed, skipping
[2026-06-02 02:19:50] 🔄 Processing message 19: 19e6250639a1c59d
[2026-06-02 02:19:50] ⏭️ Already processed, skipping
[2026-06-02 02:19:50] 🔄 Processing message 20: 19e601732922f71e
[2026-06-02 02:19:50] ⏭️ Already processed, skipping
[2026-06-02 02:19:50] 🔄 Processing message 21: 19e54580b8380f9b
[2026-06-02 02:19:50] ⏭️ Already processed, skipping
[2026-06-02 02:19:50] 🔄 Processing message 22: 19e5074408aed0c8
[2026-06-02 02:19:50] ⏭️ Already processed, skipping
[2026-06-02 02:19:50] 🔄 Processing message 23: 19e4f3268961c24e
[2026-06-02 02:19:50] ⏭️ Already processed, skipping
[2026-06-02 02:19:50] 🔄 Processing message 24: 19e4db522c0aaebf
[2026-06-02 02:19:50] ⏭️ Already processed, skipping
[2026-06-02 02:19:51] 🔄 Processing message 25: 19e4c73302096ed7
[2026-06-02 02:19:51] 📊 Subject: Your Epic Games Receipt
   From: help@acct.epicgames.com
   Sender score: 0/40
   Content score: 10/100
   Combined confidence: 7%
   Signals: subject_keyword
[2026-06-02 02:19:51] ⏭️ Confidence 7% < 10%, skipping
[2026-06-02 02:19:51] 🔄 Processing message 26: 19e4c72d3245f638
[2026-06-02 02:19:51] ⏭️ Already processed, skipping
[2026-06-02 02:19:51] 🔄 Processing message 27: 19e4b04f74978f0d
[2026-06-02 02:19:51] ⏭️ Already processed, skipping
[2026-06-02 02:19:51] 🔄 Processing message 28: 19e4801a5c5c9bcf
[2026-06-02 02:19:51] ⏭️ Already processed, skipping
[2026-06-02 02:19:51] 🔄 Processing message 29: 19e45c6e7ae04c74
[2026-06-02 02:19:51] ⏭️ Already processed, skipping
[2026-06-02 02:19:51] 🔄 Processing message 30: 19e4584876f99b42
[2026-06-02 02:19:51] ⏭️ Already processed, skipping
[2026-06-02 02:19:51] 🔄 Processing message 31: 19e457bdeffc4783
[2026-06-02 02:19:51] ⏭️ Already processed, skipping
[2026-06-02 02:19:51] 🔄 Processing message 32: 19e43db807b9bc2d
[2026-06-02 02:19:51] ⏭️ Already processed, skipping
[2026-06-02 02:19:51] 🔄 Processing message 33: 19e43d57a0b0be03
[2026-06-02 02:19:51] ⏭️ Already processed, skipping
[2026-06-02 02:19:51] 🔄 Processing message 34: 19e436cab76c3c80
[2026-06-02 02:19:51] ⏭️ Already processed, skipping
[2026-06-02 02:19:51] 🔄 Processing message 35: 19e4349d0c38105a
[2026-06-02 02:19:51] ⏭️ Already processed, skipping
[2026-06-02 02:19:51] 🔄 Processing message 36: 19e4345dff55eb19
[2026-06-02 02:19:51] ⏭️ Already processed, skipping
[2026-06-02 02:19:51] 🔄 Processing message 37: 19e4344a202252f3
[2026-06-02 02:19:51] ⏭️ Already processed, skipping
[2026-06-02 02:19:51] 🔄 Processing message 38: 19e4207115212d46
[2026-06-02 02:19:51] ⏭️ Already processed, skipping
[2026-06-02 02:19:51] 🔄 Processing message 39: 19e41a84ea542c21
[2026-06-02 02:19:51] ⏭️ Already processed, skipping
[2026-06-02 02:19:51] 🔄 Processing message 40: 19e41039e78742d3
[2026-06-02 02:19:51] ⏭️ Already processed, skipping
[2026-06-02 02:19:51] 🔄 Processing message 41: 19e41012e6600637
[2026-06-02 02:19:51] ⏭️ Already processed, skipping
[2026-06-02 02:19:51] 🔄 Processing message 42: 19e40e1f486cb856
[2026-06-02 02:19:51] ⏭️ Already processed, skipping
[2026-06-02 02:19:51] 🔄 Processing message 43: 19e3ed106bec1b81
[2026-06-02 02:19:51] ⏭️ Already processed, skipping
[2026-06-02 02:19:51] 🔄 Processing message 44: 19e3c4f2739e14fd
[2026-06-02 02:19:51] ⏭️ Already processed, skipping
[2026-06-02 02:19:51] 🔄 Processing message 45: 19e3b8bd073d3b98
[2026-06-02 02:19:51] ⏭️ Already processed, skipping
[2026-06-02 02:19:51] 🔄 Processing message 46: 19e3b640d7571fe6
[2026-06-02 02:19:51] ⏭️ Already processed, skipping
[2026-06-02 02:19:51] 🔄 Processing message 47: 19e39b152b13d80f
[2026-06-02 02:19:51] ⏭️ Already processed, skipping
[2026-06-02 02:19:51] 🔄 Processing message 48: 19e331e1c019893e
[2026-06-02 02:19:51] ⏭️ Already processed, skipping
[2026-06-02 02:19:51] 🔄 Processing message 49: 19e2c67d5d1a35b2
[2026-06-02 02:19:51] ⏭️ Already processed, skipping
[2026-06-02 02:19:51] 🔄 Processing message 50: 19e2b23d17b83e0a
[2026-06-02 02:19:51] ⏭️ Already processed, skipping
[2026-06-02 02:19:51] 🔄 Processing message 51: 19e29ab1a4c88e8a
[2026-06-02 02:19:51] ⏭️ Already processed, skipping
[2026-06-02 02:19:51] 🔄 Processing message 52: 19e26b2210d9f2cd
[2026-06-02 02:19:51] ⏭️ Already processed, skipping
[2026-06-02 02:19:51] 🔄 Processing message 53: 19e20dbdc94aae0f
[2026-06-02 02:19:51] ⏭️ Already processed, skipping
[2026-06-02 02:19:51] 🔄 Processing message 54: 19e1f5f182d4ef10
[2026-06-02 02:19:51] ⏭️ Already processed, skipping
[2026-06-02 02:19:51] 🔄 Processing message 55: 19e1e2e3aeddff1e
[2026-06-02 02:19:51] ⏭️ Already processed, skipping
[2026-06-02 02:19:51] 🔄 Processing message 56: 19e1cf4a0d87b86b
[2026-06-02 02:19:51] ⏭️ Already processed, skipping
[2026-06-02 02:19:51] 🔄 Processing message 57: 19e1a91dac7b3468
[2026-06-02 02:19:51] ⏭️ Already processed, skipping
[2026-06-02 02:19:51] 🔄 Processing message 58: 19e192eca1287be1
[2026-06-02 02:19:51] ⏭️ Already processed, skipping
[2026-06-02 02:19:51] 🔄 Processing message 59: 19e1918a3549d72e
[2026-06-02 02:19:51] ⏭️ Already processed, skipping
[2026-06-02 02:19:51] 🔄 Processing message 60: 19e1846b5e593d6f
[2026-06-02 02:19:51] ⏭️ Already processed, skipping
[2026-06-02 02:19:51] 🔄 Processing message 61: 19e1825b7537decd
[2026-06-02 02:19:51] ⏭️ Already processed, skipping
[2026-06-02 02:19:51] 🔄 Processing message 62: 19e175db1727dd23
[2026-06-02 02:19:51] ⏭️ Already processed, skipping
[2026-06-02 02:19:51] 🔄 Processing message 63: 19e15b0dbf237625
[2026-06-02 02:19:51] ⏭️ Already processed, skipping
[2026-06-02 02:19:51] 🔄 Processing message 64: 19e15a926ff8938d
[2026-06-02 02:19:51] ⏭️ Already processed, skipping
[2026-06-02 02:19:51] 🔄 Processing message 65: 19e15a91a5357386
[2026-06-02 02:19:51] ⏭️ Already processed, skipping
[2026-06-02 02:19:51] 🔄 Processing message 66: 19e15a838d8bdc44
[2026-06-02 02:19:51] ⏭️ Already processed, skipping
[2026-06-02 02:19:51] 🔄 Processing message 67: 19e1581a4624bda7
[2026-06-02 02:19:51] ⏭️ Already processed, skipping
[2026-06-02 02:19:51] 🔄 Processing message 68: 19e156e89825fbaa
[2026-06-02 02:19:51] ⏭️ Already processed, skipping
[2026-06-02 02:19:51] 🔄 Processing message 69: 19e0862e45231f45
[2026-06-02 02:19:51] ⏭️ Already processed, skipping
[2026-06-02 02:19:51] 🔄 Processing message 70: 19e04a0468c1b700
[2026-06-02 02:19:51] ⏭️ Already processed, skipping
[2026-06-02 02:19:51] 🔄 Processing message 71: 19e0334dc7d95f0e
[2026-06-02 02:19:51] ⏭️ Already processed, skipping
[2026-06-02 02:19:51] 🔄 Processing message 72: 19e012b25bf40a9f
[2026-06-02 02:19:51] ⏭️ Already processed, skipping
[2026-06-02 02:19:51] 🔄 Processing message 73: 19e00d448d54980e
[2026-06-02 02:19:51] ⏭️ Already processed, skipping
[2026-06-02 02:19:51] 🔄 Processing message 74: 19dff5f9deba1f87
[2026-06-02 02:19:51] ⏭️ Already processed, skipping
[2026-06-02 02:19:51] 🔄 Processing message 75: 19dff4461bf48e07
[2026-06-02 02:19:51] ⏭️ Already processed, skipping
[2026-06-02 02:19:51] 🔄 Processing message 76: 19dff23a12a611cc
[2026-06-02 02:19:51] ⏭️ Already processed, skipping
[2026-06-02 02:19:51] 🔄 Processing message 77: 19dfccd5004a49ce
[2026-06-02 02:19:51] ⏭️ Already processed, skipping
[2026-06-02 02:19:51] 🔄 Processing message 78: 19dfc47c2deb5c5b
[2026-06-02 02:19:51] ⏭️ Already processed, skipping
[2026-06-02 02:19:51] 🔄 Processing message 79: 19df8e81e797538f
[2026-06-02 02:19:51] ⏭️ Already processed, skipping
[2026-06-02 02:19:51] 🔄 Processing message 80: 19df84d87f6b82f1
[2026-06-02 02:19:51] ⏭️ Already processed, skipping
[2026-06-02 02:19:51] 🔄 Processing message 81: 19df7756c8982dce
[2026-06-02 02:19:51] ⏭️ Already processed, skipping
[2026-06-02 02:19:51] 🔄 Processing message 82: 19df72614f444551
[2026-06-02 02:19:51] ⏭️ Already processed, skipping
[2026-06-02 02:19:51] 🔄 Processing message 83: 19df310a305ef8bc
[2026-06-02 02:19:51] ⏭️ Already processed, skipping
[2026-06-02 02:19:51] 🔄 Processing message 84: 19df1756608e9463
[2026-06-02 02:19:51] ⏭️ Already processed, skipping
[2026-06-02 02:19:51] 🔄 Processing message 85: 19dee00a7a5793e5
[2026-06-02 02:19:51] ⏭️ Already processed, skipping
[2026-06-02 02:19:51] 🔄 Processing message 86: 19ded47b023b5f21
[2026-06-02 02:19:51] ⏭️ Already processed, skipping
[2026-06-02 02:19:51] 🔄 Processing message 87: 19de89a697fb6531
[2026-06-02 02:19:51] ⏭️ Already processed, skipping
[2026-06-02 02:19:51] 🔄 Processing message 88: 19de599c9e44cc45
[2026-06-02 02:19:51] ⏭️ Already processed, skipping
[2026-06-02 02:19:51] 🔄 Processing message 89: 19ddaa0f1d4f7fb1
[2026-06-02 02:19:51] ⏭️ Already processed, skipping
[2026-06-02 02:19:51] 🔄 Processing message 90: 19dd98997a2d42e1
[2026-06-02 02:19:51] ⏭️ Already processed, skipping
[2026-06-02 02:19:51] 🔄 Processing message 91: 19dd7442cbe2681c
[2026-06-02 02:19:51] ⏭️ Already processed, skipping
[2026-06-02 02:19:51] 🔄 Processing message 92: 19dd4db9b386bbf6
[2026-06-02 02:19:51] ⏭️ Already processed, skipping
[2026-06-02 02:19:51] 🔄 Processing message 93: 19dd4677d65dd08a
[2026-06-02 02:19:51] ⏭️ Already processed, skipping
[2026-06-02 02:19:51] 🔄 Processing message 94: 19dd25d72032a311
[2026-06-02 02:19:51] ⏭️ Already processed, skipping
[2026-06-02 02:19:51] 🔄 Processing message 95: 19dcf020604099d5
[2026-06-02 02:19:51] ⏭️ Already processed, skipping
[2026-06-02 02:19:51] 🔄 Processing message 96: 19dcea244f4eafc3
[2026-06-02 02:19:51] ⏭️ Already processed, skipping
[2026-06-02 02:19:51] 🔄 Processing message 97: 19dcdc897aa6c6c0
[2026-06-02 02:19:51] ⏭️ Already processed, skipping
[2026-06-02 02:19:51] 🔄 Processing message 98: 19dcd785c2d9f7c7
[2026-06-02 02:19:51] ⏭️ Already processed, skipping
[2026-06-02 02:19:51] 🔄 Processing message 99: 19dccf9eec4f7253
[2026-06-02 02:19:51] ⏭️ Already processed, skipping
[2026-06-02 02:19:51] 🔄 Processing message 100: 19dc50f8fbe8de85
[2026-06-02 02:19:51] ⏭️ Already processed, skipping
[2026-06-02 02:19:51] ===== END SYNC. Saved: 0 =====
[2026-06-02 02:19:53] [2026-06-02 02:19:53] ===== START SYNC =====
Query: ((subject:"order confirmation" OR subject:"order receipt" OR subject:"purchase confirmation" OR subject:"payment confirmation" OR subject:"payment receipt" OR subject:"invoice" OR subject:"receipt" OR subject:"your order" OR subject:"order summary" OR subject:"order details" OR subject:"order shipped" OR subject:"order dispatched" OR subject:"shipment confirmation" OR subject:"delivery confirmation" OR subject:"thank you for your purchase" OR subject:"thank you for your order" OR subject:"billing confirmation" OR subject:"transaction receipt" OR subject:"your purchase" OR subject:"אישור הזמנה" OR subject:"אישור רכישה" OR subject:"חשבונית" OR subject:"קבלה" OR subject:"פרטי הזמנה" OR subject:"סיכום הזמנה" OR subject:"ההזמנה שלך" OR subject:"הרכישה שלך" OR subject:"תודה על הזמנתך" OR subject:"תודה על רכישתך" OR subject:"אישור תשלום" OR subject:"אישור עסקה" OR subject:"חשבונית מס" OR subject:"חשבונית עסקה" OR subject:"הזמנתך התקבלה" OR subject:"הרכישה התקבלה" OR subject:"מסמך עסקה" OR subject:"פרטי עסקה" OR subject:"אסמכתא" OR subject:"מספר הזמנה") OR (from:noreply@amazon OR from:order@amazon OR from:shipment-tracking@amazon OR from:auto-confirm@amazon OR from:orders@aliexpress OR from:noreply@aliexpress OR from:ebay@ebay OR from:noreply@ebay OR from:service@paypal OR from:service@intl.paypal.com OR from:receipts@ OR from:orders@ OR from:billing@ OR from:invoice@ OR from:noreply@ OR from:no-reply@ OR from:confirmation@ OR from:support@ OR from:online@ksp.co.il OR from:noreply@ivory.co.il OR from:orders@bug.co.il OR from:noreply@zap.co.il OR from:noreply@superspharm.co.il OR from:noreply@shufersal.co.il OR from:noreply@rami-levy.co.il OR from:orders@terminalx.com OR from:noreply@adika.com OR from:noreply@golf.co.il OR from:noreply@factory54.co.il OR from:orders@shein.com OR from:noreply@Castro.co.il OR from:noreply@renuar.co.il OR from:noreply@HOmydesign.com OR from:noreply@ace.co.il OR from:noreply@ikea.com OR from:info@terminalx.com))
Total messages found: 100
[2026-06-02 02:19:53] 🔄 Processing message 1: 19e84ab54948e596
[2026-06-02 02:19:53] ⏭️ Already processed, skipping
[2026-06-02 02:19:53] 🔄 Processing message 2: 19e8454f8c2bfe2d
[2026-06-02 02:19:53] ⏭️ Already processed, skipping
[2026-06-02 02:19:53] 🔄 Processing message 3: 19e82ea26f8e0ee8
[2026-06-02 02:19:54] ⏭️ Already processed, skipping
[2026-06-02 02:19:54] 🔄 Processing message 4: 19e809380a9a4691
[2026-06-02 02:19:54] ⏭️ Already processed, skipping
[2026-06-02 02:19:54] 🔄 Processing message 5: 19e8056a02edc167
[2026-06-02 02:19:54] ⏭️ Already processed, skipping
[2026-06-02 02:19:54] 🔄 Processing message 6: 19e7e703c1f2ee53
[2026-06-02 02:19:54] ⏭️ Already processed, skipping
[2026-06-02 02:19:54] 🔄 Processing message 7: 19e7e527c9de2b8a
[2026-06-02 02:19:54] ⏭️ Already processed, skipping
[2026-06-02 02:19:54] 🔄 Processing message 8: 19e7e3bbaeb62d40
[2026-06-02 02:19:54] ⏭️ Already processed, skipping
[2026-06-02 02:19:54] 🔄 Processing message 9: 19e7c98a96c85bb6
[2026-06-02 02:19:54] ⏭️ Already processed, skipping
[2026-06-02 02:19:54] 🔄 Processing message 10: 19e786734727221a
[2026-06-02 02:19:54] ⏭️ Already processed, skipping
[2026-06-02 02:19:54] 🔄 Processing message 11: 19e777a1a094ec3f
[2026-06-02 02:19:54] ⏭️ Already processed, skipping
[2026-06-02 02:19:54] 🔄 Processing message 12: 19e6f8d5f235cf69
[2026-06-02 02:19:54] ⏭️ Already processed, skipping
[2026-06-02 02:19:54] 🔄 Processing message 13: 19e6c9c31682a901
[2026-06-02 02:19:54] ⏭️ Already processed, skipping
[2026-06-02 02:19:54] 🔄 Processing message 14: 19e6b7f7d8883d5d
[2026-06-02 02:19:54] ⏭️ Already processed, skipping
[2026-06-02 02:19:54] 🔄 Processing message 15: 19e650d9e8de6b64
[2026-06-02 02:19:54] ⏭️ Already processed, skipping
[2026-06-02 02:19:54] 🔄 Processing message 16: 19e64f4d7d5ecad6
[2026-06-02 02:19:54] ⏭️ Already processed, skipping
[2026-06-02 02:19:54] 🔄 Processing message 17: 19e63dd183c6fe5d
[2026-06-02 02:19:54] ⏭️ Already processed, skipping
[2026-06-02 02:19:54] 🔄 Processing message 18: 19e62dd05e91b0b8
[2026-06-02 02:19:54] ⏭️ Already processed, skipping
[2026-06-02 02:19:54] 🔄 Processing message 19: 19e6250639a1c59d
[2026-06-02 02:19:54] ⏭️ Already processed, skipping
[2026-06-02 02:19:54] 🔄 Processing message 20: 19e601732922f71e
[2026-06-02 02:19:54] ⏭️ Already processed, skipping
[2026-06-02 02:19:54] 🔄 Processing message 21: 19e54580b8380f9b
[2026-06-02 02:19:54] ⏭️ Already processed, skipping
[2026-06-02 02:19:54] 🔄 Processing message 22: 19e5074408aed0c8
[2026-06-02 02:19:54] ⏭️ Already processed, skipping
[2026-06-02 02:19:54] 🔄 Processing message 23: 19e4f3268961c24e
[2026-06-02 02:19:54] ⏭️ Already processed, skipping
[2026-06-02 02:19:54] 🔄 Processing message 24: 19e4db522c0aaebf
[2026-06-02 02:19:54] ⏭️ Already processed, skipping
[2026-06-02 02:19:54] 🔄 Processing message 25: 19e4c73302096ed7
[2026-06-02 02:19:54] 📊 Subject: Your Epic Games Receipt
   From: help@acct.epicgames.com
   Sender score: 0/40
   Content score: 10/100
   Combined confidence: 7%
   Signals: subject_keyword
[2026-06-02 02:19:54] ⏭️ Confidence 7% < 10%, skipping
[2026-06-02 02:19:54] 🔄 Processing message 26: 19e4c72d3245f638
[2026-06-02 02:19:54] ⏭️ Already processed, skipping
[2026-06-02 02:19:54] 🔄 Processing message 27: 19e4b04f74978f0d
[2026-06-02 02:19:54] ⏭️ Already processed, skipping
[2026-06-02 02:19:54] 🔄 Processing message 28: 19e4801a5c5c9bcf
[2026-06-02 02:19:54] ⏭️ Already processed, skipping
[2026-06-02 02:19:54] 🔄 Processing message 29: 19e45c6e7ae04c74
[2026-06-02 02:19:54] ⏭️ Already processed, skipping
[2026-06-02 02:19:54] 🔄 Processing message 30: 19e4584876f99b42
[2026-06-02 02:19:54] ⏭️ Already processed, skipping
[2026-06-02 02:19:54] 🔄 Processing message 31: 19e457bdeffc4783
[2026-06-02 02:19:54] ⏭️ Already processed, skipping
[2026-06-02 02:19:54] 🔄 Processing message 32: 19e43db807b9bc2d
[2026-06-02 02:19:54] ⏭️ Already processed, skipping
[2026-06-02 02:19:54] 🔄 Processing message 33: 19e43d57a0b0be03
[2026-06-02 02:19:54] ⏭️ Already processed, skipping
[2026-06-02 02:19:54] 🔄 Processing message 34: 19e436cab76c3c80
[2026-06-02 02:19:54] ⏭️ Already processed, skipping
[2026-06-02 02:19:54] 🔄 Processing message 35: 19e4349d0c38105a
[2026-06-02 02:19:54] ⏭️ Already processed, skipping
[2026-06-02 02:19:54] 🔄 Processing message 36: 19e4345dff55eb19
[2026-06-02 02:19:54] ⏭️ Already processed, skipping
[2026-06-02 02:19:54] 🔄 Processing message 37: 19e4344a202252f3
[2026-06-02 02:19:54] ⏭️ Already processed, skipping
[2026-06-02 02:19:54] 🔄 Processing message 38: 19e4207115212d46
[2026-06-02 02:19:54] ⏭️ Already processed, skipping
[2026-06-02 02:19:54] 🔄 Processing message 39: 19e41a84ea542c21
[2026-06-02 02:19:54] ⏭️ Already processed, skipping
[2026-06-02 02:19:54] 🔄 Processing message 40: 19e41039e78742d3
[2026-06-02 02:19:54] ⏭️ Already processed, skipping
[2026-06-02 02:19:54] 🔄 Processing message 41: 19e41012e6600637
[2026-06-02 02:19:54] ⏭️ Already processed, skipping
[2026-06-02 02:19:54] 🔄 Processing message 42: 19e40e1f486cb856
[2026-06-02 02:19:54] ⏭️ Already processed, skipping
[2026-06-02 02:19:54] 🔄 Processing message 43: 19e3ed106bec1b81
[2026-06-02 02:19:54] ⏭️ Already processed, skipping
[2026-06-02 02:19:54] 🔄 Processing message 44: 19e3c4f2739e14fd
[2026-06-02 02:19:54] ⏭️ Already processed, skipping
[2026-06-02 02:19:54] 🔄 Processing message 45: 19e3b8bd073d3b98
[2026-06-02 02:19:54] ⏭️ Already processed, skipping
[2026-06-02 02:19:54] 🔄 Processing message 46: 19e3b640d7571fe6
[2026-06-02 02:19:54] ⏭️ Already processed, skipping
[2026-06-02 02:19:54] 🔄 Processing message 47: 19e39b152b13d80f
[2026-06-02 02:19:54] ⏭️ Already processed, skipping
[2026-06-02 02:19:54] 🔄 Processing message 48: 19e331e1c019893e
[2026-06-02 02:19:54] ⏭️ Already processed, skipping
[2026-06-02 02:19:54] 🔄 Processing message 49: 19e2c67d5d1a35b2
[2026-06-02 02:19:54] ⏭️ Already processed, skipping
[2026-06-02 02:19:54] 🔄 Processing message 50: 19e2b23d17b83e0a
[2026-06-02 02:19:54] ⏭️ Already processed, skipping
[2026-06-02 02:19:54] 🔄 Processing message 51: 19e29ab1a4c88e8a
[2026-06-02 02:19:54] ⏭️ Already processed, skipping
[2026-06-02 02:19:54] 🔄 Processing message 52: 19e26b2210d9f2cd
[2026-06-02 02:19:54] ⏭️ Already processed, skipping
[2026-06-02 02:19:54] 🔄 Processing message 53: 19e20dbdc94aae0f
[2026-06-02 02:19:54] ⏭️ Already processed, skipping
[2026-06-02 02:19:54] 🔄 Processing message 54: 19e1f5f182d4ef10
[2026-06-02 02:19:54] ⏭️ Already processed, skipping
[2026-06-02 02:19:54] 🔄 Processing message 55: 19e1e2e3aeddff1e
[2026-06-02 02:19:54] ⏭️ Already processed, skipping
[2026-06-02 02:19:54] 🔄 Processing message 56: 19e1cf4a0d87b86b
[2026-06-02 02:19:54] ⏭️ Already processed, skipping
[2026-06-02 02:19:54] 🔄 Processing message 57: 19e1a91dac7b3468
[2026-06-02 02:19:54] ⏭️ Already processed, skipping
[2026-06-02 02:19:54] 🔄 Processing message 58: 19e192eca1287be1
[2026-06-02 02:19:54] ⏭️ Already processed, skipping
[2026-06-02 02:19:54] 🔄 Processing message 59: 19e1918a3549d72e
[2026-06-02 02:19:54] ⏭️ Already processed, skipping
[2026-06-02 02:19:54] 🔄 Processing message 60: 19e1846b5e593d6f
[2026-06-02 02:19:54] ⏭️ Already processed, skipping
[2026-06-02 02:19:54] 🔄 Processing message 61: 19e1825b7537decd
[2026-06-02 02:19:54] ⏭️ Already processed, skipping
[2026-06-02 02:19:54] 🔄 Processing message 62: 19e175db1727dd23
[2026-06-02 02:19:54] ⏭️ Already processed, skipping
[2026-06-02 02:19:54] 🔄 Processing message 63: 19e15b0dbf237625
[2026-06-02 02:19:54] ⏭️ Already processed, skipping
[2026-06-02 02:19:54] 🔄 Processing message 64: 19e15a926ff8938d
[2026-06-02 02:19:54] ⏭️ Already processed, skipping
[2026-06-02 02:19:54] 🔄 Processing message 65: 19e15a91a5357386
[2026-06-02 02:19:54] ⏭️ Already processed, skipping
[2026-06-02 02:19:54] 🔄 Processing message 66: 19e15a838d8bdc44
[2026-06-02 02:19:54] ⏭️ Already processed, skipping
[2026-06-02 02:19:54] 🔄 Processing message 67: 19e1581a4624bda7
[2026-06-02 02:19:54] ⏭️ Already processed, skipping
[2026-06-02 02:19:54] 🔄 Processing message 68: 19e156e89825fbaa
[2026-06-02 02:19:54] ⏭️ Already processed, skipping
[2026-06-02 02:19:54] 🔄 Processing message 69: 19e0862e45231f45
[2026-06-02 02:19:54] ⏭️ Already processed, skipping
[2026-06-02 02:19:54] 🔄 Processing message 70: 19e04a0468c1b700
[2026-06-02 02:19:54] ⏭️ Already processed, skipping
[2026-06-02 02:19:54] 🔄 Processing message 71: 19e0334dc7d95f0e
[2026-06-02 02:19:54] ⏭️ Already processed, skipping
[2026-06-02 02:19:54] 🔄 Processing message 72: 19e012b25bf40a9f
[2026-06-02 02:19:54] ⏭️ Already processed, skipping
[2026-06-02 02:19:54] 🔄 Processing message 73: 19e00d448d54980e
[2026-06-02 02:19:54] ⏭️ Already processed, skipping
[2026-06-02 02:19:54] 🔄 Processing message 74: 19dff5f9deba1f87
[2026-06-02 02:19:54] ⏭️ Already processed, skipping
[2026-06-02 02:19:54] 🔄 Processing message 75: 19dff4461bf48e07
[2026-06-02 02:19:54] ⏭️ Already processed, skipping
[2026-06-02 02:19:54] 🔄 Processing message 76: 19dff23a12a611cc
[2026-06-02 02:19:54] ⏭️ Already processed, skipping
[2026-06-02 02:19:54] 🔄 Processing message 77: 19dfccd5004a49ce
[2026-06-02 02:19:54] ⏭️ Already processed, skipping
[2026-06-02 02:19:54] 🔄 Processing message 78: 19dfc47c2deb5c5b
[2026-06-02 02:19:54] ⏭️ Already processed, skipping
[2026-06-02 02:19:54] 🔄 Processing message 79: 19df8e81e797538f
[2026-06-02 02:19:54] ⏭️ Already processed, skipping
[2026-06-02 02:19:54] 🔄 Processing message 80: 19df84d87f6b82f1
[2026-06-02 02:19:54] ⏭️ Already processed, skipping
[2026-06-02 02:19:54] 🔄 Processing message 81: 19df7756c8982dce
[2026-06-02 02:19:54] ⏭️ Already processed, skipping
[2026-06-02 02:19:54] 🔄 Processing message 82: 19df72614f444551
[2026-06-02 02:19:54] ⏭️ Already processed, skipping
[2026-06-02 02:19:54] 🔄 Processing message 83: 19df310a305ef8bc
[2026-06-02 02:19:54] ⏭️ Already processed, skipping
[2026-06-02 02:19:54] 🔄 Processing message 84: 19df1756608e9463
[2026-06-02 02:19:54] ⏭️ Already processed, skipping
[2026-06-02 02:19:54] 🔄 Processing message 85: 19dee00a7a5793e5
[2026-06-02 02:19:54] ⏭️ Already processed, skipping
[2026-06-02 02:19:54] 🔄 Processing message 86: 19ded47b023b5f21
[2026-06-02 02:19:54] ⏭️ Already processed, skipping
[2026-06-02 02:19:54] 🔄 Processing message 87: 19de89a697fb6531
[2026-06-02 02:19:54] ⏭️ Already processed, skipping
[2026-06-02 02:19:54] 🔄 Processing message 88: 19de599c9e44cc45
[2026-06-02 02:19:54] ⏭️ Already processed, skipping
[2026-06-02 02:19:54] 🔄 Processing message 89: 19ddaa0f1d4f7fb1
[2026-06-02 02:19:54] ⏭️ Already processed, skipping
[2026-06-02 02:19:54] 🔄 Processing message 90: 19dd98997a2d42e1
[2026-06-02 02:19:54] ⏭️ Already processed, skipping
[2026-06-02 02:19:54] 🔄 Processing message 91: 19dd7442cbe2681c
[2026-06-02 02:19:54] ⏭️ Already processed, skipping
[2026-06-02 02:19:54] 🔄 Processing message 92: 19dd4db9b386bbf6
[2026-06-02 02:19:54] ⏭️ Already processed, skipping
[2026-06-02 02:19:54] 🔄 Processing message 93: 19dd4677d65dd08a
[2026-06-02 02:19:54] ⏭️ Already processed, skipping
[2026-06-02 02:19:54] 🔄 Processing message 94: 19dd25d72032a311
[2026-06-02 02:19:54] ⏭️ Already processed, skipping
[2026-06-02 02:19:54] 🔄 Processing message 95: 19dcf020604099d5
[2026-06-02 02:19:54] ⏭️ Already processed, skipping
[2026-06-02 02:19:54] 🔄 Processing message 96: 19dcea244f4eafc3
[2026-06-02 02:19:54] ⏭️ Already processed, skipping
[2026-06-02 02:19:54] 🔄 Processing message 97: 19dcdc897aa6c6c0
[2026-06-02 02:19:54] ⏭️ Already processed, skipping
[2026-06-02 02:19:54] 🔄 Processing message 98: 19dcd785c2d9f7c7
[2026-06-02 02:19:54] ⏭️ Already processed, skipping
[2026-06-02 02:19:54] 🔄 Processing message 99: 19dccf9eec4f7253
[2026-06-02 02:19:54] ⏭️ Already processed, skipping
[2026-06-02 02:19:54] 🔄 Processing message 100: 19dc50f8fbe8de85
[2026-06-02 02:19:54] ⏭️ Already processed, skipping
[2026-06-02 02:19:54] ===== END SYNC. Saved: 0 =====
[2026-06-02 02:47:08] [2026-06-02 02:47:08] ===== START SYNC =====
Query: ((subject:"order confirmation" OR subject:"order receipt" OR subject:"purchase confirmation" OR subject:"payment confirmation" OR subject:"payment receipt" OR subject:"invoice" OR subject:"receipt" OR subject:"your order" OR subject:"order summary" OR subject:"order details" OR subject:"order shipped" OR subject:"order dispatched" OR subject:"shipment confirmation" OR subject:"delivery confirmation" OR subject:"thank you for your purchase" OR subject:"thank you for your order" OR subject:"billing confirmation" OR subject:"transaction receipt" OR subject:"your purchase" OR subject:"אישור הזמנה" OR subject:"אישור רכישה" OR subject:"חשבונית" OR subject:"קבלה" OR subject:"פרטי הזמנה" OR subject:"סיכום הזמנה" OR subject:"ההזמנה שלך" OR subject:"הרכישה שלך" OR subject:"תודה על הזמנתך" OR subject:"תודה על רכישתך" OR subject:"אישור תשלום" OR subject:"אישור עסקה" OR subject:"חשבונית מס" OR subject:"חשבונית עסקה" OR subject:"הזמנתך התקבלה" OR subject:"הרכישה התקבלה" OR subject:"מסמך עסקה" OR subject:"פרטי עסקה" OR subject:"אסמכתא" OR subject:"מספר הזמנה") OR (from:noreply@amazon OR from:order@amazon OR from:shipment-tracking@amazon OR from:auto-confirm@amazon OR from:orders@aliexpress OR from:noreply@aliexpress OR from:ebay@ebay OR from:noreply@ebay OR from:service@paypal OR from:service@intl.paypal.com OR from:receipts@ OR from:orders@ OR from:billing@ OR from:invoice@ OR from:noreply@ OR from:no-reply@ OR from:confirmation@ OR from:support@ OR from:online@ksp.co.il OR from:noreply@ivory.co.il OR from:orders@bug.co.il OR from:noreply@zap.co.il OR from:noreply@superspharm.co.il OR from:noreply@shufersal.co.il OR from:noreply@rami-levy.co.il OR from:orders@terminalx.com OR from:noreply@adika.com OR from:noreply@golf.co.il OR from:noreply@factory54.co.il OR from:orders@shein.com OR from:noreply@Castro.co.il OR from:noreply@renuar.co.il OR from:noreply@HOmydesign.com OR from:noreply@ace.co.il OR from:noreply@ikea.com OR from:info@terminalx.com))
Total messages found: 100
[2026-06-02 02:47:08] 🔄 Processing message 1: 19e85b4a72ca9d29
[2026-06-02 02:47:08] 📊 Subject: Security alert
   From: no-reply@accounts.google.com
   Sender score: 20/40
   Content score: 0/100
   Combined confidence: 18%
   Signals:
[2026-06-02 02:47:08] 🔧 Parser: MyOrdersVault\Parsers\GenericOrderParser
   Extracted: YES (#s-app)
[2026-06-02 02:47:08] ✅ WILL SAVE: Security alert - Confidence: 18%
[2026-06-02 02:47:08] ⚠️ Invalid order number: s-app - Does not match any known pattern and length < 6
[2026-06-02 02:47:08] 📧 Extracted customer email: maimonov@gmail.com
[2026-06-02 02:47:08] 💾 gmail_messages ID: 226
   Order save: FAILED
   Reason: parser_success_confidence_18
   Customer email: maimonov@gmail.com
   Order number valid: NO
[2026-06-02 02:47:08] 🔄 Processing message 2: 19e84ab54948e596
[2026-06-02 02:47:08] ⏭️ Already processed, skipping
[2026-06-02 02:47:08] 🔄 Processing message 3: 19e8454f8c2bfe2d
[2026-06-02 02:47:08] ⏭️ Already processed, skipping
[2026-06-02 02:47:08] 🔄 Processing message 4: 19e82ea26f8e0ee8
[2026-06-02 02:47:08] ⏭️ Already processed, skipping
[2026-06-02 02:47:08] 🔄 Processing message 5: 19e809380a9a4691
[2026-06-02 02:47:08] ⏭️ Already processed, skipping
[2026-06-02 02:47:08] 🔄 Processing message 6: 19e8056a02edc167
[2026-06-02 02:47:08] ⏭️ Already processed, skipping
[2026-06-02 02:47:08] 🔄 Processing message 7: 19e7e703c1f2ee53
[2026-06-02 02:47:08] ⏭️ Already processed, skipping
[2026-06-02 02:47:08] 🔄 Processing message 8: 19e7e527c9de2b8a
[2026-06-02 02:47:08] ⏭️ Already processed, skipping
[2026-06-02 02:47:08] 🔄 Processing message 9: 19e7e3bbaeb62d40
[2026-06-02 02:47:08] ⏭️ Already processed, skipping
[2026-06-02 02:47:08] 🔄 Processing message 10: 19e7c98a96c85bb6
[2026-06-02 02:47:08] ⏭️ Already processed, skipping
[2026-06-02 02:47:08] 🔄 Processing message 11: 19e786734727221a
[2026-06-02 02:47:08] ⏭️ Already processed, skipping
[2026-06-02 02:47:08] 🔄 Processing message 12: 19e777a1a094ec3f
[2026-06-02 02:47:08] ⏭️ Already processed, skipping
[2026-06-02 02:47:08] 🔄 Processing message 13: 19e6f8d5f235cf69
[2026-06-02 02:47:08] ⏭️ Already processed, skipping
[2026-06-02 02:47:08] 🔄 Processing message 14: 19e6c9c31682a901
[2026-06-02 02:47:08] ⏭️ Already processed, skipping
[2026-06-02 02:47:08] 🔄 Processing message 15: 19e6b7f7d8883d5d
[2026-06-02 02:47:08] ⏭️ Already processed, skipping
[2026-06-02 02:47:08] 🔄 Processing message 16: 19e650d9e8de6b64
[2026-06-02 02:47:08] ⏭️ Already processed, skipping
[2026-06-02 02:47:08] 🔄 Processing message 17: 19e64f4d7d5ecad6
[2026-06-02 02:47:08] ⏭️ Already processed, skipping
[2026-06-02 02:47:08] 🔄 Processing message 18: 19e63dd183c6fe5d
[2026-06-02 02:47:08] ⏭️ Already processed, skipping
[2026-06-02 02:47:08] 🔄 Processing message 19: 19e62dd05e91b0b8
[2026-06-02 02:47:08] ⏭️ Already processed, skipping
[2026-06-02 02:47:08] 🔄 Processing message 20: 19e6250639a1c59d
[2026-06-02 02:47:08] ⏭️ Already processed, skipping
[2026-06-02 02:47:08] 🔄 Processing message 21: 19e601732922f71e
[2026-06-02 02:47:08] ⏭️ Already processed, skipping
[2026-06-02 02:47:08] 🔄 Processing message 22: 19e54580b8380f9b
[2026-06-02 02:47:08] ⏭️ Already processed, skipping
[2026-06-02 02:47:08] 🔄 Processing message 23: 19e5074408aed0c8
[2026-06-02 02:47:08] ⏭️ Already processed, skipping
[2026-06-02 02:47:08] 🔄 Processing message 24: 19e4f3268961c24e
[2026-06-02 02:47:08] ⏭️ Already processed, skipping
[2026-06-02 02:47:08] 🔄 Processing message 25: 19e4db522c0aaebf
[2026-06-02 02:47:08] ⏭️ Already processed, skipping
[2026-06-02 02:47:08] 🔄 Processing message 26: 19e4c73302096ed7
[2026-06-02 02:47:08] 📊 Subject: Your Epic Games Receipt
   From: help@acct.epicgames.com
   Sender score: 0/40
   Content score: 10/100
   Combined confidence: 7%
   Signals: subject_keyword
[2026-06-02 02:47:08] ⏭️ Confidence 7% < 10%, skipping
[2026-06-02 02:47:08] 🔄 Processing message 27: 19e4c72d3245f638
[2026-06-02 02:47:08] ⏭️ Already processed, skipping
[2026-06-02 02:47:08] 🔄 Processing message 28: 19e4b04f74978f0d
[2026-06-02 02:47:08] ⏭️ Already processed, skipping
[2026-06-02 02:47:08] 🔄 Processing message 29: 19e4801a5c5c9bcf
[2026-06-02 02:47:08] ⏭️ Already processed, skipping
[2026-06-02 02:47:08] 🔄 Processing message 30: 19e45c6e7ae04c74
[2026-06-02 02:47:08] ⏭️ Already processed, skipping
[2026-06-02 02:47:08] 🔄 Processing message 31: 19e4584876f99b42
[2026-06-02 02:47:08] ⏭️ Already processed, skipping
[2026-06-02 02:47:08] 🔄 Processing message 32: 19e457bdeffc4783
[2026-06-02 02:47:08] ⏭️ Already processed, skipping
[2026-06-02 02:47:08] 🔄 Processing message 33: 19e43db807b9bc2d
[2026-06-02 02:47:08] ⏭️ Already processed, skipping
[2026-06-02 02:47:08] 🔄 Processing message 34: 19e43d57a0b0be03
[2026-06-02 02:47:08] ⏭️ Already processed, skipping
[2026-06-02 02:47:08] 🔄 Processing message 35: 19e436cab76c3c80
[2026-06-02 02:47:08] ⏭️ Already processed, skipping
[2026-06-02 02:47:08] 🔄 Processing message 36: 19e4349d0c38105a
[2026-06-02 02:47:09] ⏭️ Already processed, skipping
[2026-06-02 02:47:09] 🔄 Processing message 37: 19e4345dff55eb19
[2026-06-02 02:47:09] ⏭️ Already processed, skipping
[2026-06-02 02:47:09] 🔄 Processing message 38: 19e4344a202252f3
[2026-06-02 02:47:09] ⏭️ Already processed, skipping
[2026-06-02 02:47:09] 🔄 Processing message 39: 19e4207115212d46
[2026-06-02 02:47:09] ⏭️ Already processed, skipping
[2026-06-02 02:47:09] 🔄 Processing message 40: 19e41a84ea542c21
[2026-06-02 02:47:09] ⏭️ Already processed, skipping
[2026-06-02 02:47:09] 🔄 Processing message 41: 19e41039e78742d3
[2026-06-02 02:47:09] ⏭️ Already processed, skipping
[2026-06-02 02:47:09] 🔄 Processing message 42: 19e41012e6600637
[2026-06-02 02:47:09] ⏭️ Already processed, skipping
[2026-06-02 02:47:09] 🔄 Processing message 43: 19e40e1f486cb856
[2026-06-02 02:47:09] ⏭️ Already processed, skipping
[2026-06-02 02:47:09] 🔄 Processing message 44: 19e3ed106bec1b81
[2026-06-02 02:47:09] ⏭️ Already processed, skipping
[2026-06-02 02:47:09] 🔄 Processing message 45: 19e3c4f2739e14fd
[2026-06-02 02:47:09] ⏭️ Already processed, skipping
[2026-06-02 02:47:09] 🔄 Processing message 46: 19e3b8bd073d3b98
[2026-06-02 02:47:09] ⏭️ Already processed, skipping
[2026-06-02 02:47:09] 🔄 Processing message 47: 19e3b640d7571fe6
[2026-06-02 02:47:09] ⏭️ Already processed, skipping
[2026-06-02 02:47:09] 🔄 Processing message 48: 19e39b152b13d80f
[2026-06-02 02:47:09] ⏭️ Already processed, skipping
[2026-06-02 02:47:09] 🔄 Processing message 49: 19e331e1c019893e
[2026-06-02 02:47:09] ⏭️ Already processed, skipping
[2026-06-02 02:47:09] 🔄 Processing message 50: 19e2c67d5d1a35b2
[2026-06-02 02:47:09] ⏭️ Already processed, skipping
[2026-06-02 02:47:09] 🔄 Processing message 51: 19e2b23d17b83e0a
[2026-06-02 02:47:09] ⏭️ Already processed, skipping
[2026-06-02 02:47:09] 🔄 Processing message 52: 19e29ab1a4c88e8a
[2026-06-02 02:47:09] ⏭️ Already processed, skipping
[2026-06-02 02:47:09] 🔄 Processing message 53: 19e26b2210d9f2cd
[2026-06-02 02:47:09] ⏭️ Already processed, skipping
[2026-06-02 02:47:09] 🔄 Processing message 54: 19e20dbdc94aae0f
[2026-06-02 02:47:09] ⏭️ Already processed, skipping
[2026-06-02 02:47:09] 🔄 Processing message 55: 19e1f5f182d4ef10
[2026-06-02 02:47:09] ⏭️ Already processed, skipping
[2026-06-02 02:47:09] 🔄 Processing message 56: 19e1e2e3aeddff1e
[2026-06-02 02:47:09] ⏭️ Already processed, skipping
[2026-06-02 02:47:09] 🔄 Processing message 57: 19e1cf4a0d87b86b
[2026-06-02 02:47:09] ⏭️ Already processed, skipping
[2026-06-02 02:47:09] 🔄 Processing message 58: 19e1a91dac7b3468
[2026-06-02 02:47:09] ⏭️ Already processed, skipping
[2026-06-02 02:47:09] 🔄 Processing message 59: 19e192eca1287be1
[2026-06-02 02:47:09] ⏭️ Already processed, skipping
[2026-06-02 02:47:09] 🔄 Processing message 60: 19e1918a3549d72e
[2026-06-02 02:47:09] ⏭️ Already processed, skipping
[2026-06-02 02:47:09] 🔄 Processing message 61: 19e1846b5e593d6f
[2026-06-02 02:47:09] ⏭️ Already processed, skipping
[2026-06-02 02:47:09] 🔄 Processing message 62: 19e1825b7537decd
[2026-06-02 02:47:09] ⏭️ Already processed, skipping
[2026-06-02 02:47:09] 🔄 Processing message 63: 19e175db1727dd23
[2026-06-02 02:47:09] ⏭️ Already processed, skipping
[2026-06-02 02:47:09] 🔄 Processing message 64: 19e15b0dbf237625
[2026-06-02 02:47:09] ⏭️ Already processed, skipping
[2026-06-02 02:47:09] 🔄 Processing message 65: 19e15a926ff8938d
[2026-06-02 02:47:09] ⏭️ Already processed, skipping
[2026-06-02 02:47:09] 🔄 Processing message 66: 19e15a91a5357386
[2026-06-02 02:47:09] ⏭️ Already processed, skipping
[2026-06-02 02:47:09] 🔄 Processing message 67: 19e15a838d8bdc44
[2026-06-02 02:47:09] ⏭️ Already processed, skipping
[2026-06-02 02:47:09] 🔄 Processing message 68: 19e1581a4624bda7
[2026-06-02 02:47:09] ⏭️ Already processed, skipping
[2026-06-02 02:47:09] 🔄 Processing message 69: 19e156e89825fbaa
[2026-06-02 02:47:09] ⏭️ Already processed, skipping
[2026-06-02 02:47:09] 🔄 Processing message 70: 19e0862e45231f45
[2026-06-02 02:47:09] ⏭️ Already processed, skipping
[2026-06-02 02:47:09] 🔄 Processing message 71: 19e04a0468c1b700
[2026-06-02 02:47:09] ⏭️ Already processed, skipping
[2026-06-02 02:47:09] 🔄 Processing message 72: 19e0334dc7d95f0e
[2026-06-02 02:47:09] ⏭️ Already processed, skipping
[2026-06-02 02:47:09] 🔄 Processing message 73: 19e012b25bf40a9f
[2026-06-02 02:47:09] ⏭️ Already processed, skipping
[2026-06-02 02:47:09] 🔄 Processing message 74: 19e00d448d54980e
[2026-06-02 02:47:09] ⏭️ Already processed, skipping
[2026-06-02 02:47:09] 🔄 Processing message 75: 19dff5f9deba1f87
[2026-06-02 02:47:09] ⏭️ Already processed, skipping
[2026-06-02 02:47:09] 🔄 Processing message 76: 19dff4461bf48e07
[2026-06-02 02:47:09] ⏭️ Already processed, skipping
[2026-06-02 02:47:09] 🔄 Processing message 77: 19dff23a12a611cc
[2026-06-02 02:47:09] ⏭️ Already processed, skipping
[2026-06-02 02:47:09] 🔄 Processing message 78: 19dfccd5004a49ce
[2026-06-02 02:47:09] ⏭️ Already processed, skipping
[2026-06-02 02:47:09] 🔄 Processing message 79: 19dfc47c2deb5c5b
[2026-06-02 02:47:09] ⏭️ Already processed, skipping
[2026-06-02 02:47:09] 🔄 Processing message 80: 19df8e81e797538f
[2026-06-02 02:47:09] ⏭️ Already processed, skipping
[2026-06-02 02:47:09] 🔄 Processing message 81: 19df84d87f6b82f1
[2026-06-02 02:47:09] ⏭️ Already processed, skipping
[2026-06-02 02:47:09] 🔄 Processing message 82: 19df7756c8982dce
[2026-06-02 02:47:09] ⏭️ Already processed, skipping
[2026-06-02 02:47:09] 🔄 Processing message 83: 19df72614f444551
[2026-06-02 02:47:09] ⏭️ Already processed, skipping
[2026-06-02 02:47:09] 🔄 Processing message 84: 19df310a305ef8bc
[2026-06-02 02:47:09] ⏭️ Already processed, skipping
[2026-06-02 02:47:09] 🔄 Processing message 85: 19df1756608e9463
[2026-06-02 02:47:09] ⏭️ Already processed, skipping
[2026-06-02 02:47:09] 🔄 Processing message 86: 19dee00a7a5793e5
[2026-06-02 02:47:09] ⏭️ Already processed, skipping
[2026-06-02 02:47:09] 🔄 Processing message 87: 19ded47b023b5f21
[2026-06-02 02:47:09] ⏭️ Already processed, skipping
[2026-06-02 02:47:09] 🔄 Processing message 88: 19de89a697fb6531
[2026-06-02 02:47:09] ⏭️ Already processed, skipping
[2026-06-02 02:47:09] 🔄 Processing message 89: 19de599c9e44cc45
[2026-06-02 02:47:09] ⏭️ Already processed, skipping
[2026-06-02 02:47:09] 🔄 Processing message 90: 19ddaa0f1d4f7fb1
[2026-06-02 02:47:09] ⏭️ Already processed, skipping
[2026-06-02 02:47:09] 🔄 Processing message 91: 19dd98997a2d42e1
[2026-06-02 02:47:09] ⏭️ Already processed, skipping
[2026-06-02 02:47:09] 🔄 Processing message 92: 19dd7442cbe2681c
[2026-06-02 02:47:09] ⏭️ Already processed, skipping
[2026-06-02 02:47:09] 🔄 Processing message 93: 19dd4db9b386bbf6
[2026-06-02 02:47:09] ⏭️ Already processed, skipping
[2026-06-02 02:47:09] 🔄 Processing message 94: 19dd4677d65dd08a
[2026-06-02 02:47:09] ⏭️ Already processed, skipping
[2026-06-02 02:47:09] 🔄 Processing message 95: 19dd25d72032a311
[2026-06-02 02:47:09] ⏭️ Already processed, skipping
[2026-06-02 02:47:09] 🔄 Processing message 96: 19dcf020604099d5
[2026-06-02 02:47:09] ⏭️ Already processed, skipping
[2026-06-02 02:47:09] 🔄 Processing message 97: 19dcea244f4eafc3
[2026-06-02 02:47:09] ⏭️ Already processed, skipping
[2026-06-02 02:47:09] 🔄 Processing message 98: 19dcdc897aa6c6c0
[2026-06-02 02:47:09] ⏭️ Already processed, skipping
[2026-06-02 02:47:09] 🔄 Processing message 99: 19dcd785c2d9f7c7
[2026-06-02 02:47:09] ⏭️ Already processed, skipping
[2026-06-02 02:47:09] 🔄 Processing message 100: 19dccf9eec4f7253
[2026-06-02 02:47:09] ⏭️ Already processed, skipping
[2026-06-02 02:47:09] ===== END SYNC. Saved: 1 =====
[2026-06-02 03:03:35] [2026-06-02 03:03:35] ===== START SYNC =====
Query: ((subject:"order confirmation" OR subject:"order receipt" OR subject:"purchase confirmation" OR subject:"payment confirmation" OR subject:"payment receipt" OR subject:"invoice" OR subject:"receipt" OR subject:"your order" OR subject:"order summary" OR subject:"order details" OR subject:"order shipped" OR subject:"order dispatched" OR subject:"shipment confirmation" OR subject:"delivery confirmation" OR subject:"thank you for your purchase" OR subject:"thank you for your order" OR subject:"billing confirmation" OR subject:"transaction receipt" OR subject:"your purchase" OR subject:"אישור הזמנה" OR subject:"אישור רכישה" OR subject:"חשבונית" OR subject:"קבלה" OR subject:"פרטי הזמנה" OR subject:"סיכום הזמנה" OR subject:"ההזמנה שלך" OR subject:"הרכישה שלך" OR subject:"תודה על הזמנתך" OR subject:"תודה על רכישתך" OR subject:"אישור תשלום" OR subject:"אישור עסקה" OR subject:"חשבונית מס" OR subject:"חשבונית עסקה" OR subject:"הזמנתך התקבלה" OR subject:"הרכישה התקבלה" OR subject:"מסמך עסקה" OR subject:"פרטי עסקה" OR subject:"אסמכתא" OR subject:"מספר הזמנה") OR (from:noreply@amazon OR from:order@amazon OR from:shipment-tracking@amazon OR from:auto-confirm@amazon OR from:orders@aliexpress OR from:noreply@aliexpress OR from:ebay@ebay OR from:noreply@ebay OR from:service@paypal OR from:service@intl.paypal.com OR from:receipts@ OR from:orders@ OR from:billing@ OR from:invoice@ OR from:noreply@ OR from:no-reply@ OR from:confirmation@ OR from:support@ OR from:online@ksp.co.il OR from:noreply@ivory.co.il OR from:orders@bug.co.il OR from:noreply@zap.co.il OR from:noreply@superspharm.co.il OR from:noreply@shufersal.co.il OR from:noreply@rami-levy.co.il OR from:orders@terminalx.com OR from:noreply@adika.com OR from:noreply@golf.co.il OR from:noreply@factory54.co.il OR from:orders@shein.com OR from:noreply@Castro.co.il OR from:noreply@renuar.co.il OR from:noreply@HOmydesign.com OR from:noreply@ace.co.il OR from:noreply@ikea.com OR from:info@terminalx.com))
Total messages found: 100
[2026-06-02 03:03:35] 🔄 Processing message 1: 19e85b4a72ca9d29
[2026-06-02 03:03:35] ⏭️ Already processed, skipping
[2026-06-02 03:03:35] 🔄 Processing message 2: 19e84ab54948e596
[2026-06-02 03:03:35] ⏭️ Already processed, skipping
[2026-06-02 03:03:35] 🔄 Processing message 3: 19e8454f8c2bfe2d
[2026-06-02 03:03:35] ⏭️ Already processed, skipping
[2026-06-02 03:03:35] 🔄 Processing message 4: 19e82ea26f8e0ee8
[2026-06-02 03:03:35] ⏭️ Already processed, skipping
[2026-06-02 03:03:35] 🔄 Processing message 5: 19e809380a9a4691
[2026-06-02 03:03:35] ⏭️ Already processed, skipping
[2026-06-02 03:03:35] 🔄 Processing message 6: 19e8056a02edc167
[2026-06-02 03:03:35] ⏭️ Already processed, skipping
[2026-06-02 03:03:35] 🔄 Processing message 7: 19e7e703c1f2ee53
[2026-06-02 03:03:35] ⏭️ Already processed, skipping
[2026-06-02 03:03:35] 🔄 Processing message 8: 19e7e527c9de2b8a
[2026-06-02 03:03:35] ⏭️ Already processed, skipping
[2026-06-02 03:03:35] 🔄 Processing message 9: 19e7e3bbaeb62d40
[2026-06-02 03:03:35] ⏭️ Already processed, skipping
[2026-06-02 03:03:35] 🔄 Processing message 10: 19e7c98a96c85bb6
[2026-06-02 03:03:35] ⏭️ Already processed, skipping
[2026-06-02 03:03:35] 🔄 Processing message 11: 19e786734727221a
[2026-06-02 03:03:35] ⏭️ Already processed, skipping
[2026-06-02 03:03:35] 🔄 Processing message 12: 19e777a1a094ec3f
[2026-06-02 03:03:35] ⏭️ Already processed, skipping
[2026-06-02 03:03:35] 🔄 Processing message 13: 19e6f8d5f235cf69
[2026-06-02 03:03:35] ⏭️ Already processed, skipping
[2026-06-02 03:03:35] 🔄 Processing message 14: 19e6c9c31682a901
[2026-06-02 03:03:35] ⏭️ Already processed, skipping
[2026-06-02 03:03:35] 🔄 Processing message 15: 19e6b7f7d8883d5d
[2026-06-02 03:03:35] ⏭️ Already processed, skipping
[2026-06-02 03:03:35] 🔄 Processing message 16: 19e650d9e8de6b64
[2026-06-02 03:03:35] ⏭️ Already processed, skipping
[2026-06-02 03:03:35] 🔄 Processing message 17: 19e64f4d7d5ecad6
[2026-06-02 03:03:35] ⏭️ Already processed, skipping
[2026-06-02 03:03:35] 🔄 Processing message 18: 19e63dd183c6fe5d
[2026-06-02 03:03:35] ⏭️ Already processed, skipping
[2026-06-02 03:03:35] 🔄 Processing message 19: 19e62dd05e91b0b8
[2026-06-02 03:03:35] ⏭️ Already processed, skipping
[2026-06-02 03:03:35] 🔄 Processing message 20: 19e6250639a1c59d
[2026-06-02 03:03:35] ⏭️ Already processed, skipping
[2026-06-02 03:03:35] 🔄 Processing message 21: 19e601732922f71e
[2026-06-02 03:03:35] ⏭️ Already processed, skipping
[2026-06-02 03:03:35] 🔄 Processing message 22: 19e54580b8380f9b
[2026-06-02 03:03:35] ⏭️ Already processed, skipping
[2026-06-02 03:03:35] 🔄 Processing message 23: 19e5074408aed0c8
[2026-06-02 03:03:35] ⏭️ Already processed, skipping
[2026-06-02 03:03:35] 🔄 Processing message 24: 19e4f3268961c24e
[2026-06-02 03:03:35] ⏭️ Already processed, skipping
[2026-06-02 03:03:35] 🔄 Processing message 25: 19e4db522c0aaebf
[2026-06-02 03:03:35] ⏭️ Already processed, skipping
[2026-06-02 03:03:35] 🔄 Processing message 26: 19e4c73302096ed7
[2026-06-02 03:03:36] 📊 Subject: Your Epic Games Receipt
   From: help@acct.epicgames.com
   Sender score: 0/40
   Content score: 10/100
   Combined confidence: 7%
   Signals: subject_keyword
[2026-06-02 03:03:36] ⏭️ Confidence 7% < 10%, skipping
[2026-06-02 03:03:36] 🔄 Processing message 27: 19e4c72d3245f638
[2026-06-02 03:03:36] ⏭️ Already processed, skipping
[2026-06-02 03:03:36] 🔄 Processing message 28: 19e4b04f74978f0d
[2026-06-02 03:03:36] ⏭️ Already processed, skipping
[2026-06-02 03:03:36] 🔄 Processing message 29: 19e4801a5c5c9bcf
[2026-06-02 03:03:36] ⏭️ Already processed, skipping
[2026-06-02 03:03:36] 🔄 Processing message 30: 19e45c6e7ae04c74
[2026-06-02 03:03:36] ⏭️ Already processed, skipping
[2026-06-02 03:03:36] 🔄 Processing message 31: 19e4584876f99b42
[2026-06-02 03:03:36] ⏭️ Already processed, skipping
[2026-06-02 03:03:36] 🔄 Processing message 32: 19e457bdeffc4783
[2026-06-02 03:03:36] ⏭️ Already processed, skipping
[2026-06-02 03:03:36] 🔄 Processing message 33: 19e43db807b9bc2d
[2026-06-02 03:03:36] ⏭️ Already processed, skipping
[2026-06-02 03:03:36] 🔄 Processing message 34: 19e43d57a0b0be03
[2026-06-02 03:03:36] ⏭️ Already processed, skipping
[2026-06-02 03:03:36] 🔄 Processing message 35: 19e436cab76c3c80
[2026-06-02 03:03:36] ⏭️ Already processed, skipping
[2026-06-02 03:03:36] 🔄 Processing message 36: 19e4349d0c38105a
[2026-06-02 03:03:36] ⏭️ Already processed, skipping
[2026-06-02 03:03:36] 🔄 Processing message 37: 19e4345dff55eb19
[2026-06-02 03:03:36] ⏭️ Already processed, skipping
[2026-06-02 03:03:36] 🔄 Processing message 38: 19e4344a202252f3
[2026-06-02 03:03:36] ⏭️ Already processed, skipping
[2026-06-02 03:03:36] 🔄 Processing message 39: 19e4207115212d46
[2026-06-02 03:03:36] ⏭️ Already processed, skipping
[2026-06-02 03:03:36] 🔄 Processing message 40: 19e41a84ea542c21
[2026-06-02 03:03:36] ⏭️ Already processed, skipping
[2026-06-02 03:03:36] 🔄 Processing message 41: 19e41039e78742d3
[2026-06-02 03:03:36] ⏭️ Already processed, skipping
[2026-06-02 03:03:36] 🔄 Processing message 42: 19e41012e6600637
[2026-06-02 03:03:36] ⏭️ Already processed, skipping
[2026-06-02 03:03:36] 🔄 Processing message 43: 19e40e1f486cb856
[2026-06-02 03:03:36] ⏭️ Already processed, skipping
[2026-06-02 03:03:36] 🔄 Processing message 44: 19e3ed106bec1b81
[2026-06-02 03:03:36] ⏭️ Already processed, skipping
[2026-06-02 03:03:36] 🔄 Processing message 45: 19e3c4f2739e14fd
[2026-06-02 03:03:36] ⏭️ Already processed, skipping
[2026-06-02 03:03:36] 🔄 Processing message 46: 19e3b8bd073d3b98
[2026-06-02 03:03:36] ⏭️ Already processed, skipping
[2026-06-02 03:03:36] 🔄 Processing message 47: 19e3b640d7571fe6
[2026-06-02 03:03:36] ⏭️ Already processed, skipping
[2026-06-02 03:03:36] 🔄 Processing message 48: 19e39b152b13d80f
[2026-06-02 03:03:36] ⏭️ Already processed, skipping
[2026-06-02 03:03:36] 🔄 Processing message 49: 19e331e1c019893e
[2026-06-02 03:03:36] ⏭️ Already processed, skipping
[2026-06-02 03:03:36] 🔄 Processing message 50: 19e2c67d5d1a35b2
[2026-06-02 03:03:36] ⏭️ Already processed, skipping
[2026-06-02 03:03:36] 🔄 Processing message 51: 19e2b23d17b83e0a
[2026-06-02 03:03:36] ⏭️ Already processed, skipping
[2026-06-02 03:03:36] 🔄 Processing message 52: 19e29ab1a4c88e8a
[2026-06-02 03:03:36] ⏭️ Already processed, skipping
[2026-06-02 03:03:36] 🔄 Processing message 53: 19e26b2210d9f2cd
[2026-06-02 03:03:36] ⏭️ Already processed, skipping
[2026-06-02 03:03:36] 🔄 Processing message 54: 19e20dbdc94aae0f
[2026-06-02 03:03:36] ⏭️ Already processed, skipping
[2026-06-02 03:03:36] 🔄 Processing message 55: 19e1f5f182d4ef10
[2026-06-02 03:03:36] ⏭️ Already processed, skipping
[2026-06-02 03:03:36] 🔄 Processing message 56: 19e1e2e3aeddff1e
[2026-06-02 03:03:36] ⏭️ Already processed, skipping
[2026-06-02 03:03:36] 🔄 Processing message 57: 19e1cf4a0d87b86b
[2026-06-02 03:03:36] ⏭️ Already processed, skipping
[2026-06-02 03:03:36] 🔄 Processing message 58: 19e1a91dac7b3468
[2026-06-02 03:03:36] ⏭️ Already processed, skipping
[2026-06-02 03:03:36] 🔄 Processing message 59: 19e192eca1287be1
[2026-06-02 03:03:36] ⏭️ Already processed, skipping
[2026-06-02 03:03:36] 🔄 Processing message 60: 19e1918a3549d72e
[2026-06-02 03:03:36] ⏭️ Already processed, skipping
[2026-06-02 03:03:36] 🔄 Processing message 61: 19e1846b5e593d6f
[2026-06-02 03:03:36] ⏭️ Already processed, skipping
[2026-06-02 03:03:36] 🔄 Processing message 62: 19e1825b7537decd
[2026-06-02 03:03:36] ⏭️ Already processed, skipping
[2026-06-02 03:03:36] 🔄 Processing message 63: 19e175db1727dd23
[2026-06-02 03:03:36] ⏭️ Already processed, skipping
[2026-06-02 03:03:36] 🔄 Processing message 64: 19e15b0dbf237625
[2026-06-02 03:03:36] ⏭️ Already processed, skipping
[2026-06-02 03:03:36] 🔄 Processing message 65: 19e15a926ff8938d
[2026-06-02 03:03:36] ⏭️ Already processed, skipping
[2026-06-02 03:03:36] 🔄 Processing message 66: 19e15a91a5357386
[2026-06-02 03:03:36] ⏭️ Already processed, skipping
[2026-06-02 03:03:36] 🔄 Processing message 67: 19e15a838d8bdc44
[2026-06-02 03:03:36] ⏭️ Already processed, skipping
[2026-06-02 03:03:36] 🔄 Processing message 68: 19e1581a4624bda7
[2026-06-02 03:03:36] ⏭️ Already processed, skipping
[2026-06-02 03:03:36] 🔄 Processing message 69: 19e156e89825fbaa
[2026-06-02 03:03:36] ⏭️ Already processed, skipping
[2026-06-02 03:03:36] 🔄 Processing message 70: 19e0862e45231f45
[2026-06-02 03:03:36] ⏭️ Already processed, skipping
[2026-06-02 03:03:36] 🔄 Processing message 71: 19e04a0468c1b700
[2026-06-02 03:03:36] ⏭️ Already processed, skipping
[2026-06-02 03:03:36] 🔄 Processing message 72: 19e0334dc7d95f0e
[2026-06-02 03:03:36] ⏭️ Already processed, skipping
[2026-06-02 03:03:36] 🔄 Processing message 73: 19e012b25bf40a9f
[2026-06-02 03:03:36] ⏭️ Already processed, skipping
[2026-06-02 03:03:36] 🔄 Processing message 74: 19e00d448d54980e
[2026-06-02 03:03:36] ⏭️ Already processed, skipping
[2026-06-02 03:03:36] 🔄 Processing message 75: 19dff5f9deba1f87
[2026-06-02 03:03:36] ⏭️ Already processed, skipping
[2026-06-02 03:03:36] 🔄 Processing message 76: 19dff4461bf48e07
[2026-06-02 03:03:36] ⏭️ Already processed, skipping
[2026-06-02 03:03:36] 🔄 Processing message 77: 19dff23a12a611cc
[2026-06-02 03:03:36] ⏭️ Already processed, skipping
[2026-06-02 03:03:36] 🔄 Processing message 78: 19dfccd5004a49ce
[2026-06-02 03:03:36] ⏭️ Already processed, skipping
[2026-06-02 03:03:36] 🔄 Processing message 79: 19dfc47c2deb5c5b
[2026-06-02 03:03:36] ⏭️ Already processed, skipping
[2026-06-02 03:03:36] 🔄 Processing message 80: 19df8e81e797538f
[2026-06-02 03:03:36] ⏭️ Already processed, skipping
[2026-06-02 03:03:36] 🔄 Processing message 81: 19df84d87f6b82f1
[2026-06-02 03:03:36] ⏭️ Already processed, skipping
[2026-06-02 03:03:36] 🔄 Processing message 82: 19df7756c8982dce
[2026-06-02 03:03:36] ⏭️ Already processed, skipping
[2026-06-02 03:03:36] 🔄 Processing message 83: 19df72614f444551
[2026-06-02 03:03:36] ⏭️ Already processed, skipping
[2026-06-02 03:03:36] 🔄 Processing message 84: 19df310a305ef8bc
[2026-06-02 03:03:36] ⏭️ Already processed, skipping
[2026-06-02 03:03:36] 🔄 Processing message 85: 19df1756608e9463
[2026-06-02 03:03:36] ⏭️ Already processed, skipping
[2026-06-02 03:03:36] 🔄 Processing message 86: 19dee00a7a5793e5
[2026-06-02 03:03:36] ⏭️ Already processed, skipping
[2026-06-02 03:03:36] 🔄 Processing message 87: 19ded47b023b5f21
[2026-06-02 03:03:36] ⏭️ Already processed, skipping
[2026-06-02 03:03:36] 🔄 Processing message 88: 19de89a697fb6531
[2026-06-02 03:03:36] ⏭️ Already processed, skipping
[2026-06-02 03:03:36] 🔄 Processing message 89: 19de599c9e44cc45
[2026-06-02 03:03:36] ⏭️ Already processed, skipping
[2026-06-02 03:03:36] 🔄 Processing message 90: 19ddaa0f1d4f7fb1
[2026-06-02 03:03:36] ⏭️ Already processed, skipping
[2026-06-02 03:03:36] 🔄 Processing message 91: 19dd98997a2d42e1
[2026-06-02 03:03:36] ⏭️ Already processed, skipping
[2026-06-02 03:03:36] 🔄 Processing message 92: 19dd7442cbe2681c
[2026-06-02 03:03:36] ⏭️ Already processed, skipping
[2026-06-02 03:03:36] 🔄 Processing message 93: 19dd4db9b386bbf6
[2026-06-02 03:03:36] ⏭️ Already processed, skipping
[2026-06-02 03:03:36] 🔄 Processing message 94: 19dd4677d65dd08a
[2026-06-02 03:03:36] ⏭️ Already processed, skipping
[2026-06-02 03:03:36] 🔄 Processing message 95: 19dd25d72032a311
[2026-06-02 03:03:36] ⏭️ Already processed, skipping
[2026-06-02 03:03:36] 🔄 Processing message 96: 19dcf020604099d5
[2026-06-02 03:03:36] ⏭️ Already processed, skipping
[2026-06-02 03:03:36] 🔄 Processing message 97: 19dcea244f4eafc3
[2026-06-02 03:03:36] ⏭️ Already processed, skipping
[2026-06-02 03:03:36] 🔄 Processing message 98: 19dcdc897aa6c6c0
[2026-06-02 03:03:36] ⏭️ Already processed, skipping
[2026-06-02 03:03:36] 🔄 Processing message 99: 19dcd785c2d9f7c7
[2026-06-02 03:03:36] ⏭️ Already processed, skipping
[2026-06-02 03:03:36] 🔄 Processing message 100: 19dccf9eec4f7253
[2026-06-02 03:03:36] ⏭️ Already processed, skipping
[2026-06-02 03:03:36] ===== END SYNC. Saved: 0 =====
[2026-06-02 03:14:13] [2026-06-02 03:14:13] ===== START SYNC =====
Query: ((subject:"order confirmation" OR subject:"order receipt" OR subject:"purchase confirmation" OR subject:"payment confirmation" OR subject:"payment receipt" OR subject:"invoice" OR subject:"receipt" OR subject:"your order" OR subject:"order summary" OR subject:"order details" OR subject:"order shipped" OR subject:"order dispatched" OR subject:"shipment confirmation" OR subject:"delivery confirmation" OR subject:"thank you for your purchase" OR subject:"thank you for your order" OR subject:"billing confirmation" OR subject:"transaction receipt" OR subject:"your purchase" OR subject:"אישור הזמנה" OR subject:"אישור רכישה" OR subject:"חשבונית" OR subject:"קבלה" OR subject:"פרטי הזמנה" OR subject:"סיכום הזמנה" OR subject:"ההזמנה שלך" OR subject:"הרכישה שלך" OR subject:"תודה על הזמנתך" OR subject:"תודה על רכישתך" OR subject:"אישור תשלום" OR subject:"אישור עסקה" OR subject:"חשבונית מס" OR subject:"חשבונית עסקה" OR subject:"הזמנתך התקבלה" OR subject:"הרכישה התקבלה" OR subject:"מסמך עסקה" OR subject:"פרטי עסקה" OR subject:"אסמכתא" OR subject:"מספר הזמנה") OR (from:noreply@amazon OR from:order@amazon OR from:shipment-tracking@amazon OR from:auto-confirm@amazon OR from:orders@aliexpress OR from:noreply@aliexpress OR from:ebay@ebay OR from:noreply@ebay OR from:service@paypal OR from:service@intl.paypal.com OR from:receipts@ OR from:orders@ OR from:billing@ OR from:invoice@ OR from:noreply@ OR from:no-reply@ OR from:confirmation@ OR from:support@ OR from:online@ksp.co.il OR from:noreply@ivory.co.il OR from:orders@bug.co.il OR from:noreply@zap.co.il OR from:noreply@superspharm.co.il OR from:noreply@shufersal.co.il OR from:noreply@rami-levy.co.il OR from:orders@terminalx.com OR from:noreply@adika.com OR from:noreply@golf.co.il OR from:noreply@factory54.co.il OR from:orders@shein.com OR from:noreply@Castro.co.il OR from:noreply@renuar.co.il OR from:noreply@HOmydesign.com OR from:noreply@ace.co.il OR from:noreply@ikea.com OR from:info@terminalx.com))
Total messages found: 100
[2026-06-02 03:14:13] 🔄 Processing message 1: 19e85b4a72ca9d29
[2026-06-02 03:14:13] ⏭️ Already processed, skipping
[2026-06-02 03:14:13] 🔄 Processing message 2: 19e84ab54948e596
[2026-06-02 03:14:13] ⏭️ Already processed, skipping
[2026-06-02 03:14:13] 🔄 Processing message 3: 19e8454f8c2bfe2d
[2026-06-02 03:14:13] ⏭️ Already processed, skipping
[2026-06-02 03:14:13] 🔄 Processing message 4: 19e82ea26f8e0ee8
[2026-06-02 03:14:13] ⏭️ Already processed, skipping
[2026-06-02 03:14:13] 🔄 Processing message 5: 19e809380a9a4691
[2026-06-02 03:14:13] ⏭️ Already processed, skipping
[2026-06-02 03:14:13] 🔄 Processing message 6: 19e8056a02edc167
[2026-06-02 03:14:13] ⏭️ Already processed, skipping
[2026-06-02 03:14:13] 🔄 Processing message 7: 19e7e703c1f2ee53
[2026-06-02 03:14:13] ⏭️ Already processed, skipping
[2026-06-02 03:14:13] 🔄 Processing message 8: 19e7e527c9de2b8a
[2026-06-02 03:14:13] ⏭️ Already processed, skipping
[2026-06-02 03:14:13] 🔄 Processing message 9: 19e7e3bbaeb62d40
[2026-06-02 03:14:13] ⏭️ Already processed, skipping
[2026-06-02 03:14:13] 🔄 Processing message 10: 19e7c98a96c85bb6
[2026-06-02 03:14:13] ⏭️ Already processed, skipping
[2026-06-02 03:14:13] 🔄 Processing message 11: 19e786734727221a
[2026-06-02 03:14:13] ⏭️ Already processed, skipping
[2026-06-02 03:14:13] 🔄 Processing message 12: 19e777a1a094ec3f
[2026-06-02 03:14:13] ⏭️ Already processed, skipping
[2026-06-02 03:14:13] 🔄 Processing message 13: 19e6f8d5f235cf69
[2026-06-02 03:14:13] ⏭️ Already processed, skipping
[2026-06-02 03:14:13] 🔄 Processing message 14: 19e6c9c31682a901
[2026-06-02 03:14:13] ⏭️ Already processed, skipping
[2026-06-02 03:14:13] 🔄 Processing message 15: 19e6b7f7d8883d5d
[2026-06-02 03:14:13] ⏭️ Already processed, skipping
[2026-06-02 03:14:13] 🔄 Processing message 16: 19e650d9e8de6b64
[2026-06-02 03:14:13] ⏭️ Already processed, skipping
[2026-06-02 03:14:13] 🔄 Processing message 17: 19e64f4d7d5ecad6
[2026-06-02 03:14:13] ⏭️ Already processed, skipping
[2026-06-02 03:14:13] 🔄 Processing message 18: 19e63dd183c6fe5d
[2026-06-02 03:14:13] ⏭️ Already processed, skipping
[2026-06-02 03:14:13] 🔄 Processing message 19: 19e62dd05e91b0b8
[2026-06-02 03:14:13] ⏭️ Already processed, skipping
[2026-06-02 03:14:13] 🔄 Processing message 20: 19e6250639a1c59d
[2026-06-02 03:14:13] ⏭️ Already processed, skipping
[2026-06-02 03:14:13] 🔄 Processing message 21: 19e601732922f71e
[2026-06-02 03:14:13] ⏭️ Already processed, skipping
[2026-06-02 03:14:13] 🔄 Processing message 22: 19e54580b8380f9b
[2026-06-02 03:14:13] ⏭️ Already processed, skipping
[2026-06-02 03:14:13] 🔄 Processing message 23: 19e5074408aed0c8
[2026-06-02 03:14:13] ⏭️ Already processed, skipping
[2026-06-02 03:14:13] 🔄 Processing message 24: 19e4f3268961c24e
[2026-06-02 03:14:13] ⏭️ Already processed, skipping
[2026-06-02 03:14:13] 🔄 Processing message 25: 19e4db522c0aaebf
[2026-06-02 03:14:13] ⏭️ Already processed, skipping
[2026-06-02 03:14:13] 🔄 Processing message 26: 19e4c73302096ed7
[2026-06-02 03:14:13] 📊 Subject: Your Epic Games Receipt
   From: help@acct.epicgames.com
   Sender score: 0/40
   Content score: 10/100
   Combined confidence: 7%
   Signals: subject_keyword
[2026-06-02 03:14:13] ⏭️ Confidence 7% < 10%, skipping
[2026-06-02 03:14:13] 🔄 Processing message 27: 19e4c72d3245f638
[2026-06-02 03:14:13] ⏭️ Already processed, skipping
[2026-06-02 03:14:13] 🔄 Processing message 28: 19e4b04f74978f0d
[2026-06-02 03:14:13] ⏭️ Already processed, skipping
[2026-06-02 03:14:13] 🔄 Processing message 29: 19e4801a5c5c9bcf
[2026-06-02 03:14:13] ⏭️ Already processed, skipping
[2026-06-02 03:14:13] 🔄 Processing message 30: 19e45c6e7ae04c74
[2026-06-02 03:14:13] ⏭️ Already processed, skipping
[2026-06-02 03:14:13] 🔄 Processing message 31: 19e4584876f99b42
[2026-06-02 03:14:13] ⏭️ Already processed, skipping
[2026-06-02 03:14:13] 🔄 Processing message 32: 19e457bdeffc4783
[2026-06-02 03:14:13] ⏭️ Already processed, skipping
[2026-06-02 03:14:13] 🔄 Processing message 33: 19e43db807b9bc2d
[2026-06-02 03:14:13] ⏭️ Already processed, skipping
[2026-06-02 03:14:13] 🔄 Processing message 34: 19e43d57a0b0be03
[2026-06-02 03:14:13] ⏭️ Already processed, skipping
[2026-06-02 03:14:13] 🔄 Processing message 35: 19e436cab76c3c80
[2026-06-02 03:14:13] ⏭️ Already processed, skipping
[2026-06-02 03:14:13] 🔄 Processing message 36: 19e4349d0c38105a
[2026-06-02 03:14:13] ⏭️ Already processed, skipping
[2026-06-02 03:14:13] 🔄 Processing message 37: 19e4345dff55eb19
[2026-06-02 03:14:13] ⏭️ Already processed, skipping
[2026-06-02 03:14:13] 🔄 Processing message 38: 19e4344a202252f3
[2026-06-02 03:14:13] ⏭️ Already processed, skipping
[2026-06-02 03:14:13] 🔄 Processing message 39: 19e4207115212d46
[2026-06-02 03:14:13] ⏭️ Already processed, skipping
[2026-06-02 03:14:13] 🔄 Processing message 40: 19e41a84ea542c21
[2026-06-02 03:14:13] ⏭️ Already processed, skipping
[2026-06-02 03:14:13] 🔄 Processing message 41: 19e41039e78742d3
[2026-06-02 03:14:13] ⏭️ Already processed, skipping
[2026-06-02 03:14:13] 🔄 Processing message 42: 19e41012e6600637
[2026-06-02 03:14:13] ⏭️ Already processed, skipping
[2026-06-02 03:14:13] 🔄 Processing message 43: 19e40e1f486cb856
[2026-06-02 03:14:13] ⏭️ Already processed, skipping
[2026-06-02 03:14:13] 🔄 Processing message 44: 19e3ed106bec1b81
[2026-06-02 03:14:13] ⏭️ Already processed, skipping
[2026-06-02 03:14:13] 🔄 Processing message 45: 19e3c4f2739e14fd
[2026-06-02 03:14:13] ⏭️ Already processed, skipping
[2026-06-02 03:14:13] 🔄 Processing message 46: 19e3b8bd073d3b98
[2026-06-02 03:14:13] ⏭️ Already processed, skipping
[2026-06-02 03:14:13] 🔄 Processing message 47: 19e3b640d7571fe6
[2026-06-02 03:14:13] ⏭️ Already processed, skipping
[2026-06-02 03:14:13] 🔄 Processing message 48: 19e39b152b13d80f
[2026-06-02 03:14:13] ⏭️ Already processed, skipping
[2026-06-02 03:14:13] 🔄 Processing message 49: 19e331e1c019893e
[2026-06-02 03:14:13] ⏭️ Already processed, skipping
[2026-06-02 03:14:13] 🔄 Processing message 50: 19e2c67d5d1a35b2
[2026-06-02 03:14:14] ⏭️ Already processed, skipping
[2026-06-02 03:14:14] 🔄 Processing message 51: 19e2b23d17b83e0a
[2026-06-02 03:14:14] ⏭️ Already processed, skipping
[2026-06-02 03:14:14] 🔄 Processing message 52: 19e29ab1a4c88e8a
[2026-06-02 03:14:14] ⏭️ Already processed, skipping
[2026-06-02 03:14:14] 🔄 Processing message 53: 19e26b2210d9f2cd
[2026-06-02 03:14:14] ⏭️ Already processed, skipping
[2026-06-02 03:14:14] 🔄 Processing message 54: 19e20dbdc94aae0f
[2026-06-02 03:14:14] ⏭️ Already processed, skipping
[2026-06-02 03:14:14] 🔄 Processing message 55: 19e1f5f182d4ef10
[2026-06-02 03:14:14] ⏭️ Already processed, skipping
[2026-06-02 03:14:14] 🔄 Processing message 56: 19e1e2e3aeddff1e
[2026-06-02 03:14:14] ⏭️ Already processed, skipping
[2026-06-02 03:14:14] 🔄 Processing message 57: 19e1cf4a0d87b86b
[2026-06-02 03:14:14] ⏭️ Already processed, skipping
[2026-06-02 03:14:14] 🔄 Processing message 58: 19e1a91dac7b3468
[2026-06-02 03:14:14] ⏭️ Already processed, skipping
[2026-06-02 03:14:14] 🔄 Processing message 59: 19e192eca1287be1
[2026-06-02 03:14:14] ⏭️ Already processed, skipping
[2026-06-02 03:14:14] 🔄 Processing message 60: 19e1918a3549d72e
[2026-06-02 03:14:14] ⏭️ Already processed, skipping
[2026-06-02 03:14:14] 🔄 Processing message 61: 19e1846b5e593d6f
[2026-06-02 03:14:14] ⏭️ Already processed, skipping
[2026-06-02 03:14:14] 🔄 Processing message 62: 19e1825b7537decd
[2026-06-02 03:14:14] ⏭️ Already processed, skipping
[2026-06-02 03:14:14] 🔄 Processing message 63: 19e175db1727dd23
[2026-06-02 03:14:14] ⏭️ Already processed, skipping
[2026-06-02 03:14:14] 🔄 Processing message 64: 19e15b0dbf237625
[2026-06-02 03:14:14] ⏭️ Already processed, skipping
[2026-06-02 03:14:14] 🔄 Processing message 65: 19e15a926ff8938d
[2026-06-02 03:14:14] ⏭️ Already processed, skipping
[2026-06-02 03:14:14] 🔄 Processing message 66: 19e15a91a5357386
[2026-06-02 03:14:14] ⏭️ Already processed, skipping
[2026-06-02 03:14:14] 🔄 Processing message 67: 19e15a838d8bdc44
[2026-06-02 03:14:14] ⏭️ Already processed, skipping
[2026-06-02 03:14:14] 🔄 Processing message 68: 19e1581a4624bda7
[2026-06-02 03:14:14] ⏭️ Already processed, skipping
[2026-06-02 03:14:14] 🔄 Processing message 69: 19e156e89825fbaa
[2026-06-02 03:14:14] ⏭️ Already processed, skipping
[2026-06-02 03:14:14] 🔄 Processing message 70: 19e0862e45231f45
[2026-06-02 03:14:14] ⏭️ Already processed, skipping
[2026-06-02 03:14:14] 🔄 Processing message 71: 19e04a0468c1b700
[2026-06-02 03:14:14] ⏭️ Already processed, skipping
[2026-06-02 03:14:14] 🔄 Processing message 72: 19e0334dc7d95f0e
[2026-06-02 03:14:14] ⏭️ Already processed, skipping
[2026-06-02 03:14:14] 🔄 Processing message 73: 19e012b25bf40a9f
[2026-06-02 03:14:14] ⏭️ Already processed, skipping
[2026-06-02 03:14:14] 🔄 Processing message 74: 19e00d448d54980e
[2026-06-02 03:14:14] ⏭️ Already processed, skipping
[2026-06-02 03:14:14] 🔄 Processing message 75: 19dff5f9deba1f87
[2026-06-02 03:14:14] ⏭️ Already processed, skipping
[2026-06-02 03:14:14] 🔄 Processing message 76: 19dff4461bf48e07
[2026-06-02 03:14:14] ⏭️ Already processed, skipping
[2026-06-02 03:14:14] 🔄 Processing message 77: 19dff23a12a611cc
[2026-06-02 03:14:14] ⏭️ Already processed, skipping
[2026-06-02 03:14:14] 🔄 Processing message 78: 19dfccd5004a49ce
[2026-06-02 03:14:14] ⏭️ Already processed, skipping
[2026-06-02 03:14:14] 🔄 Processing message 79: 19dfc47c2deb5c5b
[2026-06-02 03:14:14] ⏭️ Already processed, skipping
[2026-06-02 03:14:14] 🔄 Processing message 80: 19df8e81e797538f
[2026-06-02 03:14:14] ⏭️ Already processed, skipping
[2026-06-02 03:14:14] 🔄 Processing message 81: 19df84d87f6b82f1
[2026-06-02 03:14:14] ⏭️ Already processed, skipping
[2026-06-02 03:14:14] 🔄 Processing message 82: 19df7756c8982dce
[2026-06-02 03:14:14] ⏭️ Already processed, skipping
[2026-06-02 03:14:14] 🔄 Processing message 83: 19df72614f444551
[2026-06-02 03:14:14] ⏭️ Already processed, skipping
[2026-06-02 03:14:14] 🔄 Processing message 84: 19df310a305ef8bc
[2026-06-02 03:14:14] ⏭️ Already processed, skipping
[2026-06-02 03:14:14] 🔄 Processing message 85: 19df1756608e9463
[2026-06-02 03:14:14] ⏭️ Already processed, skipping
[2026-06-02 03:14:14] 🔄 Processing message 86: 19dee00a7a5793e5
[2026-06-02 03:14:14] ⏭️ Already processed, skipping
[2026-06-02 03:14:14] 🔄 Processing message 87: 19ded47b023b5f21
[2026-06-02 03:14:14] ⏭️ Already processed, skipping
[2026-06-02 03:14:14] 🔄 Processing message 88: 19de89a697fb6531
[2026-06-02 03:14:14] ⏭️ Already processed, skipping
[2026-06-02 03:14:14] 🔄 Processing message 89: 19de599c9e44cc45
[2026-06-02 03:14:14] ⏭️ Already processed, skipping
[2026-06-02 03:14:14] 🔄 Processing message 90: 19ddaa0f1d4f7fb1
[2026-06-02 03:14:14] ⏭️ Already processed, skipping
[2026-06-02 03:14:14] 🔄 Processing message 91: 19dd98997a2d42e1
[2026-06-02 03:14:14] ⏭️ Already processed, skipping
[2026-06-02 03:14:14] 🔄 Processing message 92: 19dd7442cbe2681c
[2026-06-02 03:14:14] ⏭️ Already processed, skipping
[2026-06-02 03:14:14] 🔄 Processing message 93: 19dd4db9b386bbf6
[2026-06-02 03:14:14] ⏭️ Already processed, skipping
[2026-06-02 03:14:14] 🔄 Processing message 94: 19dd4677d65dd08a
[2026-06-02 03:14:14] ⏭️ Already processed, skipping
[2026-06-02 03:14:14] 🔄 Processing message 95: 19dd25d72032a311
[2026-06-02 03:14:14] ⏭️ Already processed, skipping
[2026-06-02 03:14:14] 🔄 Processing message 96: 19dcf020604099d5
[2026-06-02 03:14:14] ⏭️ Already processed, skipping
[2026-06-02 03:14:14] 🔄 Processing message 97: 19dcea244f4eafc3
[2026-06-02 03:14:14] ⏭️ Already processed, skipping
[2026-06-02 03:14:14] 🔄 Processing message 98: 19dcdc897aa6c6c0
[2026-06-02 03:14:14] ⏭️ Already processed, skipping
[2026-06-02 03:14:14] 🔄 Processing message 99: 19dcd785c2d9f7c7
[2026-06-02 03:14:14] ⏭️ Already processed, skipping
[2026-06-02 03:14:14] 🔄 Processing message 100: 19dccf9eec4f7253
[2026-06-02 03:14:14] ⏭️ Already processed, skipping
[2026-06-02 03:14:14] ===== END SYNC. Saved: 0 =====
[2026-09-09 21:03:50] [2026-09-09 21:03:50] ===== START SYNC =====
Query: ((subject:"order confirmation" OR subject:"order receipt" OR subject:"purchase confirmation" OR subject:"payment confirmation" OR subject:"payment receipt" OR subject:"invoice" OR subject:"receipt" OR subject:"your order" OR subject:"order summary" OR subject:"order details" OR subject:"order shipped" OR subject:"order dispatched" OR subject:"shipment confirmation" OR subject:"delivery confirmation" OR subject:"thank you for your purchase" OR subject:"thank you for your order" OR subject:"billing confirmation" OR subject:"transaction receipt" OR subject:"your purchase" OR subject:"אישור הזמנה" OR subject:"אישור רכישה" OR subject:"חשבונית" OR subject:"קבלה" OR subject:"פרטי הזמנה" OR subject:"סיכום הזמנה" OR subject:"ההזמנה שלך" OR subject:"הרכישה שלך" OR subject:"תודה על הזמנתך" OR subject:"תודה על רכישתך" OR subject:"אישור תשלום" OR subject:"אישור עסקה" OR subject:"חשבונית מס" OR subject:"חשבונית עסקה" OR subject:"הזמנתך התקבלה" OR subject:"הרכישה התקבלה" OR subject:"מסמך עסקה" OR subject:"פרטי עסקה" OR subject:"אסמכתא" OR subject:"מספר הזמנה") OR (from:noreply@amazon OR from:order@amazon OR from:shipment-tracking@amazon OR from:auto-confirm@amazon OR from:orders@aliexpress OR from:noreply@aliexpress OR from:ebay@ebay OR from:noreply@ebay OR from:service@paypal OR from:service@intl.paypal.com OR from:receipts@ OR from:orders@ OR from:billing@ OR from:invoice@ OR from:noreply@ OR from:no-reply@ OR from:confirmation@ OR from:support@ OR from:online@ksp.co.il OR from:noreply@ivory.co.il OR from:orders@bug.co.il OR from:noreply@zap.co.il OR from:noreply@superspharm.co.il OR from:noreply@shufersal.co.il OR from:noreply@rami-levy.co.il OR from:orders@terminalx.com OR from:noreply@adika.com OR from:noreply@golf.co.il OR from:noreply@factory54.co.il OR from:orders@shein.com OR from:noreply@Castro.co.il OR from:noreply@renuar.co.il OR from:noreply@HOmydesign.com OR from:noreply@ace.co.il OR from:noreply@ikea.com OR from:info@terminalx.com))
Total messages found: 100
[2026-09-09 21:03:50] 🔄 Processing message 1: 1a0878dccf87f4ec
[2026-09-09 21:03:51] 📊 Subject: Security alert
   From: no-reply@accounts.google.com
   Sender score: 20/40
   Content score: 0/100
   Combined confidence: 18%
   Signals:
[2026-09-09 21:03:51] ⏭️ Confidence 18% < 20%, skipping
[2026-09-09 21:03:51] 🔄 Processing message 2: 1a0877701d34abe7
[2026-09-09 21:03:51] 📊 Subject: Security alert
   From: no-reply@accounts.google.com
   Sender score: 20/40
   Content score: 0/100
   Combined confidence: 18%
   Signals:
[2026-09-09 21:03:51] ⏭️ Confidence 18% < 20%, skipping
[2026-09-09 21:03:51] 🔄 Processing message 3: 1a086ffe528a226b
[2026-09-09 21:03:51] 📊 Subject: You shared some Google Account data with Claude
   From: noreply-accounts@google.com
   Sender score: 0/40
   Content score: 0/100
   Combined confidence: 0%
   Signals:
[2026-09-09 21:03:51] ⏭️ Confidence 0% < 20%, skipping
[2026-09-09 21:03:51] 🔄 Processing message 4: 1a086d872453dc83
[2026-09-09 21:03:51] 📊 Subject: Announcement on DeepSeek V4.1 Flash API Pricing
   From: support@sc.mail.deepseek.com
   Sender score: 20/40
   Content score: 30/100
   Combined confidence: 37%
   Signals: amount_found, item_list_found
[2026-09-09 21:03:52] 🔧 Parser: MyOrdersVault\Parsers\GenericOrderParser
   Extracted: YES (#GEN-467c51487d)
[2026-09-09 21:03:52] ✅ WILL SAVE: Announcement on DeepSeek V4.1 Flash API Pricing - Confidence: 37%
[2026-09-09 21:03:52] ✅ Cleaned order number: GEN-467c51487d (alphanumeric)
[2026-09-09 21:03:52] 📧 Using from_email as customer email: support@sc.mail.deepseek.com
[2026-09-09 21:03:52] 💾 gmail_messages ID: 227
   Order save: SUCCESS (ID: 98)
   Reason: parser_success_confidence_37
   Customer email: support@sc.mail.deepseek.com
   Order number valid: YES
[2026-09-09 21:03:52] 🔄 Processing message 5: 1a07af44c9b042cc
[2026-09-09 21:03:52] 📊 Subject: Last step—confirm your email
   From: no-reply@hello.spotify.com
   Sender score: 20/40
   Content score: 10/100
   Combined confidence: 24%
   Signals: item_list_found
[2026-09-09 21:03:52] 🔧 Parser: MyOrdersVault\Parsers\GenericOrderParser
   Extracted: NO
[2026-09-09 21:03:52] ⏭️ Confidence 24% < 70% and no parser, skipping
[2026-09-09 21:03:52] 🔄 Processing message 6: 1a07af3bbceafbb6
[2026-09-09 21:03:52] 📊 Subject: You shared some Google Account data with Spotify
   From: noreply-accounts@google.com
   Sender score: 0/40
   Content score: 0/100
   Combined confidence: 0%
   Signals:
[2026-09-09 21:03:52] ⏭️ Confidence 0% < 20%, skipping
[2026-09-09 21:03:52] 🔄 Processing message 7: 1a078cbcc1407555
[2026-09-09 21:03:53] 📊 Subject: New reasons prevent pages from being indexed on site https://erezdj.co.il/
   From: sc-noreply@google.com
   Sender score: 20/40
   Content score: 25/100
   Combined confidence: 34%
   Signals: order_number_pattern
[2026-09-09 21:03:53] 🔧 Parser: MyOrdersVault\Parsers\GenericOrderParser
   Extracted: NO
[2026-09-09 21:03:53] ⏭️ Confidence 34% < 70% and no parser, skipping
[2026-09-09 21:03:53] 🔄 Processing message 8: 1a0788117dde9098
[2026-09-09 21:03:53] 📊 Subject: New reasons prevent pages in a sitemap from being indexed on site landingflow.co.il
   From: sc-noreply@google.com
   Sender score: 20/40
   Content score: 25/100
   Combined confidence: 34%
   Signals: order_number_pattern
[2026-09-09 21:03:53] 🔧 Parser: MyOrdersVault\Parsers\GenericOrderParser
   Extracted: NO
[2026-09-09 21:03:53] ⏭️ Confidence 34% < 70% and no parser, skipping
[2026-09-09 21:03:53] 🔄 Processing message 9: 1a072b15a66e0bed
[2026-09-09 21:03:53] 📊 Subject: You shared some Google Account data with Spotify
   From: noreply-accounts@google.com
   Sender score: 0/40
   Content score: 10/100
   Combined confidence: 7%
   Signals: item_list_found
[2026-09-09 21:03:53] ⏭️ Confidence 7% < 20%, skipping
[2026-09-09 21:03:53] 🔄 Processing message 10: 1a072b038d0cd6c9
[2026-09-09 21:03:54] 📊 Subject: You shared some Google Account data with Spotify
   From: noreply-accounts@google.com
   Sender score: 0/40
   Content score: 10/100
   Combined confidence: 7%
   Signals: item_list_found
[2026-09-09 21:03:54] ⏭️ Confidence 7% < 20%, skipping
[2026-09-09 21:03:54] 🔄 Processing message 11: 1a06b5816471b47a
[2026-09-09 21:03:54] 📊 Subject: Security alert
   From: no-reply@accounts.google.com
   Sender score: 20/40
   Content score: 0/100
   Combined confidence: 18%
   Signals:
[2026-09-09 21:03:54] ⏭️ Confidence 18% < 20%, skipping
[2026-09-09 21:03:54] 🔄 Processing message 12: 1a06b57f4ce021c6
[2026-09-09 21:03:54] 📊 Subject: Security alert
   From: no-reply@accounts.google.com
   Sender score: 20/40
   Content score: 0/100
   Combined confidence: 18%
   Signals:
[2026-09-09 21:03:54] ⏭️ Confidence 18% < 20%, skipping
[2026-09-09 21:03:54] 🔄 Processing message 13: 1a06b4fe2a70b3b7
[2026-09-09 21:03:54] 📊 Subject: Security alert
   From: no-reply@accounts.google.com
   Sender score: 20/40
   Content score: 0/100
   Combined confidence: 18%
   Signals:
[2026-09-09 21:03:54] ⏭️ Confidence 18% < 20%, skipping
[2026-09-09 21:03:54] 🔄 Processing message 14: 1a06ae28005719c3
[2026-09-09 21:03:55] 📊 Subject: Your latest VAT Invoices are ready to download
   From: service@intl.paypal.com
   Sender score: 40/40
   Content score: 60/100
   Combined confidence: 74%
   Signals: order_number_pattern, english_purchase_phrase, item_list_found, subject_keyword
[2026-09-09 21:03:55] 🔧 Parser: MyOrdersVault\Parsers\PayPalParser
   Extracted: YES (#PP-8176c1752c)
[2026-09-09 21:03:55] ✅ WILL SAVE: Your latest VAT Invoices are ready to download - Confidence: 74%
[2026-09-09 21:03:55] ✅ Cleaned order number: PP-8176c1752c (alphanumeric)
[2026-09-09 21:03:55] 📧 Using from_email as customer email: service@intl.paypal.com
[2026-09-09 21:03:55] 💾 gmail_messages ID: 228
   Order save: SUCCESS (ID: 99)
   Reason: parser_success_confidence_74
   Customer email: service@intl.paypal.com
   Order number valid: YES
[2026-09-09 21:03:55] 🔄 Processing message 15: 1a06adf5d070f24d
[2026-09-09 21:03:55] 📊 Subject: תור נקבע בהצלחה - אסף מספרה
   From: noreply@landingflow.co.il
   Sender score: 20/40
   Content score: 25/100
   Combined confidence: 34%
   Signals: order_number_pattern
[2026-09-09 21:03:55] 🔧 Parser: MyOrdersVault\Parsers\GenericOrderParser
   Extracted: NO
[2026-09-09 21:03:55] ⏭️ Confidence 34% < 70% and no parser, skipping
[2026-09-09 21:03:55] 🔄 Processing message 16: 1a069a83ae6b9557
[2026-09-09 21:03:55] 📊 Subject: Security alert
   From: no-reply@accounts.google.com
   Sender score: 20/40
   Content score: 0/100
   Combined confidence: 18%
   Signals:
[2026-09-09 21:03:55] ⏭️ Confidence 18% < 20%, skipping
[2026-09-09 21:03:55] 🔄 Processing message 17: 1a06938b6ca7c58c
[2026-09-09 21:03:56] 📊 Subject: 📝What top studios do before they design
   From: no-reply@n.dribbble.com
   Sender score: 20/40
   Content score: 30/100
   Combined confidence: 37%
   Signals: amount_found, item_list_found
[2026-09-09 21:03:56] 🔧 Parser: MyOrdersVault\Parsers\GenericOrderParser
   Extracted: YES (#GEN-34724f5784)
[2026-09-09 21:03:56] ✅ WILL SAVE: 📝What top studios do before they design - Confidence: 37%
[2026-09-09 21:03:56] ✅ Cleaned order number: GEN-34724f5784 (alphanumeric)
[2026-09-09 21:03:56] 💾 gmail_messages ID: 229
   Order save: SUCCESS (ID: 100)
   Reason: parser_success_confidence_37
   Customer email: none
   Order number valid: YES
[2026-09-09 21:03:56] 🔄 Processing message 18: 1a068acbd084e0e8
[2026-09-09 21:03:56] 📊 Subject: [No Action Required]: Text watermarking will apply to Claude Opus 5 starting September 9, 2026
   From: no-reply@email.claude.com
   Sender score: 20/40
   Content score: 25/100
   Combined confidence: 34%
   Signals: order_number_pattern
[2026-09-09 21:03:56] 🔧 Parser: MyOrdersVault\Parsers\GenericOrderParser
   Extracted: NO
[2026-09-09 21:03:56] ⏭️ Confidence 34% < 70% and no parser, skipping
[2026-09-09 21:03:56] 🔄 Processing message 19: 1a067e1343559918
[2026-09-09 21:03:56] 📊 Subject: Your two-factor sign in code
   From: noreply@acct-auth.epicgames.com
   Sender score: 20/40
   Content score: 45/100
   Combined confidence: 47%
   Signals: order_number_pattern, item_list_found, shipping_signal
[2026-09-09 21:03:56] 🔧 Parser: MyOrdersVault\Parsers\GenericOrderParser
   Extracted: YES (#595959)
[2026-09-09 21:03:56] ✅ WILL SAVE: Your two-factor sign in code - Confidence: 47%
[2026-09-09 21:03:56] ✅ Cleaned order number: 595959 (standard_digits)
[2026-09-09 21:03:56] 💾 gmail_messages ID: 230
   Order save: SUCCESS (ID: 101)
   Reason: parser_success_confidence_47
   Customer email: none
   Order number valid: YES
[2026-09-09 21:03:56] 🔄 Processing message 20: 1a064655284854fc
[2026-09-09 21:03:57] 📊 Subject: Reminder to set up a plan in Inactive Account Manager
   From: noreply-accounts@google.com
   Sender score: 0/40
   Content score: 0/100
   Combined confidence: 0%
   Signals:
[2026-09-09 21:03:57] ⏭️ Confidence 0% < 20%, skipping
[2026-09-09 21:03:57] 🔄 Processing message 21: 1a062bfd535a47a9
[2026-09-09 21:03:57] 📊 Subject: Golden Events גולדן ארועים, are you open on Rosh Hashanah?
   From: businessprofile-noreply@google.com
   Sender score: 20/40
   Content score: 0/100
   Combined confidence: 18%
   Signals:
[2026-09-09 21:03:57] ⏭️ Confidence 18% < 20%, skipping
[2026-09-09 21:03:57] 🔄 Processing message 22: 1a05e9b68ba42753
[2026-09-09 21:03:57] 📊 Subject: Introducing Claude Fable 5.1
   From: no-reply@email.claude.com
   Sender score: 20/40
   Content score: 45/100
   Combined confidence: 47%
   Signals: order_number_pattern, amount_found
[2026-09-09 21:03:57] 🔧 Parser: MyOrdersVault\Parsers\GenericOrderParser
   Extracted: YES (#GEN-7d8c3a2bf2)
[2026-09-09 21:03:57] ✅ WILL SAVE: Introducing Claude Fable 5.1 - Confidence: 47%
[2026-09-09 21:03:57] ✅ Cleaned order number: GEN-7d8c3a2bf2 (alphanumeric)
[2026-09-09 21:03:57] 📧 Extracted customer email: maimonov@gmail.com
[2026-09-09 21:03:58] 💾 gmail_messages ID: 231
   Order save: SUCCESS (ID: 102)
   Reason: parser_success_confidence_47
   Customer email: maimonov@gmail.com
   Order number valid: YES
[2026-09-09 21:03:58] 🔄 Processing message 23: 1a05d6b39f51633f
[2026-09-09 21:03:58] 📊 Subject: 🗓️ Your connection, Mikael just had a work anniversary! Catch up with them and 2 others
   From: messages-noreply@linkedin.com
   Sender score: 20/40
   Content score: 0/100
   Combined confidence: 18%
   Signals:
[2026-09-09 21:03:58] ⏭️ Confidence 18% < 20%, skipping
[2026-09-09 21:03:58] 🔄 Processing message 24: 1a0580efb954de52
[2026-09-09 21:03:58] 📊 Subject: שינוי מדיניות החלפות החזרות
   From: noreply-il@email.decathlon.com
   Sender score: 0/40
   Content score: 35/100
   Combined confidence: 23%
   Signals: order_number_pattern, item_list_found
[2026-09-09 21:03:58] 🔧 Parser: MyOrdersVault\Parsers\GenericOrderParser
   Extracted: YES (#000001)
[2026-09-09 21:03:58] ✅ WILL SAVE: שינוי מדיניות החלפות החזרות - Confidence: 23%
[2026-09-09 21:03:58] ✅ Cleaned order number: 000001 (standard_digits)
[2026-09-09 21:03:58] 📧 Extracted customer email: support-il@decathlon.co.il
[2026-09-09 21:03:58] 💾 gmail_messages ID: 232
   Order save: SUCCESS (ID: 103)
   Reason: parser_success_confidence_23
   Customer email: support-il@decathlon.co.il
   Order number valid: YES
[2026-09-09 21:03:58] 🔄 Processing message 25: 1a05785599eeae78
[2026-09-09 21:03:58] 📊 Subject: You shared some Google Account data with Claude
   From: noreply-accounts@google.com
   Sender score: 0/40
   Content score: 0/100
   Combined confidence: 0%
   Signals:
[2026-09-09 21:03:58] ⏭️ Confidence 0% < 20%, skipping
[2026-09-09 21:03:58] 🔄 Processing message 26: 1a04f22ed507fd48
[2026-09-09 21:03:59] 📊 Subject: Monitor the Google Search traffic to https://erezdj.co.il/
   From: sc-noreply@google.com
   Sender score: 20/40
   Content score: 35/100
   Combined confidence: 40%
   Signals: order_number_pattern, item_list_found
[2026-09-09 21:03:59] 🔧 Parser: MyOrdersVault\Parsers\GenericOrderParser
   Extracted: NO
[2026-09-09 21:03:59] ⏭️ Confidence 40% < 70% and no parser, skipping
[2026-09-09 21:03:59] 🔄 Processing message 27: 1a04a7145208686d
[2026-09-09 21:03:59] 📊 Subject: 🥟The secret recipe behind brands that people remember
   From: no-reply@n.dribbble.com
   Sender score: 20/40
   Content score: 10/100
   Combined confidence: 24%
   Signals: item_list_found
[2026-09-09 21:03:59] 🔧 Parser: MyOrdersVault\Parsers\GenericOrderParser
   Extracted: NO
[2026-09-09 21:03:59] ⏭️ Confidence 24% < 70% and no parser, skipping
[2026-09-09 21:03:59] 🔄 Processing message 28: 1a04886218d69ab2
[2026-09-09 21:03:59] 📊 Subject: [Legal Update] Google Maps Platform Terms of Service update effective Sep 28, 2026
   From: google-maps-platform-noreply@google.com
   Sender score: 20/40
   Content score: 0/100
   Combined confidence: 18%
   Signals:
[2026-09-09 21:03:59] ⏭️ Confidence 18% < 20%, skipping
[2026-09-09 21:03:59] 🔄 Processing message 29: 1a045f32d696ba73
[2026-09-09 21:04:00] 📊 Subject: You shared some Google Account data with Claude
   From: noreply-accounts@google.com
   Sender score: 0/40
   Content score: 10/100
   Combined confidence: 7%
   Signals: item_list_found
[2026-09-09 21:04:00] ⏭️ Confidence 7% < 20%, skipping
[2026-09-09 21:04:00] 🔄 Processing message 30: 1a04491b524fe24e
[2026-09-09 21:04:00] 📊 Subject: [GitHub] Cursor is requesting updated permissions
   From: noreply@github.com
   Sender score: 20/40
   Content score: 25/100
   Combined confidence: 34%
   Signals: order_number_pattern
[2026-09-09 21:04:00] 🔧 Parser: MyOrdersVault\Parsers\GenericOrderParser
   Extracted: NO
[2026-09-09 21:04:00] ⏭️ Confidence 34% < 70% and no parser, skipping
[2026-09-09 21:04:00] 🔄 Processing message 31: 1a042c84575c0333
[2026-09-09 21:04:00] 📊 Subject: שינוי DNS לדומיין nadlanisteam.co.il
   From: noreply@box.co.il
   Sender score: 20/40
   Content score: 35/100
   Combined confidence: 40%
   Signals: order_number_pattern, item_list_found
[2026-09-09 21:04:00] 🔧 Parser: MyOrdersVault\Parsers\GenericOrderParser
   Extracted: YES (#000000)
[2026-09-09 21:04:00] ✅ WILL SAVE: שינוי DNS לדומיין nadlanisteam.co.il - Confidence: 40%
[2026-09-09 21:04:00] ✅ Cleaned order number: 000000 (standard_digits)
[2026-09-09 21:04:00] 💾 gmail_messages ID: 233
   Order save: SUCCESS (ID: 104)
   Reason: parser_success_confidence_40
   Customer email: none
   Order number valid: YES
[2026-09-09 21:04:00] 🔄 Processing message 32: 1a042bfc7c1eff66
[2026-09-09 21:04:00] 📊 Subject: הדומיין נרכש בהצלחה nadlanisteam.co.il
   From: noreply@box.co.il
   Sender score: 20/40
   Content score: 35/100
   Combined confidence: 40%
   Signals: order_number_pattern, item_list_found
[2026-09-09 21:04:00] 🔧 Parser: MyOrdersVault\Parsers\GenericOrderParser
   Extracted: YES (#000000)
[2026-09-09 21:04:00] ✅ WILL SAVE: הדומיין נרכש בהצלחה nadlanisteam.co.il - Confidence: 40%
[2026-09-09 21:04:00] ✅ Cleaned order number: 000000 (standard_digits)
[2026-09-09 21:04:00] 💾 gmail_messages ID: 234
   Order save: FAILED
   Reason: parser_success_confidence_40
   Customer email: none
   Order number valid: YES
[2026-09-09 21:04:00] 🔄 Processing message 33: 1a042bfc5c40505e
[2026-09-09 21:04:01] 📊 Subject: חשבונית על רכישתך ב box
   From: noreply@box.co.il
   Sender score: 20/40
   Content score: 60/100
   Combined confidence: 57%
   Signals: order_number_pattern, hebrew_purchase_phrase, item_list_found, subject_keyword
[2026-09-09 21:04:01] 🔧 Parser: MyOrdersVault\Parsers\GenericOrderParser
   Extracted: YES (#000000)
[2026-09-09 21:04:01] ✅ WILL SAVE: חשבונית על רכישתך ב box - Confidence: 57%
[2026-09-09 21:04:01] ✅ Cleaned order number: 000000 (standard_digits)
[2026-09-09 21:04:01] 💾 gmail_messages ID: 235
   Order save: FAILED
   Reason: parser_success_confidence_57
   Customer email: none
   Order number valid: YES
[2026-09-09 21:04:01] 🔄 Processing message 34: 1a042ba38f8b2501
[2026-09-09 21:04:01] 📊 Subject: אימות כתובת מייל ברכישת דומיין
   From: noreply@box.co.il
   Sender score: 20/40
   Content score: 35/100
   Combined confidence: 40%
   Signals: order_number_pattern, item_list_found
[2026-09-09 21:04:01] 🔧 Parser: MyOrdersVault\Parsers\GenericOrderParser
   Extracted: YES (#000000)
[2026-09-09 21:04:01] ✅ WILL SAVE: אימות כתובת מייל ברכישת דומיין - Confidence: 40%
[2026-09-09 21:04:01] ✅ Cleaned order number: 000000 (standard_digits)
[2026-09-09 21:04:01] 💾 gmail_messages ID: 236
   Order save: FAILED
   Reason: parser_success_confidence_40
   Customer email: none
   Order number valid: YES
[2026-09-09 21:04:01] 🔄 Processing message 35: 1a040aa1c8c14d0b
[2026-09-09 21:04:01] 📊 Subject: Improve Google presence for erezdj.co.il
   From: sc-noreply@google.com
   Sender score: 20/40
   Content score: 25/100
   Combined confidence: 34%
   Signals: order_number_pattern
[2026-09-09 21:04:01] 🔧 Parser: MyOrdersVault\Parsers\GenericOrderParser
   Extracted: NO
[2026-09-09 21:04:01] ⏭️ Confidence 34% < 70% and no parser, skipping
[2026-09-09 21:04:01] 🔄 Processing message 36: 1a040a0bfb850828
[2026-09-09 21:04:02] 📊 Subject: You shared some Google Account data with higgsfield.ai
   From: noreply-accounts@google.com
   Sender score: 0/40
   Content score: 0/100
   Combined confidence: 0%
   Signals:
[2026-09-09 21:04:02] ⏭️ Confidence 0% < 20%, skipping
[2026-09-09 21:04:02] 🔄 Processing message 37: 1a040797b01d7e28
[2026-09-09 21:04:02] 📊 Subject: Get started using Search Console with https://erezdj.co.il/
   From: sc-noreply@google.com
   Sender score: 20/40
   Content score: 25/100
   Combined confidence: 34%
   Signals: order_number_pattern
[2026-09-09 21:04:02] 🔧 Parser: MyOrdersVault\Parsers\GenericOrderParser
   Extracted: NO
[2026-09-09 21:04:02] ⏭️ Confidence 34% < 70% and no parser, skipping
[2026-09-09 21:04:02] 🔄 Processing message 38: 1a03e5f9d23e3609
[2026-09-09 21:04:02] 📊 Subject: Your two-factor sign in code
   From: noreply@acct-auth.epicgames.com
   Sender score: 20/40
   Content score: 45/100
   Combined confidence: 47%
   Signals: order_number_pattern, item_list_found, shipping_signal
[2026-09-09 21:04:02] 🔧 Parser: MyOrdersVault\Parsers\GenericOrderParser
   Extracted: YES (#595959)
[2026-09-09 21:04:02] ✅ WILL SAVE: Your two-factor sign in code - Confidence: 47%
[2026-09-09 21:04:02] ✅ Cleaned order number: 595959 (standard_digits)
[2026-09-09 21:04:02] 💾 gmail_messages ID: 237
   Order save: FAILED
   Reason: parser_success_confidence_47
   Customer email: none
   Order number valid: YES
[2026-09-09 21:04:02] 🔄 Processing message 39: 1a03e44e88791e24
[2026-09-09 21:04:03] 📊 Subject: You shared some Google Account data with VEED
   From: noreply-accounts@google.com
   Sender score: 0/40
   Content score: 10/100
   Combined confidence: 7%
   Signals: item_list_found
[2026-09-09 21:04:03] ⏭️ Confidence 7% < 20%, skipping
[2026-09-09 21:04:03] 🔄 Processing message 40: 1a03e058e4494179
[2026-09-09 21:04:03] 📊 Subject: דוח הביקורת שלכם — landingflow.co.il
   From: noreply@landingflow.co.il
   Sender score: 20/40
   Content score: 10/100
   Combined confidence: 24%
   Signals: shipping_signal
[2026-09-09 21:04:03] 🔧 Parser: MyOrdersVault\Parsers\GenericOrderParser
   Extracted: NO
[2026-09-09 21:04:03] ⏭️ Confidence 24% < 70% and no parser, skipping
[2026-09-09 21:04:03] 🔄 Processing message 41: 1a03e057d2b006f5
[2026-09-09 21:04:03] 📊 Subject: תודה שפנית ל-LandingFlow, בדיקת אתר - landingflow.co.il!
   From: noreply@landingflow.co.il
   Sender score: 20/40
   Content score: 25/100
   Combined confidence: 34%
   Signals: order_number_pattern
[2026-09-09 21:04:03] 🔧 Parser: MyOrdersVault\Parsers\GenericOrderParser
   Extracted: NO
[2026-09-09 21:04:03] ⏭️ Confidence 34% < 70% and no parser, skipping
[2026-09-09 21:04:03] 🔄 Processing message 42: 1a03e052ed7e1fde
[2026-09-09 21:04:03] 📊 Subject: קוד אימות — LandingFlow בדיקת אתר
   From: noreply@landingflow.co.il
   Sender score: 20/40
   Content score: 25/100
   Combined confidence: 34%
   Signals: order_number_pattern
[2026-09-09 21:04:03] 🔧 Parser: MyOrdersVault\Parsers\GenericOrderParser
   Extracted: NO
[2026-09-09 21:04:03] ⏭️ Confidence 34% < 70% and no parser, skipping
[2026-09-09 21:04:03] 🔄 Processing message 43: 1a03dd2819990242
[2026-09-09 21:04:04] 📊 Subject: קוד אימות — LandingFlow בדיקת אתר
   From: noreply@landingflow.co.il
   Sender score: 20/40
   Content score: 25/100
   Combined confidence: 34%
   Signals: order_number_pattern
[2026-09-09 21:04:04] 🔧 Parser: MyOrdersVault\Parsers\GenericOrderParser
   Extracted: NO
[2026-09-09 21:04:04] ⏭️ Confidence 34% < 70% and no parser, skipping
[2026-09-09 21:04:04] 🔄 Processing message 44: 1a03c0ffb301ff13
[2026-09-09 21:04:04] 📊 Subject: Get 20% off your first project
   From: no-reply@dribbble.com
   Sender score: 20/40
   Content score: 10/100
   Combined confidence: 24%
   Signals: item_list_found
[2026-09-09 21:04:04] 🔧 Parser: MyOrdersVault\Parsers\GenericOrderParser
   Extracted: YES (#GEN-72846f6a09)
[2026-09-09 21:04:04] ✅ WILL SAVE: Get 20% off your first project - Confidence: 24%
[2026-09-09 21:04:04] ✅ Cleaned order number: GEN-72846f6a09 (alphanumeric)
[2026-09-09 21:04:04] 💾 gmail_messages ID: 238
   Order save: SUCCESS (ID: 105)
   Reason: parser_success_confidence_24
   Customer email: none
   Order number valid: YES
[2026-09-09 21:04:04] 🔄 Processing message 45: 1a03b246b3561638
[2026-09-09 21:04:04] 📊 Subject: [Action Advised] Manage your unused OAuth clients and protect your information
   From: googledevelopers-noreply@google.com
   Sender score: 20/40
   Content score: 0/100
   Combined confidence: 18%
   Signals:
[2026-09-09 21:04:04] ⏭️ Confidence 18% < 20%, skipping
[2026-09-09 21:04:04] 🔄 Processing message 46: 1a03aa73fd97b523
[2026-09-09 21:04:04] 📊 Subject: You shared some Google Account data with Claude
   From: noreply-accounts@google.com
   Sender score: 0/40
   Content score: 10/100
   Combined confidence: 7%
   Signals: item_list_found
[2026-09-09 21:04:04] ⏭️ Confidence 7% < 20%, skipping
[2026-09-09 21:04:04] 🔄 Processing message 47: 1a03974eda795b95
[2026-09-09 21:04:05] 📊 Subject: הדומיין נרכש בהצלחה safekitchen.co.il
   From: noreply@box.co.il
   Sender score: 20/40
   Content score: 35/100
   Combined confidence: 40%
   Signals: order_number_pattern, item_list_found
[2026-09-09 21:04:05] 🔧 Parser: MyOrdersVault\Parsers\GenericOrderParser
   Extracted: YES (#000000)
[2026-09-09 21:04:05] ✅ WILL SAVE: הדומיין נרכש בהצלחה safekitchen.co.il - Confidence: 40%
[2026-09-09 21:04:05] ✅ Cleaned order number: 000000 (standard_digits)
[2026-09-09 21:04:05] 💾 gmail_messages ID: 239
   Order save: FAILED
   Reason: parser_success_confidence_40
   Customer email: none
   Order number valid: YES
[2026-09-09 21:04:05] 🔄 Processing message 48: 1a03974e8591af48
[2026-09-09 21:04:05] 📊 Subject: חשבונית על רכישתך ב box
   From: noreply@box.co.il
   Sender score: 20/40
   Content score: 60/100
   Combined confidence: 57%
   Signals: order_number_pattern, hebrew_purchase_phrase, item_list_found, subject_keyword
[2026-09-09 21:04:05] 🔧 Parser: MyOrdersVault\Parsers\GenericOrderParser
   Extracted: YES (#000000)
[2026-09-09 21:04:05] ✅ WILL SAVE: חשבונית על רכישתך ב box - Confidence: 57%
[2026-09-09 21:04:05] ✅ Cleaned order number: 000000 (standard_digits)
[2026-09-09 21:04:05] 💾 gmail_messages ID: 240
   Order save: FAILED
   Reason: parser_success_confidence_57
   Customer email: none
   Order number valid: YES
[2026-09-09 21:04:05] 🔄 Processing message 49: 1a0394fad43666f4
[2026-09-09 21:04:05] 📊 Subject: אימות כתובת מייל ברכישת דומיין
   From: noreply@box.co.il
   Sender score: 20/40
   Content score: 35/100
   Combined confidence: 40%
   Signals: order_number_pattern, item_list_found
[2026-09-09 21:04:05] 🔧 Parser: MyOrdersVault\Parsers\GenericOrderParser
   Extracted: YES (#000000)
[2026-09-09 21:04:05] ✅ WILL SAVE: אימות כתובת מייל ברכישת דומיין - Confidence: 40%
[2026-09-09 21:04:05] ✅ Cleaned order number: 000000 (standard_digits)
[2026-09-09 21:04:05] 💾 gmail_messages ID: 241
   Order save: FAILED
   Reason: parser_success_confidence_40
   Customer email: none
   Order number valid: YES
[2026-09-09 21:04:05] 🔄 Processing message 50: 1a0394f61e44bbc1
[2026-09-09 21:04:06] 📊 Subject: אימות כתובת מייל ברכישת דומיין
   From: noreply@box.co.il
   Sender score: 20/40
   Content score: 35/100
   Combined confidence: 40%
   Signals: order_number_pattern, item_list_found
[2026-09-09 21:04:06] 🔧 Parser: MyOrdersVault\Parsers\GenericOrderParser
   Extracted: YES (#000000)
[2026-09-09 21:04:06] ✅ WILL SAVE: אימות כתובת מייל ברכישת דומיין - Confidence: 40%
[2026-09-09 21:04:06] ✅ Cleaned order number: 000000 (standard_digits)
[2026-09-09 21:04:06] 💾 gmail_messages ID: 242
   Order save: FAILED
   Reason: parser_success_confidence_40
   Customer email: none
   Order number valid: YES
[2026-09-09 21:04:06] 🔄 Processing message 51: 1a02eb5346c052c2
[2026-09-09 21:04:06] 📊 Subject: Folder shared with you: "לשלוח 1"
   From: drive-shares-dm-noreply@google.com
   Sender score: 20/40
   Content score: 10/100
   Combined confidence: 24%
   Signals: item_list_found
[2026-09-09 21:04:06] 🔧 Parser: MyOrdersVault\Parsers\GenericOrderParser
   Extracted: NO
[2026-09-09 21:04:06] ⏭️ Confidence 24% < 70% and no parser, skipping
[2026-09-09 21:04:06] 🔄 Processing message 52: 1a02e45d5135edb6
[2026-09-09 21:04:06] 📊 Subject: Security alert
   From: no-reply@accounts.google.com
   Sender score: 20/40
   Content score: 0/100
   Combined confidence: 18%
   Signals:
[2026-09-09 21:04:06] ⏭️ Confidence 18% < 20%, skipping
[2026-09-09 21:04:06] 🔄 Processing message 53: 1a029cd2c55290ec
[2026-09-09 21:04:07] 📊 Subject: Announcement on DeepSeek V4 API new peak/off-peak billing rules
   From: support@sc.mail.deepseek.com
   Sender score: 20/40
   Content score: 45/100
   Combined confidence: 47%
   Signals: order_number_pattern, item_list_found, subject_keyword
[2026-09-09 21:04:07] 🔧 Parser: MyOrdersVault\Parsers\GenericOrderParser
   Extracted: YES (#000000)
[2026-09-09 21:04:07] ✅ WILL SAVE: Announcement on DeepSeek V4 API new peak/off-peak billing rules - Confidence: 47%
[2026-09-09 21:04:07] ✅ Cleaned order number: 000000 (standard_digits)
[2026-09-09 21:04:07] 📧 Using from_email as customer email: support@sc.mail.deepseek.com
[2026-09-09 21:04:07] 💾 gmail_messages ID: 243
   Order save: FAILED
   Reason: parser_success_confidence_47
   Customer email: support@sc.mail.deepseek.com
   Order number valid: YES
[2026-09-09 21:04:07] 🔄 Processing message 54: 1a0277695352f32e
[2026-09-09 21:04:07] 📊 Subject: Find world-class design and development talent on Dribbble.
   From: no-reply@n.dribbble.com
   Sender score: 20/40
   Content score: 10/100
   Combined confidence: 24%
   Signals: item_list_found
[2026-09-09 21:04:07] 🔧 Parser: MyOrdersVault\Parsers\GenericOrderParser
   Extracted: NO
[2026-09-09 21:04:07] ⏭️ Confidence 24% < 70% and no parser, skipping
[2026-09-09 21:04:07] 🔄 Processing message 55: 1a025f26a7372d01
[2026-09-09 21:04:07] 📊 Subject: Your guide to Claude Code on mobile
   From: no-reply@email.claude.com
   Sender score: 20/40
   Content score: 0/100
   Combined confidence: 18%
   Signals:
[2026-09-09 21:04:07] ⏭️ Confidence 18% < 20%, skipping
[2026-09-09 21:04:07] 🔄 Processing message 56: 1a023bdaa60d6b76
[2026-09-09 21:04:07] 📊 Subject: [GitHub] A new public key was added to BennyTheLion/kitchen-log
   From: noreply@github.com
   Sender score: 20/40
   Content score: 0/100
   Combined confidence: 18%
   Signals:
[2026-09-09 21:04:07] ⏭️ Confidence 18% < 20%, skipping
[2026-09-09 21:04:07] 🔄 Processing message 57: 1a022502d747a9eb
[2026-09-09 21:04:08] 📊 Subject: Tell us what you need. We’ll help you find the perfect partner.
   From: no-reply@n.dribbble.com
   Sender score: 20/40
   Content score: 10/100
   Combined confidence: 24%
   Signals: item_list_found
[2026-09-09 21:04:08] 🔧 Parser: MyOrdersVault\Parsers\GenericOrderParser
   Extracted: NO
[2026-09-09 21:04:08] ⏭️ Confidence 24% < 70% and no parser, skipping
[2026-09-09 21:04:08] 🔄 Processing message 58: 1a0224a474fb6fa0
[2026-09-09 21:04:08] 📊 Subject: עדכון במחיר של YouTube Premium
   From: no-reply@youtube.com
   Sender score: 20/40
   Content score: 55/100
   Combined confidence: 53%
   Signals: order_number_pattern, amount_found, item_list_found
[2026-09-09 21:04:08] 🔧 Parser: MyOrdersVault\Parsers\GenericOrderParser
   Extracted: NO
[2026-09-09 21:04:08] ⏭️ Confidence 53% < 70% and no parser, skipping
[2026-09-09 21:04:08] 🔄 Processing message 59: 1a02219329c6c311
[2026-09-09 21:04:08] 📊 Subject: You shared some Google Account data with Dribbble
   From: noreply-accounts@google.com
   Sender score: 0/40
   Content score: 10/100
   Combined confidence: 7%
   Signals: item_list_found
[2026-09-09 21:04:08] ⏭️ Confidence 7% < 20%, skipping
[2026-09-09 21:04:08] 🔄 Processing message 60: 1a021d5907488839
[2026-09-09 21:04:09] 📊 Subject: קוד אימות — LandingFlow בדיקת אתר
   From: noreply@landingflow.co.il
   Sender score: 20/40
   Content score: 25/100
   Combined confidence: 34%
   Signals: order_number_pattern
[2026-09-09 21:04:09] 🔧 Parser: MyOrdersVault\Parsers\GenericOrderParser
   Extracted: NO
[2026-09-09 21:04:09] ⏭️ Confidence 34% < 70% and no parser, skipping
[2026-09-09 21:04:09] 🔄 Processing message 61: 1a021c99f568dd99
[2026-09-09 21:04:09] 📊 Subject: קוד אימות — LandingFlow בדיקת אתר
   From: noreply@landingflow.co.il
   Sender score: 20/40
   Content score: 25/100
   Combined confidence: 34%
   Signals: order_number_pattern
[2026-09-09 21:04:09] 🔧 Parser: MyOrdersVault\Parsers\GenericOrderParser
   Extracted: NO
[2026-09-09 21:04:09] ⏭️ Confidence 34% < 70% and no parser, skipping
[2026-09-09 21:04:09] 🔄 Processing message 62: 1a021c7347e3216f
[2026-09-09 21:04:09] 📊 Subject: קוד אימות — LandingFlow בדיקת אתר
   From: noreply@landingflow.co.il
   Sender score: 20/40
   Content score: 25/100
   Combined confidence: 34%
   Signals: order_number_pattern
[2026-09-09 21:04:09] 🔧 Parser: MyOrdersVault\Parsers\GenericOrderParser
   Extracted: NO
[2026-09-09 21:04:09] ⏭️ Confidence 34% < 70% and no parser, skipping
[2026-09-09 21:04:09] 🔄 Processing message 63: 1a021c5365251ba9
[2026-09-09 21:04:09] 📊 Subject: דוח הביקורת שלכם — www.icontrol.co.il
   From: noreply@landingflow.co.il
   Sender score: 20/40
   Content score: 10/100
   Combined confidence: 24%
   Signals: shipping_signal
[2026-09-09 21:04:09] 🔧 Parser: MyOrdersVault\Parsers\GenericOrderParser
   Extracted: NO
[2026-09-09 21:04:09] ⏭️ Confidence 24% < 70% and no parser, skipping
[2026-09-09 21:04:09] 🔄 Processing message 64: 1a021c51a5091d3b
[2026-09-09 21:04:10] 📊 Subject: תודה שפנית ל-LandingFlow, בדיקת אתר - www.icontrol.co.il!
   From: noreply@landingflow.co.il
   Sender score: 20/40
   Content score: 25/100
   Combined confidence: 34%
   Signals: order_number_pattern
[2026-09-09 21:04:10] 🔧 Parser: MyOrdersVault\Parsers\GenericOrderParser
   Extracted: NO
[2026-09-09 21:04:10] ⏭️ Confidence 34% < 70% and no parser, skipping
[2026-09-09 21:04:10] 🔄 Processing message 65: 1a021c4bf2917b40
[2026-09-09 21:04:10] 📊 Subject: קוד אימות — LandingFlow בדיקת אתר
   From: noreply@landingflow.co.il
   Sender score: 20/40
   Content score: 25/100
   Combined confidence: 34%
   Signals: order_number_pattern
[2026-09-09 21:04:10] 🔧 Parser: MyOrdersVault\Parsers\GenericOrderParser
   Extracted: NO
[2026-09-09 21:04:10] ⏭️ Confidence 34% < 70% and no parser, skipping
[2026-09-09 21:04:10] 🔄 Processing message 66: 1a0218f473635745
[2026-09-09 21:04:10] 📊 Subject: דוח הביקורת שלכם — landingflow.co.il
   From: noreply@landingflow.co.il
   Sender score: 20/40
   Content score: 10/100
   Combined confidence: 24%
   Signals: shipping_signal
[2026-09-09 21:04:10] 🔧 Parser: MyOrdersVault\Parsers\GenericOrderParser
   Extracted: NO
[2026-09-09 21:04:10] ⏭️ Confidence 24% < 70% and no parser, skipping
[2026-09-09 21:04:10] 🔄 Processing message 67: 1a0218f3f1dc6f0f
[2026-09-09 21:04:11] 📊 Subject: תודה שפנית ל-LandingFlow, בדיקת אתר - landingflow.co.il!
   From: noreply@landingflow.co.il
   Sender score: 20/40
   Content score: 25/100
   Combined confidence: 34%
   Signals: order_number_pattern
[2026-09-09 21:04:11] 🔧 Parser: MyOrdersVault\Parsers\GenericOrderParser
   Extracted: NO
[2026-09-09 21:04:11] ⏭️ Confidence 34% < 70% and no parser, skipping
[2026-09-09 21:04:11] 🔄 Processing message 68: 1a0218ecd191a0a2
[2026-09-09 21:04:11] 📊 Subject: קוד אימות — LandingFlow בדיקת אתר
   From: noreply@landingflow.co.il
   Sender score: 20/40
   Content score: 25/100
   Combined confidence: 34%
   Signals: order_number_pattern
[2026-09-09 21:04:11] 🔧 Parser: MyOrdersVault\Parsers\GenericOrderParser
   Extracted: NO
[2026-09-09 21:04:11] ⏭️ Confidence 34% < 70% and no parser, skipping
[2026-09-09 21:04:11] 🔄 Processing message 69: 1a021789e48a70e3
[2026-09-09 21:04:11] 📊 Subject: דוח הביקורת שלכם — ori-diamonds.co.il
   From: noreply@landingflow.co.il
   Sender score: 20/40
   Content score: 10/100
   Combined confidence: 24%
   Signals: shipping_signal
[2026-09-09 21:04:11] 🔧 Parser: MyOrdersVault\Parsers\GenericOrderParser
   Extracted: NO
[2026-09-09 21:04:11] ⏭️ Confidence 24% < 70% and no parser, skipping
[2026-09-09 21:04:11] 🔄 Processing message 70: 1a021788deb1123e
[2026-09-09 21:04:11] 📊 Subject: תודה שפנית ל-LandingFlow, בדיקת אתר - ori-diamonds.co.il!
   From: noreply@landingflow.co.il
   Sender score: 20/40
   Content score: 25/100
   Combined confidence: 34%
   Signals: order_number_pattern
[2026-09-09 21:04:11] 🔧 Parser: MyOrdersVault\Parsers\GenericOrderParser
   Extracted: NO
[2026-09-09 21:04:11] ⏭️ Confidence 34% < 70% and no parser, skipping
[2026-09-09 21:04:11] 🔄 Processing message 71: 1a0217827a607114
[2026-09-09 21:04:12] 📊 Subject: קוד אימות — LandingFlow בדיקת אתר
   From: noreply@landingflow.co.il
   Sender score: 20/40
   Content score: 25/100
   Combined confidence: 34%
   Signals: order_number_pattern
[2026-09-09 21:04:12] 🔧 Parser: MyOrdersVault\Parsers\GenericOrderParser
   Extracted: NO
[2026-09-09 21:04:12] ⏭️ Confidence 34% < 70% and no parser, skipping
[2026-09-09 21:04:12] 🔄 Processing message 72: 1a0206d13ea1c7f8
[2026-09-09 21:04:12] 📊 Subject: You shared some Google Account data with Claude
   From: noreply-accounts@google.com
   Sender score: 0/40
   Content score: 0/100
   Combined confidence: 0%
   Signals:
[2026-09-09 21:04:12] ⏭️ Confidence 0% < 20%, skipping
[2026-09-09 21:04:12] 🔄 Processing message 73: 1a01cf34705fe205
[2026-09-09 21:04:12] 📊 Subject: [Action needed] Your Claude API access is turned off
   From: no-reply-ev01l4LEhe1ZPbZmq7LCDw@mail.anthropic.com
   Sender score: 0/40
   Content score: 35/100
   Combined confidence: 23%
   Signals: order_number_pattern, item_list_found
[2026-09-09 21:04:12] 🔧 Parser: MyOrdersVault\Parsers\GenericOrderParser
   Extracted: YES (#000000)
[2026-09-09 21:04:12] ✅ WILL SAVE: [Action needed] Your Claude API access is turned off - Confidence: 23%
[2026-09-09 21:04:12] ✅ Cleaned order number: 000000 (standard_digits)
[2026-09-09 21:04:12] 💾 gmail_messages ID: 244
   Order save: FAILED
   Reason: parser_success_confidence_23
   Customer email: none
   Order number valid: YES
[2026-09-09 21:04:12] 🔄 Processing message 74: 1a01ca1e854bcf31
[2026-09-09 21:04:13] 📊 Subject: [Action needed] Your Claude API access is turned off
   From: no-reply-mpgcoPM-0ntVmwGLRIc9_Q@mail.anthropic.com
   Sender score: 0/40
   Content score: 35/100
   Combined confidence: 23%
   Signals: order_number_pattern, item_list_found
[2026-09-09 21:04:13] 🔧 Parser: MyOrdersVault\Parsers\GenericOrderParser
   Extracted: YES (#000000)
[2026-09-09 21:04:13] ✅ WILL SAVE: [Action needed] Your Claude API access is turned off - Confidence: 23%
[2026-09-09 21:04:13] ✅ Cleaned order number: 000000 (standard_digits)
[2026-09-09 21:04:13] 💾 gmail_messages ID: 245
   Order save: FAILED
   Reason: parser_success_confidence_23
   Customer email: none
   Order number valid: YES
[2026-09-09 21:04:13] 🔄 Processing message 75: 1a01c891d67b1da8
[2026-09-09 21:04:13] 📊 Subject: Your receipt from Anthropic, PBC #2681-5707-5841
   From: invoice+statements@mail.anthropic.com
   Sender score: 0/40
   Content score: 25/100
   Combined confidence: 16%
   Signals: english_purchase_phrase, subject_keyword
[2026-09-09 21:04:13] ⏭️ Confidence 16% < 20%, skipping
[2026-09-09 21:04:13] 🔄 Processing message 76: 1a01c6617fd04801
[2026-09-09 21:04:13] 📊 Subject: Your receipt from Anthropic, PBC #2258-9921-8538
   From: invoice+statements@mail.anthropic.com
   Sender score: 0/40
   Content score: 25/100
   Combined confidence: 16%
   Signals: english_purchase_phrase, subject_keyword
[2026-09-09 21:04:13] ⏭️ Confidence 16% < 20%, skipping
[2026-09-09 21:04:13] 🔄 Processing message 77: 1a01c61e484fff48
[2026-09-09 21:04:14] 📊 Subject: [Action needed] Your Claude API access is turned off
   From: no-reply-E-0jcz8WnhrWGUVkceE_FA@mail.anthropic.com
   Sender score: 0/40
   Content score: 35/100
   Combined confidence: 23%
   Signals: order_number_pattern, item_list_found
[2026-09-09 21:04:14] 🔧 Parser: MyOrdersVault\Parsers\GenericOrderParser
   Extracted: YES (#000000)
[2026-09-09 21:04:14] ✅ WILL SAVE: [Action needed] Your Claude API access is turned off - Confidence: 23%
[2026-09-09 21:04:14] ✅ Cleaned order number: 000000 (standard_digits)
[2026-09-09 21:04:14] 💾 gmail_messages ID: 246
   Order save: FAILED
   Reason: parser_success_confidence_23
   Customer email: none
   Order number valid: YES
[2026-09-09 21:04:14] 🔄 Processing message 78: 1a01c3f65a4a86cf
[2026-09-09 21:04:14] 📊 Subject: Your receipt from Anthropic, PBC #2308-0531-1016
   From: invoice+statements@mail.anthropic.com
   Sender score: 0/40
   Content score: 25/100
   Combined confidence: 16%
   Signals: english_purchase_phrase, subject_keyword
[2026-09-09 21:04:14] ⏭️ Confidence 16% < 20%, skipping
[2026-09-09 21:04:14] 🔄 Processing message 79: 1a01c39eff40be0b
[2026-09-09 21:04:14] 📊 Subject: [Action needed] Your Claude API access is turned off
   From: no-reply-_6Chat27SkpJZ-BTIoYjNw@mail.anthropic.com
   Sender score: 0/40
   Content score: 35/100
   Combined confidence: 23%
   Signals: order_number_pattern, item_list_found
[2026-09-09 21:04:14] 🔧 Parser: MyOrdersVault\Parsers\GenericOrderParser
   Extracted: YES (#000000)
[2026-09-09 21:04:14] ✅ WILL SAVE: [Action needed] Your Claude API access is turned off - Confidence: 23%
[2026-09-09 21:04:14] ✅ Cleaned order number: 000000 (standard_digits)
[2026-09-09 21:04:14] 💾 gmail_messages ID: 247
   Order save: FAILED
   Reason: parser_success_confidence_23
   Customer email: none
   Order number valid: YES
[2026-09-09 21:04:14] 🔄 Processing message 80: 1a01c3405ed525f8
[2026-09-09 21:04:14] 📊 Subject: תודה שפנית ל-LandingFlow, בדיקת אתר - bublile.co.il!
   From: noreply@landingflow.co.il
   Sender score: 20/40
   Content score: 25/100
   Combined confidence: 34%
   Signals: order_number_pattern
[2026-09-09 21:04:14] 🔧 Parser: MyOrdersVault\Parsers\GenericOrderParser
   Extracted: NO
[2026-09-09 21:04:14] ⏭️ Confidence 34% < 70% and no parser, skipping
[2026-09-09 21:04:14] 🔄 Processing message 81: 1a01bfb85c4cc1c6
[2026-09-09 21:04:15] 📊 Subject: You shared some Google Account data with Claude
   From: noreply-accounts@google.com
   Sender score: 0/40
   Content score: 10/100
   Combined confidence: 7%
   Signals: item_list_found
[2026-09-09 21:04:15] ⏭️ Confidence 7% < 20%, skipping
[2026-09-09 21:04:15] 🔄 Processing message 82: 1a01b0daa4aab0f4
[2026-09-09 21:04:15] 📊 Subject: New reasons prevent pages from being indexed on site landingflow.co.il
   From: sc-noreply@google.com
   Sender score: 20/40
   Content score: 25/100
   Combined confidence: 34%
   Signals: order_number_pattern
[2026-09-09 21:04:15] 🔧 Parser: MyOrdersVault\Parsers\GenericOrderParser
   Extracted: NO
[2026-09-09 21:04:15] ⏭️ Confidence 34% < 70% and no parser, skipping
[2026-09-09 21:04:15] 🔄 Processing message 83: 1a018adeb3cce9fd
[2026-09-09 21:04:15] 📊 Subject: Security alert
   From: no-reply@accounts.google.com
   Sender score: 20/40
   Content score: 0/100
   Combined confidence: 18%
   Signals:
[2026-09-09 21:04:15] ⏭️ Confidence 18% < 20%, skipping
[2026-09-09 21:04:15] 🔄 Processing message 84: 1a014ca1ec72d544
[2026-09-09 21:04:16] 📊 Subject: Security alert
   From: no-reply@accounts.google.com
   Sender score: 20/40
   Content score: 0/100
   Combined confidence: 18%
   Signals:
[2026-09-09 21:04:16] ⏭️ Confidence 18% < 20%, skipping
[2026-09-09 21:04:16] 🔄 Processing message 85: 1a00fa280b02c91c
[2026-09-09 21:04:16] 📊 Subject: תודה שפנית ל-LandingFlow, בדיקת אתר - www.mamaroni.co.il!
   From: noreply@landingflow.co.il
   Sender score: 20/40
   Content score: 25/100
   Combined confidence: 34%
   Signals: order_number_pattern
[2026-09-09 21:04:16] 🔧 Parser: MyOrdersVault\Parsers\GenericOrderParser
   Extracted: NO
[2026-09-09 21:04:16] ⏭️ Confidence 34% < 70% and no parser, skipping
[2026-09-09 21:04:16] 🔄 Processing message 86: 1a00f111cbde4c73
[2026-09-09 21:04:16] 📊 Subject: New reasons prevent pages from being indexed on site landingflow.co.il
   From: sc-noreply@google.com
   Sender score: 20/40
   Content score: 35/100
   Combined confidence: 40%
   Signals: order_number_pattern, item_list_found
[2026-09-09 21:04:16] 🔧 Parser: MyOrdersVault\Parsers\GenericOrderParser
   Extracted: NO
[2026-09-09 21:04:16] ⏭️ Confidence 40% < 70% and no parser, skipping
[2026-09-09 21:04:16] 🔄 Processing message 87: 1a00ce7395aecf7c
[2026-09-09 21:04:16] 📊 Subject: Receipt for Your Payment to Google Payment Limit...
   From: service@paypal.co.il
   Sender score: 20/40
   Content score: 80/100
   Combined confidence: 70%
   Signals: order_number_pattern, amount_found, english_purchase_phrase, item_list_found, subject_keyword
[2026-09-09 21:04:16] 🔧 Parser: MyOrdersVault\Parsers\PayPalParser
   Extracted: YES (#PP-57ca61b9a8)
[2026-09-09 21:04:16] ✅ WILL SAVE: Receipt for Your Payment to Google Payment Limit... - Confidence: 70%
[2026-09-09 21:04:16] ✅ Cleaned order number: PP-57ca61b9a8 (alphanumeric)
[2026-09-09 21:04:16] 📧 Using from_email as customer email: service@paypal.co.il
[2026-09-09 21:04:16] 💾 gmail_messages ID: 248
   Order save: SUCCESS (ID: 106)
   Reason: parser_success_confidence_70
   Customer email: service@paypal.co.il
   Order number valid: YES
[2026-09-09 21:04:16] 🔄 Processing message 88: 19fff923807bcbc0
[2026-09-09 21:04:17] 📊 Subject: התור שלך בוטל
   From: noreply@landingflow.co.il
   Sender score: 20/40
   Content score: 25/100
   Combined confidence: 34%
   Signals: order_number_pattern
[2026-09-09 21:04:17] 🔧 Parser: MyOrdersVault\Parsers\GenericOrderParser
   Extracted: NO
[2026-09-09 21:04:17] ⏭️ Confidence 34% < 70% and no parser, skipping
[2026-09-09 21:04:17] 🔄 Processing message 89: 19fff8f592aa832b
[2026-09-09 21:04:17] 📊 Subject: תור נקבע בהצלחה - אסף מספרה
   From: noreply@landingflow.co.il
   Sender score: 20/40
   Content score: 25/100
   Combined confidence: 34%
   Signals: order_number_pattern
[2026-09-09 21:04:17] 🔧 Parser: MyOrdersVault\Parsers\GenericOrderParser
   Extracted: NO
[2026-09-09 21:04:17] ⏭️ Confidence 34% < 70% and no parser, skipping
[2026-09-09 21:04:17] 🔄 Processing message 90: 19fff8e13dc652b5
[2026-09-09 21:04:17] 📊 Subject: Announcement on DeepSeek V4 API New Pricing
   From: support@sc.mail.deepseek.com
   Sender score: 20/40
   Content score: 10/100
   Combined confidence: 24%
   Signals: item_list_found
[2026-09-09 21:04:17] 🔧 Parser: MyOrdersVault\Parsers\GenericOrderParser
   Extracted: NO
[2026-09-09 21:04:17] ⏭️ Confidence 24% < 70% and no parser, skipping
[2026-09-09 21:04:17] 🔄 Processing message 91: 19ffed30790971ef
[2026-09-09 21:04:18] 📊 Subject: Monitor the Google Search traffic to landingflow.co.il
   From: sc-noreply@google.com
   Sender score: 20/40
   Content score: 25/100
   Combined confidence: 34%
   Signals: order_number_pattern
[2026-09-09 21:04:18] 🔧 Parser: MyOrdersVault\Parsers\GenericOrderParser
   Extracted: NO
[2026-09-09 21:04:18] ⏭️ Confidence 34% < 70% and no parser, skipping
[2026-09-09 21:04:18] 🔄 Processing message 92: 19ffdf993c158ef0
[2026-09-09 21:04:18] 📊 Subject: Receipt for Your Payment to 杭州深度求索人工智能基础技术研究有限公司
   From: service@paypal.co.il
   Sender score: 20/40
   Content score: 80/100
   Combined confidence: 70%
   Signals: order_number_pattern, amount_found, english_purchase_phrase, item_list_found, subject_keyword
[2026-09-09 21:04:18] 🔧 Parser: MyOrdersVault\Parsers\PayPalParser
   Extracted: YES (#PP-05ad7949a7)
[2026-09-09 21:04:18] ✅ WILL SAVE: Receipt for Your Payment to 杭州深度求索人工智能基础技术研究有限公司 - Confidence: 70%
[2026-09-09 21:04:18] ✅ Cleaned order number: PP-05ad7949a7 (alphanumeric)
[2026-09-09 21:04:18] 📧 Using from_email as customer email: service@paypal.co.il
[2026-09-09 21:04:18] 💾 gmail_messages ID: 249
   Order save: SUCCESS (ID: 107)
   Reason: parser_success_confidence_70
   Customer email: service@paypal.co.il
   Order number valid: YES
[2026-09-09 21:04:18] 🔄 Processing message 93: 19ffb89e0ea9ab49
[2026-09-09 21:04:18] 📊 Subject: ✅ בני, finish setting up your Apple iPhone with Google
   From: no-reply@google.com
   Sender score: 20/40
   Content score: 10/100
   Combined confidence: 24%
   Signals: item_list_found
[2026-09-09 21:04:18] 🔧 Parser: MyOrdersVault\Parsers\GenericOrderParser
   Extracted: NO
[2026-09-09 21:04:18] ⏭️ Confidence 24% < 70% and no parser, skipping
[2026-09-09 21:04:18] 🔄 Processing message 94: 19ffb88f40ed7d03
[2026-09-09 21:04:19] 📊 Subject: Security alert
   From: no-reply@accounts.google.com
   Sender score: 20/40
   Content score: 0/100
   Combined confidence: 18%
   Signals:
[2026-09-09 21:04:19] ⏭️ Confidence 18% < 20%, skipping
[2026-09-09 21:04:19] 🔄 Processing message 95: 19ffb6fc1e4d8215
[2026-09-09 21:04:19] 📊 Subject: תודה שפנית ל-LandingFlow, Benny Maimon!
   From: noreply@landingflow.co.il
   Sender score: 20/40
   Content score: 25/100
   Combined confidence: 34%
   Signals: order_number_pattern
[2026-09-09 21:04:19] 🔧 Parser: MyOrdersVault\Parsers\GenericOrderParser
   Extracted: NO
[2026-09-09 21:04:19] ⏭️ Confidence 34% < 70% and no parser, skipping
[2026-09-09 21:04:19] 🔄 Processing message 96: 19ff76bc4d19e91d
[2026-09-09 21:04:19] 📊 Subject: Improve Google presence for landingflow.co.il
   From: sc-noreply@google.com
   Sender score: 20/40
   Content score: 25/100
   Combined confidence: 34%
   Signals: order_number_pattern
[2026-09-09 21:04:19] 🔧 Parser: MyOrdersVault\Parsers\GenericOrderParser
   Extracted: NO
[2026-09-09 21:04:19] ⏭️ Confidence 34% < 70% and no parser, skipping
[2026-09-09 21:04:19] 🔄 Processing message 97: 19ff4cc338771611
[2026-09-09 21:04:19] 📊 Subject: תור נקבע בהצלחה - אסף מספרה
   From: noreply@landingflow.co.il
   Sender score: 20/40
   Content score: 0/100
   Combined confidence: 18%
   Signals:
[2026-09-09 21:04:19] ⏭️ Confidence 18% < 20%, skipping
[2026-09-09 21:04:19] 🔄 Processing message 98: 19ff4cc294ee71f3
[2026-09-09 21:04:20] 📊 Subject: תור חדש - benny
   From: noreply@landingflow.co.il
   Sender score: 20/40
   Content score: 25/100
   Combined confidence: 34%
   Signals: order_number_pattern
[2026-09-09 21:04:20] 🔧 Parser: MyOrdersVault\Parsers\GenericOrderParser
   Extracted: NO
[2026-09-09 21:04:20] ⏭️ Confidence 34% < 70% and no parser, skipping
[2026-09-09 21:04:20] 🔄 Processing message 99: 19ff3ce4c99daa74
[2026-09-09 21:04:20] 📊 Subject: [BennyTheLion/AsafHairSalon] Possible valid secrets detected
   From: support@github.com
   Sender score: 20/40
   Content score: 25/100
   Combined confidence: 34%
   Signals: order_number_pattern
[2026-09-09 21:04:20] 🔧 Parser: MyOrdersVault\Parsers\GenericOrderParser
   Extracted: NO
[2026-09-09 21:04:20] ⏭️ Confidence 34% < 70% and no parser, skipping
[2026-09-09 21:04:20] 🔄 Processing message 100: 19ff3211a52eae31
[2026-09-09 21:04:20] 📊 Subject: You shared some Google Account data with nanobanana.io
   From: noreply-accounts@google.com
   Sender score: 0/40
   Content score: 10/100
   Combined confidence: 7%
   Signals: item_list_found
[2026-09-09 21:04:20] ⏭️ Confidence 7% < 20%, skipping
[2026-09-09 21:04:20] ===== END SYNC. Saved: 23 =====
[2026-09-09 21:04:21] [2026-09-09 21:04:21] ===== START SYNC =====
Query: ((subject:"order confirmation" OR subject:"order receipt" OR subject:"purchase confirmation" OR subject:"payment confirmation" OR subject:"payment receipt" OR subject:"invoice" OR subject:"receipt" OR subject:"your order" OR subject:"order summary" OR subject:"order details" OR subject:"order shipped" OR subject:"order dispatched" OR subject:"shipment confirmation" OR subject:"delivery confirmation" OR subject:"thank you for your purchase" OR subject:"thank you for your order" OR subject:"billing confirmation" OR subject:"transaction receipt" OR subject:"your purchase" OR subject:"אישור הזמנה" OR subject:"אישור רכישה" OR subject:"חשבונית" OR subject:"קבלה" OR subject:"פרטי הזמנה" OR subject:"סיכום הזמנה" OR subject:"ההזמנה שלך" OR subject:"הרכישה שלך" OR subject:"תודה על הזמנתך" OR subject:"תודה על רכישתך" OR subject:"אישור תשלום" OR subject:"אישור עסקה" OR subject:"חשבונית מס" OR subject:"חשבונית עסקה" OR subject:"הזמנתך התקבלה" OR subject:"הרכישה התקבלה" OR subject:"מסמך עסקה" OR subject:"פרטי עסקה" OR subject:"אסמכתא" OR subject:"מספר הזמנה") OR (from:noreply@amazon OR from:order@amazon OR from:shipment-tracking@amazon OR from:auto-confirm@amazon OR from:orders@aliexpress OR from:noreply@aliexpress OR from:ebay@ebay OR from:noreply@ebay OR from:service@paypal OR from:service@intl.paypal.com OR from:receipts@ OR from:orders@ OR from:billing@ OR from:invoice@ OR from:noreply@ OR from:no-reply@ OR from:confirmation@ OR from:support@ OR from:online@ksp.co.il OR from:noreply@ivory.co.il OR from:orders@bug.co.il OR from:noreply@zap.co.il OR from:noreply@superspharm.co.il OR from:noreply@shufersal.co.il OR from:noreply@rami-levy.co.il OR from:orders@terminalx.com OR from:noreply@adika.com OR from:noreply@golf.co.il OR from:noreply@factory54.co.il OR from:orders@shein.com OR from:noreply@Castro.co.il OR from:noreply@renuar.co.il OR from:noreply@HOmydesign.com OR from:noreply@ace.co.il OR from:noreply@ikea.com OR from:info@terminalx.com))
Total messages found: 100
[2026-09-09 21:04:21] 🔄 Processing message 1: 1a0878dccf87f4ec
[2026-09-09 21:04:22] 📊 Subject: Security alert
   From: no-reply@accounts.google.com
   Sender score: 20/40
   Content score: 0/100
   Combined confidence: 18%
   Signals:
[2026-09-09 21:04:22] ⏭️ Confidence 18% < 20%, skipping
[2026-09-09 21:04:22] 🔄 Processing message 2: 1a0877701d34abe7
[2026-09-09 21:34:29] [2026-09-09 21:34:29] ===== START SYNC =====
Query: ((subject:"order confirmation" OR subject:"order receipt" OR subject:"purchase confirmation" OR subject:"payment confirmation" OR subject:"payment receipt" OR subject:"invoice" OR subject:"receipt" OR subject:"your order" OR subject:"order summary" OR subject:"order details" OR subject:"order shipped" OR subject:"order dispatched" OR subject:"shipment confirmation" OR subject:"delivery confirmation" OR subject:"thank you for your purchase" OR subject:"thank you for your order" OR subject:"billing confirmation" OR subject:"transaction receipt" OR subject:"your purchase" OR subject:"אישור הזמנה" OR subject:"אישור רכישה" OR subject:"חשבונית" OR subject:"קבלה" OR subject:"פרטי הזמנה" OR subject:"סיכום הזמנה" OR subject:"ההזמנה שלך" OR subject:"הרכישה שלך" OR subject:"תודה על הזמנתך" OR subject:"תודה על רכישתך" OR subject:"אישור תשלום" OR subject:"אישור עסקה" OR subject:"חשבונית מס" OR subject:"חשבונית עסקה" OR subject:"הזמנתך התקבלה" OR subject:"הרכישה התקבלה" OR subject:"מסמך עסקה" OR subject:"פרטי עסקה" OR subject:"אסמכתא" OR subject:"מספר הזמנה") OR (from:noreply@amazon OR from:order@amazon OR from:shipment-tracking@amazon OR from:auto-confirm@amazon OR from:orders@aliexpress OR from:noreply@aliexpress OR from:ebay@ebay OR from:noreply@ebay OR from:service@paypal OR from:service@intl.paypal.com OR from:receipts@ OR from:orders@ OR from:billing@ OR from:invoice@ OR from:noreply@ OR from:no-reply@ OR from:confirmation@ OR from:support@ OR from:online@ksp.co.il OR from:noreply@ivory.co.il OR from:orders@bug.co.il OR from:noreply@zap.co.il OR from:noreply@superspharm.co.il OR from:noreply@shufersal.co.il OR from:noreply@rami-levy.co.il OR from:orders@terminalx.com OR from:noreply@adika.com OR from:noreply@golf.co.il OR from:noreply@factory54.co.il OR from:orders@shein.com OR from:noreply@Castro.co.il OR from:noreply@renuar.co.il OR from:noreply@HOmydesign.com OR from:noreply@ace.co.il OR from:noreply@ikea.com OR from:info@terminalx.com))
Total messages found: 50
[2026-09-09 21:34:29] 🔄 Processing message 1: 1a0879afe4c58802
[2026-09-09 21:34:29] 📊 Subject: You shared some Google Account data with Figma Weave
   From: noreply-accounts@google.com
   Sender score: 0/40
   Content score: 0/100
   Combined confidence: 0%
   Signals:
[2026-09-09 21:34:29] ⏭️ Confidence 0% < 20%, skipping
[2026-09-09 21:34:29] 🔄 Processing message 2: 1a0878ebab04c07e
[2026-09-09 21:34:30] 📊 Subject: ✅ בני, finish setting up your Windows with Google
   From: no-reply@google.com
   Sender score: 20/40
   Content score: 0/100
   Combined confidence: 18%
   Signals:
[2026-09-09 21:34:30] ⏭️ Confidence 18% < 20%, skipping
[2026-09-09 21:34:30] 🔄 Processing message 3: 1a0878dccf87f4ec
[2026-09-09 21:34:30] 📊 Subject: Security alert
   From: no-reply@accounts.google.com
   Sender score: 20/40
   Content score: 0/100
   Combined confidence: 18%
   Signals:
[2026-09-09 21:34:30] ⏭️ Confidence 18% < 20%, skipping
[2026-09-09 21:34:30] 🔄 Processing message 4: 1a0877701d34abe7
[2026-09-09 21:34:30] 📊 Subject: Security alert
   From: no-reply@accounts.google.com
   Sender score: 20/40
   Content score: 0/100
   Combined confidence: 18%
   Signals:
[2026-09-09 21:34:30] ⏭️ Confidence 18% < 20%, skipping
[2026-09-09 21:34:30] 🔄 Processing message 5: 1a086ffe528a226b
[2026-09-09 21:34:30] 📊 Subject: You shared some Google Account data with Claude
   From: noreply-accounts@google.com
   Sender score: 0/40
   Content score: 0/100
   Combined confidence: 0%
   Signals:
[2026-09-09 21:34:30] ⏭️ Confidence 0% < 20%, skipping
[2026-09-09 21:34:30] 🔄 Processing message 6: 1a086d872453dc83
[2026-09-09 21:34:30] ⏭️ Already processed, skipping
[2026-09-09 21:34:30] 🔄 Processing message 7: 1a07af44c9b042cc
[2026-09-09 21:34:31] 📊 Subject: Last step—confirm your email
   From: no-reply@hello.spotify.com
   Sender score: 20/40
   Content score: 10/100
   Combined confidence: 24%
   Signals: item_list_found
[2026-09-09 21:34:31] 🔧 No specific parser found
[2026-09-09 21:34:31] ⏭️ Confidence 24% < 70% and no parser, skipping
[2026-09-09 21:34:31] 🔄 Processing message 8: 1a07af3bbceafbb6
[2026-09-09 21:34:31] 📊 Subject: You shared some Google Account data with Spotify
   From: noreply-accounts@google.com
   Sender score: 0/40
   Content score: 0/100
   Combined confidence: 0%
   Signals:
[2026-09-09 21:34:31] ⏭️ Confidence 0% < 20%, skipping
[2026-09-09 21:34:31] 🔄 Processing message 9: 1a078cbcc1407555
[2026-09-09 21:34:31] 📊 Subject: New reasons prevent pages from being indexed on site https://erezdj.co.il/
   From: sc-noreply@google.com
   Sender score: 20/40
   Content score: 25/100
   Combined confidence: 34%
   Signals: order_number_pattern
[2026-09-09 21:34:31] 🔧 No specific parser found
[2026-09-09 21:34:31] ⏭️ Confidence 34% < 70% and no parser, skipping
[2026-09-09 21:34:31] 🔄 Processing message 10: 1a0788117dde9098
[2026-09-09 21:34:32] 📊 Subject: New reasons prevent pages in a sitemap from being indexed on site landingflow.co.il
   From: sc-noreply@google.com
   Sender score: 20/40
   Content score: 25/100
   Combined confidence: 34%
   Signals: order_number_pattern
[2026-09-09 21:34:32] 🔧 No specific parser found
[2026-09-09 21:34:32] ⏭️ Confidence 34% < 70% and no parser, skipping
[2026-09-09 21:34:32] 🔄 Processing message 11: 1a072b15a66e0bed
[2026-09-09 21:34:32] 📊 Subject: You shared some Google Account data with Spotify
   From: noreply-accounts@google.com
   Sender score: 0/40
   Content score: 0/100
   Combined confidence: 0%
   Signals:
[2026-09-09 21:34:32] ⏭️ Confidence 0% < 20%, skipping
[2026-09-09 21:34:32] 🔄 Processing message 12: 1a072b038d0cd6c9
[2026-09-09 21:34:32] 📊 Subject: You shared some Google Account data with Spotify
   From: noreply-accounts@google.com
   Sender score: 0/40
   Content score: 0/100
   Combined confidence: 0%
   Signals:
[2026-09-09 21:34:32] ⏭️ Confidence 0% < 20%, skipping
[2026-09-09 21:34:32] 🔄 Processing message 13: 1a06b5816471b47a
[2026-09-09 21:34:33] 📊 Subject: Security alert
   From: no-reply@accounts.google.com
   Sender score: 20/40
   Content score: 0/100
   Combined confidence: 18%
   Signals:
[2026-09-09 21:34:33] ⏭️ Confidence 18% < 20%, skipping
[2026-09-09 21:34:33] 🔄 Processing message 14: 1a06b57f4ce021c6
[2026-09-09 21:34:33] 📊 Subject: Security alert
   From: no-reply@accounts.google.com
   Sender score: 20/40
   Content score: 0/100
   Combined confidence: 18%
   Signals:
[2026-09-09 21:34:33] ⏭️ Confidence 18% < 20%, skipping
[2026-09-09 21:34:33] 🔄 Processing message 15: 1a06b4fe2a70b3b7
[2026-09-09 21:34:34] 📊 Subject: Security alert
   From: no-reply@accounts.google.com
   Sender score: 20/40
   Content score: 0/100
   Combined confidence: 18%
   Signals:
[2026-09-09 21:34:34] ⏭️ Confidence 18% < 20%, skipping
[2026-09-09 21:34:34] 🔄 Processing message 16: 1a06ae28005719c3
[2026-09-09 21:34:34] ⏭️ Already processed, skipping
[2026-09-09 21:34:34] 🔄 Processing message 17: 1a06adf5d070f24d
[2026-09-09 21:34:34] 📊 Subject: תור נקבע בהצלחה - אסף מספרה
   From: noreply@landingflow.co.il
   Sender score: 20/40
   Content score: 0/100
   Combined confidence: 18%
   Signals:
[2026-09-09 21:34:34] ⏭️ Confidence 18% < 20%, skipping
[2026-09-09 21:34:34] 🔄 Processing message 18: 1a069a83ae6b9557
[2026-09-09 21:34:34] 📊 Subject: Security alert
   From: no-reply@accounts.google.com
   Sender score: 20/40
   Content score: 0/100
   Combined confidence: 18%
   Signals:
[2026-09-09 21:34:34] ⏭️ Confidence 18% < 20%, skipping
[2026-09-09 21:34:34] 🔄 Processing message 19: 1a06938b6ca7c58c
[2026-09-09 21:34:34] ⏭️ Already processed, skipping
[2026-09-09 21:34:34] 🔄 Processing message 20: 1a068acbd084e0e8
[2026-09-09 21:34:34] 📊 Subject: [No Action Required]: Text watermarking will apply to Claude Opus 5 starting September 9, 2026
   From: no-reply@email.claude.com
   Sender score: 20/40
   Content score: 0/100
   Combined confidence: 18%
   Signals:
[2026-09-09 21:34:34] ⏭️ Confidence 18% < 20%, skipping
[2026-09-09 21:34:34] 🔄 Processing message 21: 1a067e1343559918
[2026-09-09 21:34:34] ⏭️ Already processed, skipping
[2026-09-09 21:34:34] 🔄 Processing message 22: 1a064655284854fc
[2026-09-09 21:34:35] 📊 Subject: Reminder to set up a plan in Inactive Account Manager
   From: noreply-accounts@google.com
   Sender score: 0/40
   Content score: 0/100
   Combined confidence: 0%
   Signals:
[2026-09-09 21:34:35] ⏭️ Confidence 0% < 20%, skipping
[2026-09-09 21:34:35] 🔄 Processing message 23: 1a062bfd535a47a9
[2026-09-09 21:34:35] 📊 Subject: Golden Events גולדן ארועים, are you open on Rosh Hashanah?
   From: businessprofile-noreply@google.com
   Sender score: 20/40
   Content score: 0/100
   Combined confidence: 18%
   Signals:
[2026-09-09 21:34:35] ⏭️ Confidence 18% < 20%, skipping
[2026-09-09 21:34:35] 🔄 Processing message 24: 1a05e9b68ba42753
[2026-09-09 21:34:35] ⏭️ Already processed, skipping
[2026-09-09 21:34:35] 🔄 Processing message 25: 1a05d6b39f51633f
[2026-09-09 21:34:35] 📊 Subject: 🗓️ Your connection, Mikael just had a work anniversary! Catch up with them and 2 others
   From: messages-noreply@linkedin.com
   Sender score: 20/40
   Content score: 0/100
   Combined confidence: 18%
   Signals:
[2026-09-09 21:34:35] ⏭️ Confidence 18% < 20%, skipping
[2026-09-09 21:34:35] 🔄 Processing message 26: 1a0580efb954de52
[2026-09-09 21:34:35] ⏭️ Already processed, skipping
[2026-09-09 21:34:35] 🔄 Processing message 27: 1a05785599eeae78
[2026-09-09 21:34:36] 📊 Subject: You shared some Google Account data with Claude
   From: noreply-accounts@google.com
   Sender score: 0/40
   Content score: 0/100
   Combined confidence: 0%
   Signals:
[2026-09-09 21:34:36] ⏭️ Confidence 0% < 20%, skipping
[2026-09-09 21:34:36] 🔄 Processing message 28: 1a04f22ed507fd48
[2026-09-09 21:34:36] 📊 Subject: Monitor the Google Search traffic to https://erezdj.co.il/
   From: sc-noreply@google.com
   Sender score: 20/40
   Content score: 35/100
   Combined confidence: 40%
   Signals: order_number_pattern, item_list_found
[2026-09-09 21:34:36] 🔧 No specific parser found
[2026-09-09 21:34:36] ⏭️ Confidence 40% < 70% and no parser, skipping
[2026-09-09 21:34:36] 🔄 Processing message 29: 1a04a7145208686d
[2026-09-09 21:34:36] 📊 Subject: 🥟The secret recipe behind brands that people remember
   From: no-reply@n.dribbble.com
   Sender score: 20/40
   Content score: 10/100
   Combined confidence: 24%
   Signals: item_list_found
[2026-09-09 21:34:36] 🔧 No specific parser found
[2026-09-09 21:34:36] ⏭️ Confidence 24% < 70% and no parser, skipping
[2026-09-09 21:34:36] 🔄 Processing message 30: 1a04886218d69ab2
[2026-09-09 21:34:37] 📊 Subject: [Legal Update] Google Maps Platform Terms of Service update effective Sep 28, 2026
   From: google-maps-platform-noreply@google.com
   Sender score: 20/40
   Content score: 0/100
   Combined confidence: 18%
   Signals:
[2026-09-09 21:34:37] ⏭️ Confidence 18% < 20%, skipping
[2026-09-09 21:34:37] 🔄 Processing message 31: 1a045f32d696ba73
[2026-09-09 21:34:37] 📊 Subject: You shared some Google Account data with Claude
   From: noreply-accounts@google.com
   Sender score: 0/40
   Content score: 0/100
   Combined confidence: 0%
   Signals:
[2026-09-09 21:34:37] ⏭️ Confidence 0% < 20%, skipping
[2026-09-09 21:34:37] 🔄 Processing message 32: 1a04491b524fe24e
[2026-09-09 21:34:38] 📊 Subject: [GitHub] Cursor is requesting updated permissions
   From: noreply@github.com
   Sender score: 20/40
   Content score: 25/100
   Combined confidence: 34%
   Signals: order_number_pattern
[2026-09-09 21:34:38] 🔧 No specific parser found
[2026-09-09 21:34:38] ⏭️ Confidence 34% < 70% and no parser, skipping
[2026-09-09 21:34:38] 🔄 Processing message 33: 1a042c84575c0333
[2026-09-09 21:34:38] ⏭️ Already processed, skipping
[2026-09-09 21:34:38] 🔄 Processing message 34: 1a042bfc7c1eff66
[2026-09-09 21:34:38] ⏭️ Already processed, skipping
[2026-09-09 21:34:38] 🔄 Processing message 35: 1a042bfc5c40505e
[2026-09-09 21:34:38] 📊 Subject: חשבונית על רכישתך ב box
   From: noreply@box.co.il
   Sender score: 40/40
   Content score: 70/100
   Combined confidence: 81%
   Signals: order_number_pattern, amount_found, hebrew_purchase_phrase, subject_keyword
[2026-09-09 21:34:38] 🔧 No specific parser found
[2026-09-09 21:34:38] ✅ WILL SAVE: חשבונית על רכישתך ב box - Confidence: 81%
[2026-09-09 21:34:38] ✅ Cleaned order number: GEN-d9976e106c (alphanumeric)
[2026-09-09 21:34:38] 💾 gmail_messages ID: 0
   Order save: SUCCESS (ID: 108)
   Reason: generic_parser_high_confidence_81
   Customer email: none
   Order number valid: YES
[2026-09-09 21:34:38] 🔄 Processing message 36: 1a042ba38f8b2501
[2026-09-09 21:34:38] ⏭️ Already processed, skipping
[2026-09-09 21:34:38] 🔄 Processing message 37: 1a040aa1c8c14d0b
[2026-09-09 21:34:38] 📊 Subject: Improve Google presence for erezdj.co.il
   From: sc-noreply@google.com
   Sender score: 20/40
   Content score: 25/100
   Combined confidence: 34%
   Signals: order_number_pattern
[2026-09-09 21:34:38] 🔧 No specific parser found
[2026-09-09 21:34:38] ⏭️ Confidence 34% < 70% and no parser, skipping
[2026-09-09 21:34:38] 🔄 Processing message 38: 1a040a0bfb850828
[2026-09-09 21:34:39] 📊 Subject: You shared some Google Account data with higgsfield.ai
   From: noreply-accounts@google.com
   Sender score: 0/40
   Content score: 0/100
   Combined confidence: 0%
   Signals:
[2026-09-09 21:34:39] ⏭️ Confidence 0% < 20%, skipping
[2026-09-09 21:34:39] 🔄 Processing message 39: 1a040797b01d7e28
[2026-09-09 21:34:39] 📊 Subject: Get started using Search Console with https://erezdj.co.il/
   From: sc-noreply@google.com
   Sender score: 20/40
   Content score: 25/100
   Combined confidence: 34%
   Signals: order_number_pattern
[2026-09-09 21:34:39] 🔧 No specific parser found
[2026-09-09 21:34:39] ⏭️ Confidence 34% < 70% and no parser, skipping
[2026-09-09 21:34:39] 🔄 Processing message 40: 1a03e5f9d23e3609
[2026-09-09 21:34:39] ⏭️ Already processed, skipping
[2026-09-09 21:34:39] 🔄 Processing message 41: 1a03e44e88791e24
[2026-09-09 21:34:39] 📊 Subject: You shared some Google Account data with VEED
   From: noreply-accounts@google.com
   Sender score: 0/40
   Content score: 0/100
   Combined confidence: 0%
   Signals:
[2026-09-09 21:34:39] ⏭️ Confidence 0% < 20%, skipping
[2026-09-09 21:34:39] 🔄 Processing message 42: 1a03e058e4494179
[2026-09-09 21:34:40] 📊 Subject: דוח הביקורת שלכם — landingflow.co.il
   From: noreply@landingflow.co.il
   Sender score: 20/40
   Content score: 10/100
   Combined confidence: 24%
   Signals: shipping_signal
[2026-09-09 21:34:40] 🔧 No specific parser found
[2026-09-09 21:34:40] ⏭️ Confidence 24% < 70% and no parser, skipping
[2026-09-09 21:34:40] 🔄 Processing message 43: 1a03e057d2b006f5
[2026-09-09 21:34:40] 📊 Subject: תודה שפנית ל-LandingFlow, בדיקת אתר - landingflow.co.il!
   From: noreply@landingflow.co.il
   Sender score: 20/40
   Content score: 25/100
   Combined confidence: 34%
   Signals: order_number_pattern
[2026-09-09 21:34:40] 🔧 No specific parser found
[2026-09-09 21:34:40] ⏭️ Confidence 34% < 70% and no parser, skipping
[2026-09-09 21:34:40] 🔄 Processing message 44: 1a03e052ed7e1fde
[2026-09-09 21:34:40] 📊 Subject: קוד אימות — LandingFlow בדיקת אתר
   From: noreply@landingflow.co.il
   Sender score: 20/40
   Content score: 25/100
   Combined confidence: 34%
   Signals: order_number_pattern
[2026-09-09 21:34:40] 🔧 No specific parser found
[2026-09-09 21:34:40] ⏭️ Confidence 34% < 70% and no parser, skipping
[2026-09-09 21:34:40] 🔄 Processing message 45: 1a03dd2819990242
[2026-09-09 21:34:41] 📊 Subject: קוד אימות — LandingFlow בדיקת אתר
   From: noreply@landingflow.co.il
   Sender score: 20/40
   Content score: 25/100
   Combined confidence: 34%
   Signals: order_number_pattern
[2026-09-09 21:34:41] 🔧 No specific parser found
[2026-09-09 21:34:41] ⏭️ Confidence 34% < 70% and no parser, skipping
[2026-09-09 21:34:41] 🔄 Processing message 46: 1a03c0ffb301ff13
[2026-09-09 21:34:41] ⏭️ Already processed, skipping
[2026-09-09 21:34:41] 🔄 Processing message 47: 1a03b246b3561638
[2026-09-09 21:34:41] 📊 Subject: [Action Advised] Manage your unused OAuth clients and protect your information
   From: googledevelopers-noreply@google.com
   Sender score: 20/40
   Content score: 0/100
   Combined confidence: 18%
   Signals:
[2026-09-09 21:34:41] ⏭️ Confidence 18% < 20%, skipping
[2026-09-09 21:34:41] 🔄 Processing message 48: 1a03aa73fd97b523
[2026-09-09 21:34:41] 📊 Subject: You shared some Google Account data with Claude
   From: noreply-accounts@google.com
   Sender score: 0/40
   Content score: 0/100
   Combined confidence: 0%
   Signals:
[2026-09-09 21:34:41] ⏭️ Confidence 0% < 20%, skipping
[2026-09-09 21:34:41] 🔄 Processing message 49: 1a03974eda795b95
[2026-09-09 21:34:41] ⏭️ Already processed, skipping
[2026-09-09 21:34:41] 🔄 Processing message 50: 1a03974e8591af48
[2026-09-09 21:34:41] 📊 Subject: חשבונית על רכישתך ב box
   From: noreply@box.co.il
   Sender score: 40/40
   Content score: 70/100
   Combined confidence: 81%
   Signals: order_number_pattern, amount_found, hebrew_purchase_phrase, subject_keyword
[2026-09-09 21:34:41] 🔧 No specific parser found
[2026-09-09 21:34:41] ✅ WILL SAVE: חשבונית על רכישתך ב box - Confidence: 81%
[2026-09-09 21:34:41] ✅ Cleaned order number: GEN-b1912c8d5d (alphanumeric)
[2026-09-09 21:34:41] 💾 gmail_messages ID: 0
   Order save: SUCCESS (ID: 109)
   Reason: generic_parser_high_confidence_81
   Customer email: none
   Order number valid: YES
[2026-09-09 21:34:41] ===== END SYNC. Saved: 2 =====
[2026-09-09 21:51:27] [2026-09-09 21:51:27] ===== START SYNC =====
Query: ((subject:"order confirmation" OR subject:"order receipt" OR subject:"purchase confirmation" OR subject:"payment confirmation" OR subject:"payment receipt" OR subject:"invoice" OR subject:"receipt" OR subject:"your order" OR subject:"order summary" OR subject:"order details" OR subject:"order shipped" OR subject:"order dispatched" OR subject:"shipment confirmation" OR subject:"delivery confirmation" OR subject:"thank you for your purchase" OR subject:"thank you for your order" OR subject:"billing confirmation" OR subject:"transaction receipt" OR subject:"your purchase" OR subject:"אישור הזמנה" OR subject:"אישור רכישה" OR subject:"חשבונית" OR subject:"קבלה" OR subject:"פרטי הזמנה" OR subject:"סיכום הזמנה" OR subject:"ההזמנה שלך" OR subject:"הרכישה שלך" OR subject:"תודה על הזמנתך" OR subject:"תודה על רכישתך" OR subject:"אישור תשלום" OR subject:"אישור עסקה" OR subject:"חשבונית מס" OR subject:"חשבונית עסקה" OR subject:"הזמנתך התקבלה" OR subject:"הרכישה התקבלה" OR subject:"מסמך עסקה" OR subject:"פרטי עסקה" OR subject:"אסמכתא" OR subject:"מספר הזמנה") OR (from:noreply@amazon OR from:order@amazon OR from:shipment-tracking@amazon OR from:auto-confirm@amazon OR from:orders@aliexpress OR from:noreply@aliexpress OR from:ebay@ebay OR from:noreply@ebay OR from:service@paypal OR from:service@intl.paypal.com OR from:receipts@ OR from:orders@ OR from:billing@ OR from:invoice@ OR from:noreply@ OR from:no-reply@ OR from:confirmation@ OR from:support@ OR from:online@ksp.co.il OR from:noreply@ivory.co.il OR from:orders@bug.co.il OR from:noreply@zap.co.il OR from:noreply@superspharm.co.il OR from:noreply@shufersal.co.il OR from:noreply@rami-levy.co.il OR from:orders@terminalx.com OR from:noreply@adika.com OR from:noreply@golf.co.il OR from:noreply@factory54.co.il OR from:orders@shein.com OR from:noreply@Castro.co.il OR from:noreply@renuar.co.il OR from:noreply@HOmydesign.com OR from:noreply@ace.co.il OR from:noreply@ikea.com OR from:info@terminalx.com))
Total messages found: 100
[2026-09-09 21:51:27] 🔄 Processing message 1: 1a0879afe4c58802
[2026-09-09 21:51:27] 📊 Subject: You shared some Google Account data with Figma Weave
   From: noreply-accounts@google.com
   Sender score: 0/40
   Content score: 0/100
   Combined confidence: 0%
   Signals:
[2026-09-09 21:51:27] ⏭️ Confidence 0% < 20%, skipping
[2026-09-09 21:51:27] 🔄 Processing message 2: 1a0878ebab04c07e
[2026-09-09 21:51:27] 📊 Subject: ✅ בני, finish setting up your Windows with Google
   From: no-reply@google.com
   Sender score: 20/40
   Content score: 0/100
   Combined confidence: 18%
   Signals:
[2026-09-09 21:51:27] ⏭️ Confidence 18% < 20%, skipping
[2026-09-09 21:51:27] 🔄 Processing message 3: 1a0878dccf87f4ec
[2026-09-09 21:51:28] 📊 Subject: Security alert
   From: no-reply@accounts.google.com
   Sender score: 20/40
   Content score: 0/100
   Combined confidence: 18%
   Signals:
[2026-09-09 21:51:28] ⏭️ Confidence 18% < 20%, skipping
[2026-09-09 21:51:28] 🔄 Processing message 4: 1a0877701d34abe7
[2026-09-09 21:51:28] 📊 Subject: Security alert
   From: no-reply@accounts.google.com
   Sender score: 20/40
   Content score: 0/100
   Combined confidence: 18%
   Signals:
[2026-09-09 21:51:28] ⏭️ Confidence 18% < 20%, skipping
[2026-09-09 21:51:28] 🔄 Processing message 5: 1a086ffe528a226b
[2026-09-09 21:51:28] 📊 Subject: You shared some Google Account data with Claude
   From: noreply-accounts@google.com
   Sender score: 0/40
   Content score: 0/100
   Combined confidence: 0%
   Signals:
[2026-09-09 21:51:28] ⏭️ Confidence 0% < 20%, skipping
[2026-09-09 21:51:28] 🔄 Processing message 6: 1a086d872453dc83
[2026-09-09 21:51:28] ⏭️ Already processed, skipping
[2026-09-09 21:51:28] 🔄 Processing message 7: 1a07af44c9b042cc
[2026-09-09 21:51:28] 📊 Subject: Last step—confirm your email
   From: no-reply@hello.spotify.com
   Sender score: 20/40
   Content score: 10/100
   Combined confidence: 24%
   Signals: item_list_found
[2026-09-09 21:51:29] 🔧 No specific parser found
[2026-09-09 21:51:29] ⏭️ Confidence 24% < 70% and no parser, skipping
[2026-09-09 21:51:29] 🔄 Processing message 8: 1a07af3bbceafbb6
[2026-09-09 21:51:29] 📊 Subject: You shared some Google Account data with Spotify
   From: noreply-accounts@google.com
   Sender score: 0/40
   Content score: 0/100
   Combined confidence: 0%
   Signals:
[2026-09-09 21:51:29] ⏭️ Confidence 0% < 20%, skipping
[2026-09-09 21:51:29] 🔄 Processing message 9: 1a078cbcc1407555
[2026-09-09 21:51:29] 📊 Subject: New reasons prevent pages from being indexed on site https://erezdj.co.il/
   From: sc-noreply@google.com
   Sender score: 20/40
   Content score: 25/100
   Combined confidence: 34%
   Signals: order_number_pattern
[2026-09-09 21:51:29] 🔧 No specific parser found
[2026-09-09 21:51:29] ⏭️ Confidence 34% < 70% and no parser, skipping
[2026-09-09 21:51:29] 🔄 Processing message 10: 1a0788117dde9098
[2026-09-09 21:51:29] 📊 Subject: New reasons prevent pages in a sitemap from being indexed on site landingflow.co.il
   From: sc-noreply@google.com
   Sender score: 20/40
   Content score: 25/100
   Combined confidence: 34%
   Signals: order_number_pattern
[2026-09-09 21:51:29] 🔧 No specific parser found
[2026-09-09 21:51:29] ⏭️ Confidence 34% < 70% and no parser, skipping
[2026-09-09 21:51:29] 🔄 Processing message 11: 1a072b15a66e0bed
[2026-09-09 21:51:30] 📊 Subject: You shared some Google Account data with Spotify
   From: noreply-accounts@google.com
   Sender score: 0/40
   Content score: 0/100
   Combined confidence: 0%
   Signals:
[2026-09-09 21:51:30] ⏭️ Confidence 0% < 20%, skipping
[2026-09-09 21:51:30] 🔄 Processing message 12: 1a072b038d0cd6c9
[2026-09-09 21:51:30] 📊 Subject: You shared some Google Account data with Spotify
   From: noreply-accounts@google.com
   Sender score: 0/40
   Content score: 0/100
   Combined confidence: 0%
   Signals:
[2026-09-09 21:51:30] ⏭️ Confidence 0% < 20%, skipping
[2026-09-09 21:51:30] 🔄 Processing message 13: 1a06b5816471b47a
[2026-09-09 21:51:30] 📊 Subject: Security alert
   From: no-reply@accounts.google.com
   Sender score: 20/40
   Content score: 0/100
   Combined confidence: 18%
   Signals:
[2026-09-09 21:51:30] ⏭️ Confidence 18% < 20%, skipping
[2026-09-09 21:51:30] 🔄 Processing message 14: 1a06b57f4ce021c6
[2026-09-09 21:51:30] 📊 Subject: Security alert
   From: no-reply@accounts.google.com
   Sender score: 20/40
   Content score: 0/100
   Combined confidence: 18%
   Signals:
[2026-09-09 21:51:30] ⏭️ Confidence 18% < 20%, skipping
[2026-09-09 21:51:30] 🔄 Processing message 15: 1a06b4fe2a70b3b7
[2026-09-09 21:51:31] 📊 Subject: Security alert
   From: no-reply@accounts.google.com
   Sender score: 20/40
   Content score: 0/100
   Combined confidence: 18%
   Signals:
[2026-09-09 21:51:31] ⏭️ Confidence 18% < 20%, skipping
[2026-09-09 21:51:31] 🔄 Processing message 16: 1a06ae28005719c3
[2026-09-09 21:51:31] ⏭️ Already processed, skipping
[2026-09-09 21:51:31] 🔄 Processing message 17: 1a06adf5d070f24d
[2026-09-09 21:51:31] 📊 Subject: תור נקבע בהצלחה - אסף מספרה
   From: noreply@landingflow.co.il
   Sender score: 20/40
   Content score: 0/100
   Combined confidence: 18%
   Signals:
[2026-09-09 21:51:31] ⏭️ Confidence 18% < 20%, skipping
[2026-09-09 21:51:31] 🔄 Processing message 18: 1a069a83ae6b9557
[2026-09-09 21:51:31] 📊 Subject: Security alert
   From: no-reply@accounts.google.com
   Sender score: 20/40
   Content score: 0/100
   Combined confidence: 18%
   Signals:
[2026-09-09 21:51:31] ⏭️ Confidence 18% < 20%, skipping
[2026-09-09 21:51:31] 🔄 Processing message 19: 1a06938b6ca7c58c
[2026-09-09 21:51:31] ⏭️ Already processed, skipping
[2026-09-09 21:51:31] 🔄 Processing message 20: 1a068acbd084e0e8
[2026-09-09 21:51:32] 📊 Subject: [No Action Required]: Text watermarking will apply to Claude Opus 5 starting September 9, 2026
   From: no-reply@email.claude.com
   Sender score: 20/40
   Content score: 0/100
   Combined confidence: 18%
   Signals:
[2026-09-09 21:51:32] ⏭️ Confidence 18% < 20%, skipping
[2026-09-09 21:51:32] 🔄 Processing message 21: 1a067e1343559918
[2026-09-09 21:51:32] ⏭️ Already processed, skipping
[2026-09-09 21:51:32] 🔄 Processing message 22: 1a064655284854fc
[2026-09-09 21:51:32] 📊 Subject: Reminder to set up a plan in Inactive Account Manager
   From: noreply-accounts@google.com
   Sender score: 0/40
   Content score: 0/100
   Combined confidence: 0%
   Signals:
[2026-09-09 21:51:32] ⏭️ Confidence 0% < 20%, skipping
[2026-09-09 21:51:32] 🔄 Processing message 23: 1a062bfd535a47a9
[2026-09-09 21:51:32] 📊 Subject: Golden Events גולדן ארועים, are you open on Rosh Hashanah?
   From: businessprofile-noreply@google.com
   Sender score: 20/40
   Content score: 0/100
   Combined confidence: 18%
   Signals:
[2026-09-09 21:51:32] ⏭️ Confidence 18% < 20%, skipping
[2026-09-09 21:51:32] 🔄 Processing message 24: 1a05e9b68ba42753
[2026-09-09 21:51:32] ⏭️ Already processed, skipping
[2026-09-09 21:51:32] 🔄 Processing message 25: 1a05d6b39f51633f
[2026-09-09 21:51:32] 📊 Subject: 🗓️ Your connection, Mikael just had a work anniversary! Catch up with them and 2 others
   From: messages-noreply@linkedin.com
   Sender score: 20/40
   Content score: 0/100
   Combined confidence: 18%
   Signals:
[2026-09-09 21:51:32] ⏭️ Confidence 18% < 20%, skipping
[2026-09-09 21:51:32] 🔄 Processing message 26: 1a0580efb954de52
[2026-09-09 21:51:32] ⏭️ Already processed, skipping
[2026-09-09 21:51:32] 🔄 Processing message 27: 1a05785599eeae78
[2026-09-09 21:51:33] 📊 Subject: You shared some Google Account data with Claude
   From: noreply-accounts@google.com
   Sender score: 0/40
   Content score: 0/100
   Combined confidence: 0%
   Signals:
[2026-09-09 21:51:33] ⏭️ Confidence 0% < 20%, skipping
[2026-09-09 21:51:33] 🔄 Processing message 28: 1a04f22ed507fd48
[2026-09-09 21:51:33] 📊 Subject: Monitor the Google Search traffic to https://erezdj.co.il/
   From: sc-noreply@google.com
   Sender score: 20/40
   Content score: 35/100
   Combined confidence: 40%
   Signals: order_number_pattern, item_list_found
[2026-09-09 21:51:33] 🔧 No specific parser found
[2026-09-09 21:51:33] ⏭️ Confidence 40% < 70% and no parser, skipping
[2026-09-09 21:51:33] 🔄 Processing message 29: 1a04a7145208686d
[2026-09-09 21:51:33] 📊 Subject: 🥟The secret recipe behind brands that people remember
   From: no-reply@n.dribbble.com
   Sender score: 20/40
   Content score: 10/100
   Combined confidence: 24%
   Signals: item_list_found
[2026-09-09 21:51:33] 🔧 No specific parser found
[2026-09-09 21:51:33] ⏭️ Confidence 24% < 70% and no parser, skipping
[2026-09-09 21:51:33] 🔄 Processing message 30: 1a04886218d69ab2
[2026-09-09 21:51:34] 📊 Subject: [Legal Update] Google Maps Platform Terms of Service update effective Sep 28, 2026
   From: google-maps-platform-noreply@google.com
   Sender score: 20/40
   Content score: 0/100
   Combined confidence: 18%
   Signals:
[2026-09-09 21:51:34] ⏭️ Confidence 18% < 20%, skipping
[2026-09-09 21:51:34] 🔄 Processing message 31: 1a045f32d696ba73
[2026-09-09 21:51:34] 📊 Subject: You shared some Google Account data with Claude
   From: noreply-accounts@google.com
   Sender score: 0/40
   Content score: 0/100
   Combined confidence: 0%
   Signals:
[2026-09-09 21:51:34] ⏭️ Confidence 0% < 20%, skipping
[2026-09-09 21:51:34] 🔄 Processing message 32: 1a04491b524fe24e
[2026-09-09 21:51:34] 📊 Subject: [GitHub] Cursor is requesting updated permissions
   From: noreply@github.com
   Sender score: 20/40
   Content score: 25/100
   Combined confidence: 34%
   Signals: order_number_pattern
[2026-09-09 21:51:34] 🔧 No specific parser found
[2026-09-09 21:51:34] ⏭️ Confidence 34% < 70% and no parser, skipping
[2026-09-09 21:51:34] 🔄 Processing message 33: 1a042c84575c0333
[2026-09-09 21:51:34] ⏭️ Already processed, skipping
[2026-09-09 21:51:34] 🔄 Processing message 34: 1a042bfc7c1eff66
[2026-09-09 21:51:34] ⏭️ Already processed, skipping
[2026-09-09 21:51:34] 🔄 Processing message 35: 1a042bfc5c40505e
[2026-09-09 21:51:34] ⏭️ Already processed, skipping
[2026-09-09 21:51:34] 🔄 Processing message 36: 1a042ba38f8b2501
[2026-09-09 21:51:34] ⏭️ Already processed, skipping
[2026-09-09 21:51:34] 🔄 Processing message 37: 1a040aa1c8c14d0b
[2026-09-09 21:51:34] 📊 Subject: Improve Google presence for erezdj.co.il
   From: sc-noreply@google.com
   Sender score: 20/40
   Content score: 25/100
   Combined confidence: 34%
   Signals: order_number_pattern
[2026-09-09 21:51:34] 🔧 No specific parser found
[2026-09-09 21:51:34] ⏭️ Confidence 34% < 70% and no parser, skipping
[2026-09-09 21:51:34] 🔄 Processing message 38: 1a040a0bfb850828
[2026-09-09 21:51:35] 📊 Subject: You shared some Google Account data with higgsfield.ai
   From: noreply-accounts@google.com
   Sender score: 0/40
   Content score: 0/100
   Combined confidence: 0%
   Signals:
[2026-09-09 21:51:35] ⏭️ Confidence 0% < 20%, skipping
[2026-09-09 21:51:35] 🔄 Processing message 39: 1a040797b01d7e28
[2026-09-09 21:51:35] 📊 Subject: Get started using Search Console with https://erezdj.co.il/
   From: sc-noreply@google.com
   Sender score: 20/40
   Content score: 25/100
   Combined confidence: 34%
   Signals: order_number_pattern
[2026-09-09 21:51:35] 🔧 No specific parser found
[2026-09-09 21:51:35] ⏭️ Confidence 34% < 70% and no parser, skipping
[2026-09-09 21:51:35] 🔄 Processing message 40: 1a03e5f9d23e3609
[2026-09-09 21:51:35] ⏭️ Already processed, skipping
[2026-09-09 21:51:35] 🔄 Processing message 41: 1a03e44e88791e24
[2026-09-09 21:51:35] 📊 Subject: You shared some Google Account data with VEED
   From: noreply-accounts@google.com
   Sender score: 0/40
   Content score: 0/100
   Combined confidence: 0%
   Signals:
[2026-09-09 21:51:35] ⏭️ Confidence 0% < 20%, skipping
[2026-09-09 21:51:35] 🔄 Processing message 42: 1a03e058e4494179
[2026-09-09 21:51:35] 📊 Subject: דוח הביקורת שלכם — landingflow.co.il
   From: noreply@landingflow.co.il
   Sender score: 20/40
   Content score: 10/100
   Combined confidence: 24%
   Signals: shipping_signal
[2026-09-09 21:51:35] 🔧 No specific parser found
[2026-09-09 21:51:35] ⏭️ Confidence 24% < 70% and no parser, skipping
[2026-09-09 21:51:35] 🔄 Processing message 43: 1a03e057d2b006f5
[2026-09-09 21:51:36] 📊 Subject: תודה שפנית ל-LandingFlow, בדיקת אתר - landingflow.co.il!
   From: noreply@landingflow.co.il
   Sender score: 20/40
   Content score: 25/100
   Combined confidence: 34%
   Signals: order_number_pattern
[2026-09-09 21:51:36] 🔧 No specific parser found
[2026-09-09 21:51:36] ⏭️ Confidence 34% < 70% and no parser, skipping
[2026-09-09 21:51:36] 🔄 Processing message 44: 1a03e052ed7e1fde
[2026-09-09 21:51:36] 📊 Subject: קוד אימות — LandingFlow בדיקת אתר
   From: noreply@landingflow.co.il
   Sender score: 20/40
   Content score: 25/100
   Combined confidence: 34%
   Signals: order_number_pattern
[2026-09-09 21:51:36] 🔧 No specific parser found
[2026-09-09 21:51:36] ⏭️ Confidence 34% < 70% and no parser, skipping
[2026-09-09 21:51:36] 🔄 Processing message 45: 1a03dd2819990242
[2026-09-09 21:51:36] 📊 Subject: קוד אימות — LandingFlow בדיקת אתר
   From: noreply@landingflow.co.il
   Sender score: 20/40
   Content score: 25/100
   Combined confidence: 34%
   Signals: order_number_pattern
[2026-09-09 21:51:36] 🔧 No specific parser found
[2026-09-09 21:51:36] ⏭️ Confidence 34% < 70% and no parser, skipping
[2026-09-09 21:51:36] 🔄 Processing message 46: 1a03c0ffb301ff13
[2026-09-09 21:51:36] ⏭️ Already processed, skipping
[2026-09-09 21:51:36] 🔄 Processing message 47: 1a03b246b3561638
[2026-09-09 21:51:37] 📊 Subject: [Action Advised] Manage your unused OAuth clients and protect your information
   From: googledevelopers-noreply@google.com
   Sender score: 20/40
   Content score: 0/100
   Combined confidence: 18%
   Signals:
[2026-09-09 21:51:37] ⏭️ Confidence 18% < 20%, skipping
[2026-09-09 21:51:37] 🔄 Processing message 48: 1a03aa73fd97b523
[2026-09-09 21:51:37] 📊 Subject: You shared some Google Account data with Claude
   From: noreply-accounts@google.com
   Sender score: 0/40
   Content score: 0/100
   Combined confidence: 0%
   Signals:
[2026-09-09 21:51:37] ⏭️ Confidence 0% < 20%, skipping
[2026-09-09 21:51:37] 🔄 Processing message 49: 1a03974eda795b95
[2026-09-09 21:51:37] ⏭️ Already processed, skipping
[2026-09-09 21:51:37] 🔄 Processing message 50: 1a03974e8591af48
[2026-09-09 21:51:37] ⏭️ Already processed, skipping
[2026-09-09 21:51:37] 🔄 Processing message 51: 1a0394fad43666f4
[2026-09-09 21:51:37] ⏭️ Already processed, skipping
[2026-09-09 21:51:37] 🔄 Processing message 52: 1a0394f61e44bbc1
[2026-09-09 21:51:37] ⏭️ Already processed, skipping
[2026-09-09 21:51:37] 🔄 Processing message 53: 1a02eb5346c052c2
[2026-09-09 21:51:37] 📊 Subject: Folder shared with you: "לשלוח 1"
   From: drive-shares-dm-noreply@google.com
   Sender score: 20/40
   Content score: 10/100
   Combined confidence: 24%
   Signals: item_list_found
[2026-09-09 21:51:37] 🔧 No specific parser found
[2026-09-09 21:51:37] ⏭️ Confidence 24% < 70% and no parser, skipping
[2026-09-09 21:51:37] 🔄 Processing message 54: 1a02e45d5135edb6
[2026-09-09 21:51:37] 📊 Subject: Security alert
   From: no-reply@accounts.google.com
   Sender score: 20/40
   Content score: 0/100
   Combined confidence: 18%
   Signals:
[2026-09-09 21:51:37] ⏭️ Confidence 18% < 20%, skipping
[2026-09-09 21:51:37] 🔄 Processing message 55: 1a029cd2c55290ec
[2026-09-09 21:51:37] ⏭️ Already processed, skipping
[2026-09-09 21:51:37] 🔄 Processing message 56: 1a0277695352f32e
[2026-09-09 21:51:38] 📊 Subject: Find world-class design and development talent on Dribbble.
   From: no-reply@n.dribbble.com
   Sender score: 20/40
   Content score: 10/100
   Combined confidence: 24%
   Signals: item_list_found
[2026-09-09 21:51:38] 🔧 No specific parser found
[2026-09-09 21:51:38] ⏭️ Confidence 24% < 70% and no parser, skipping
[2026-09-09 21:51:38] 🔄 Processing message 57: 1a025f26a7372d01
[2026-09-09 21:51:38] 📊 Subject: Your guide to Claude Code on mobile
   From: no-reply@email.claude.com
   Sender score: 20/40
   Content score: 0/100
   Combined confidence: 18%
   Signals:
[2026-09-09 21:51:38] ⏭️ Confidence 18% < 20%, skipping
[2026-09-09 21:51:38] 🔄 Processing message 58: 1a023bdaa60d6b76
[2026-09-09 21:51:38] 📊 Subject: [GitHub] A new public key was added to BennyTheLion/kitchen-log
   From: noreply@github.com
   Sender score: 20/40
   Content score: 0/100
   Combined confidence: 18%
   Signals:
[2026-09-09 21:51:38] ⏭️ Confidence 18% < 20%, skipping
[2026-09-09 21:51:38] 🔄 Processing message 59: 1a022502d747a9eb
[2026-09-09 21:51:39] 📊 Subject: Tell us what you need. We’ll help you find the perfect partner.
   From: no-reply@n.dribbble.com
   Sender score: 20/40
   Content score: 10/100
   Combined confidence: 24%
   Signals: item_list_found
[2026-09-09 21:51:39] 🔧 No specific parser found
[2026-09-09 21:51:39] ⏭️ Confidence 24% < 70% and no parser, skipping
[2026-09-09 21:51:39] 🔄 Processing message 60: 1a0224a474fb6fa0
[2026-09-09 21:51:39] 📊 Subject: עדכון במחיר של YouTube Premium
   From: no-reply@youtube.com
   Sender score: 20/40
   Content score: 20/100
   Combined confidence: 31%
   Signals: amount_found
[2026-09-09 21:51:39] 🔧 No specific parser found
[2026-09-09 21:51:39] ⏭️ Confidence 31% < 70% and no parser, skipping
[2026-09-09 21:51:39] 🔄 Processing message 61: 1a02219329c6c311
[2026-09-09 21:51:39] 📊 Subject: You shared some Google Account data with Dribbble
   From: noreply-accounts@google.com
   Sender score: 0/40
   Content score: 0/100
   Combined confidence: 0%
   Signals:
[2026-09-09 21:51:39] ⏭️ Confidence 0% < 20%, skipping
[2026-09-09 21:51:39] 🔄 Processing message 62: 1a021d5907488839
[2026-09-09 21:51:40] 📊 Subject: קוד אימות — LandingFlow בדיקת אתר
   From: noreply@landingflow.co.il
   Sender score: 20/40
   Content score: 25/100
   Combined confidence: 34%
   Signals: order_number_pattern
[2026-09-09 21:51:40] 🔧 No specific parser found
[2026-09-09 21:51:40] ⏭️ Confidence 34% < 70% and no parser, skipping
[2026-09-09 21:51:40] 🔄 Processing message 63: 1a021c99f568dd99
[2026-09-09 21:51:40] 📊 Subject: קוד אימות — LandingFlow בדיקת אתר
   From: noreply@landingflow.co.il
   Sender score: 20/40
   Content score: 25/100
   Combined confidence: 34%
   Signals: order_number_pattern
[2026-09-09 21:51:40] 🔧 No specific parser found
[2026-09-09 21:51:40] ⏭️ Confidence 34% < 70% and no parser, skipping
[2026-09-09 21:51:40] 🔄 Processing message 64: 1a021c7347e3216f
[2026-09-09 21:51:40] 📊 Subject: קוד אימות — LandingFlow בדיקת אתר
   From: noreply@landingflow.co.il
   Sender score: 20/40
   Content score: 25/100
   Combined confidence: 34%
   Signals: order_number_pattern
[2026-09-09 21:51:40] 🔧 No specific parser found
[2026-09-09 21:51:40] ⏭️ Confidence 34% < 70% and no parser, skipping
[2026-09-09 21:51:40] 🔄 Processing message 65: 1a021c5365251ba9
[2026-09-09 21:51:40] 📊 Subject: דוח הביקורת שלכם — www.icontrol.co.il
   From: noreply@landingflow.co.il
   Sender score: 20/40
   Content score: 10/100
   Combined confidence: 24%
   Signals: shipping_signal
[2026-09-09 21:51:40] 🔧 No specific parser found
[2026-09-09 21:51:40] ⏭️ Confidence 24% < 70% and no parser, skipping
[2026-09-09 21:51:40] 🔄 Processing message 66: 1a021c51a5091d3b
[2026-09-09 21:51:41] 📊 Subject: תודה שפנית ל-LandingFlow, בדיקת אתר - www.icontrol.co.il!
   From: noreply@landingflow.co.il
   Sender score: 20/40
   Content score: 25/100
   Combined confidence: 34%
   Signals: order_number_pattern
[2026-09-09 21:51:41] 🔧 No specific parser found
[2026-09-09 21:51:41] ⏭️ Confidence 34% < 70% and no parser, skipping
[2026-09-09 21:51:41] 🔄 Processing message 67: 1a021c4bf2917b40
[2026-09-09 21:51:41] 📊 Subject: קוד אימות — LandingFlow בדיקת אתר
   From: noreply@landingflow.co.il
   Sender score: 20/40
   Content score: 25/100
   Combined confidence: 34%
   Signals: order_number_pattern
[2026-09-09 21:51:41] 🔧 No specific parser found
[2026-09-09 21:51:41] ⏭️ Confidence 34% < 70% and no parser, skipping
[2026-09-09 21:51:41] 🔄 Processing message 68: 1a0218f473635745
[2026-09-09 21:51:41] 📊 Subject: דוח הביקורת שלכם — landingflow.co.il
   From: noreply@landingflow.co.il
   Sender score: 20/40
   Content score: 10/100
   Combined confidence: 24%
   Signals: shipping_signal
[2026-09-09 21:51:41] 🔧 No specific parser found
[2026-09-09 21:51:41] ⏭️ Confidence 24% < 70% and no parser, skipping
[2026-09-09 21:51:41] 🔄 Processing message 69: 1a0218f3f1dc6f0f
[2026-09-09 21:51:41] 📊 Subject: תודה שפנית ל-LandingFlow, בדיקת אתר - landingflow.co.il!
   From: noreply@landingflow.co.il
   Sender score: 20/40
   Content score: 25/100
   Combined confidence: 34%
   Signals: order_number_pattern
[2026-09-09 21:51:41] 🔧 No specific parser found
[2026-09-09 21:51:41] ⏭️ Confidence 34% < 70% and no parser, skipping
[2026-09-09 21:51:41] 🔄 Processing message 70: 1a0218ecd191a0a2
[2026-09-09 21:51:42] 📊 Subject: קוד אימות — LandingFlow בדיקת אתר
   From: noreply@landingflow.co.il
   Sender score: 20/40
   Content score: 25/100
   Combined confidence: 34%
   Signals: order_number_pattern
[2026-09-09 21:51:42] 🔧 No specific parser found
[2026-09-09 21:51:42] ⏭️ Confidence 34% < 70% and no parser, skipping
[2026-09-09 21:51:42] 🔄 Processing message 71: 1a021789e48a70e3
[2026-09-09 21:51:42] 📊 Subject: דוח הביקורת שלכם — ori-diamonds.co.il
   From: noreply@landingflow.co.il
   Sender score: 20/40
   Content score: 10/100
   Combined confidence: 24%
   Signals: shipping_signal
[2026-09-09 21:51:42] 🔧 No specific parser found
[2026-09-09 21:51:42] ⏭️ Confidence 24% < 70% and no parser, skipping
[2026-09-09 21:51:42] 🔄 Processing message 72: 1a021788deb1123e
[2026-09-09 21:51:42] 📊 Subject: תודה שפנית ל-LandingFlow, בדיקת אתר - ori-diamonds.co.il!
   From: noreply@landingflow.co.il
   Sender score: 20/40
   Content score: 25/100
   Combined confidence: 34%
   Signals: order_number_pattern
[2026-09-09 21:51:42] 🔧 No specific parser found
[2026-09-09 21:51:42] ⏭️ Confidence 34% < 70% and no parser, skipping
[2026-09-09 21:51:42] 🔄 Processing message 73: 1a0217827a607114
[2026-09-09 21:51:42] 📊 Subject: קוד אימות — LandingFlow בדיקת אתר
   From: noreply@landingflow.co.il
   Sender score: 20/40
   Content score: 25/100
   Combined confidence: 34%
   Signals: order_number_pattern
[2026-09-09 21:51:42] 🔧 No specific parser found
[2026-09-09 21:51:42] ⏭️ Confidence 34% < 70% and no parser, skipping
[2026-09-09 21:51:42] 🔄 Processing message 74: 1a0206d13ea1c7f8
[2026-09-09 21:51:43] 📊 Subject: You shared some Google Account data with Claude
   From: noreply-accounts@google.com
   Sender score: 0/40
   Content score: 0/100
   Combined confidence: 0%
   Signals:
[2026-09-09 21:51:43] ⏭️ Confidence 0% < 20%, skipping
[2026-09-09 21:51:43] 🔄 Processing message 75: 1a01cf34705fe205
[2026-09-09 21:51:43] ⏭️ Already processed, skipping
[2026-09-09 21:51:43] 🔄 Processing message 76: 1a01ca1e854bcf31
[2026-09-09 21:51:43] ⏭️ Already processed, skipping
[2026-09-09 21:51:43] 🔄 Processing message 77: 1a01c891d67b1da8
[2026-09-09 21:51:43] 📊 Subject: Your receipt from Anthropic, PBC #2681-5707-5841
   From: invoice+statements@mail.anthropic.com
   Sender score: 0/40
   Content score: 25/100
   Combined confidence: 16%
   Signals: english_purchase_phrase, subject_keyword
[2026-09-09 21:51:43] ⏭️ Confidence 16% < 20%, skipping
[2026-09-09 21:51:43] 🔄 Processing message 78: 1a01c6617fd04801
[2026-09-09 21:51:43] 📊 Subject: Your receipt from Anthropic, PBC #2258-9921-8538
   From: invoice+statements@mail.anthropic.com
   Sender score: 0/40
   Content score: 25/100
   Combined confidence: 16%
   Signals: english_purchase_phrase, subject_keyword
[2026-09-09 21:51:43] ⏭️ Confidence 16% < 20%, skipping
[2026-09-09 21:51:43] 🔄 Processing message 79: 1a01c61e484fff48
[2026-09-09 21:51:43] ⏭️ Already processed, skipping
[2026-09-09 21:51:43] 🔄 Processing message 80: 1a01c3f65a4a86cf
[2026-09-09 21:51:44] 📊 Subject: Your receipt from Anthropic, PBC #2308-0531-1016
   From: invoice+statements@mail.anthropic.com
   Sender score: 0/40
   Content score: 25/100
   Combined confidence: 16%
   Signals: english_purchase_phrase, subject_keyword
[2026-09-09 21:51:44] ⏭️ Confidence 16% < 20%, skipping
[2026-09-09 21:51:44] 🔄 Processing message 81: 1a01c39eff40be0b
[2026-09-09 21:51:44] ⏭️ Already processed, skipping
[2026-09-09 21:51:44] 🔄 Processing message 82: 1a01c3405ed525f8
[2026-09-09 21:51:44] 📊 Subject: תודה שפנית ל-LandingFlow, בדיקת אתר - bublile.co.il!
   From: noreply@landingflow.co.il
   Sender score: 20/40
   Content score: 25/100
   Combined confidence: 34%
   Signals: order_number_pattern
[2026-09-09 21:51:44] 🔧 No specific parser found
[2026-09-09 21:51:44] ⏭️ Confidence 34% < 70% and no parser, skipping
[2026-09-09 21:51:44] 🔄 Processing message 83: 1a01bfb85c4cc1c6
[2026-09-09 21:51:44] 📊 Subject: You shared some Google Account data with Claude
   From: noreply-accounts@google.com
   Sender score: 0/40
   Content score: 0/100
   Combined confidence: 0%
   Signals:
[2026-09-09 21:51:44] ⏭️ Confidence 0% < 20%, skipping
[2026-09-09 21:51:44] 🔄 Processing message 84: 1a01b0daa4aab0f4
[2026-09-09 21:51:44] 📊 Subject: New reasons prevent pages from being indexed on site landingflow.co.il
   From: sc-noreply@google.com
   Sender score: 20/40
   Content score: 25/100
   Combined confidence: 34%
   Signals: order_number_pattern
[2026-09-09 21:51:44] 🔧 No specific parser found
[2026-09-09 21:51:44] ⏭️ Confidence 34% < 70% and no parser, skipping
[2026-09-09 21:51:44] 🔄 Processing message 85: 1a018adeb3cce9fd
[2026-09-09 21:51:45] 📊 Subject: Security alert
   From: no-reply@accounts.google.com
   Sender score: 20/40
   Content score: 0/100
   Combined confidence: 18%
   Signals:
[2026-09-09 21:51:45] ⏭️ Confidence 18% < 20%, skipping
[2026-09-09 21:51:45] 🔄 Processing message 86: 1a014ca1ec72d544
[2026-09-09 21:51:45] 📊 Subject: Security alert
   From: no-reply@accounts.google.com
   Sender score: 20/40
   Content score: 0/100
   Combined confidence: 18%
   Signals:
[2026-09-09 21:51:45] ⏭️ Confidence 18% < 20%, skipping
[2026-09-09 21:51:45] 🔄 Processing message 87: 1a00fa280b02c91c
[2026-09-09 21:51:45] 📊 Subject: תודה שפנית ל-LandingFlow, בדיקת אתר - www.mamaroni.co.il!
   From: noreply@landingflow.co.il
   Sender score: 20/40
   Content score: 25/100
   Combined confidence: 34%
   Signals: order_number_pattern
[2026-09-09 21:51:45] 🔧 No specific parser found
[2026-09-09 21:51:45] ⏭️ Confidence 34% < 70% and no parser, skipping
[2026-09-09 21:51:45] 🔄 Processing message 88: 1a00f111cbde4c73
[2026-09-09 21:51:46] 📊 Subject: New reasons prevent pages from being indexed on site landingflow.co.il
   From: sc-noreply@google.com
   Sender score: 20/40
   Content score: 35/100
   Combined confidence: 40%
   Signals: order_number_pattern, item_list_found
[2026-09-09 21:51:46] 🔧 No specific parser found
[2026-09-09 21:51:46] ⏭️ Confidence 40% < 70% and no parser, skipping
[2026-09-09 21:51:46] 🔄 Processing message 89: 1a00ce7395aecf7c
[2026-09-09 21:51:46] ⏭️ Already processed, skipping
[2026-09-09 21:51:46] 🔄 Processing message 90: 19fff923807bcbc0
[2026-09-09 21:51:46] 📊 Subject: התור שלך בוטל
   From: noreply@landingflow.co.il
   Sender score: 20/40
   Content score: 0/100
   Combined confidence: 18%
   Signals:
[2026-09-09 21:51:46] ⏭️ Confidence 18% < 20%, skipping
[2026-09-09 21:51:46] 🔄 Processing message 91: 19fff8f592aa832b
[2026-09-09 21:51:46] 📊 Subject: תור נקבע בהצלחה - אסף מספרה
   From: noreply@landingflow.co.il
   Sender score: 20/40
   Content score: 0/100
   Combined confidence: 18%
   Signals:
[2026-09-09 21:51:46] ⏭️ Confidence 18% < 20%, skipping
[2026-09-09 21:51:46] 🔄 Processing message 92: 19fff8e13dc652b5
[2026-09-09 21:51:46] 📊 Subject: Announcement on DeepSeek V4 API New Pricing
   From: support@sc.mail.deepseek.com
   Sender score: 20/40
   Content score: 0/100
   Combined confidence: 18%
   Signals:
[2026-09-09 21:51:46] ⏭️ Confidence 18% < 20%, skipping
[2026-09-09 21:51:46] 🔄 Processing message 93: 19ffed30790971ef
[2026-09-09 21:51:47] 📊 Subject: Monitor the Google Search traffic to landingflow.co.il
   From: sc-noreply@google.com
   Sender score: 20/40
   Content score: 25/100
   Combined confidence: 34%
   Signals: order_number_pattern
[2026-09-09 21:51:47] 🔧 No specific parser found
[2026-09-09 21:51:47] ⏭️ Confidence 34% < 70% and no parser, skipping
[2026-09-09 21:51:47] 🔄 Processing message 94: 19ffdf993c158ef0
[2026-09-09 21:51:47] ⏭️ Already processed, skipping
[2026-09-09 21:51:47] 🔄 Processing message 95: 19ffb89e0ea9ab49
[2026-09-09 21:51:47] 📊 Subject: ✅ בני, finish setting up your Apple iPhone with Google
   From: no-reply@google.com
   Sender score: 20/40
   Content score: 0/100
   Combined confidence: 18%
   Signals:
[2026-09-09 21:51:47] ⏭️ Confidence 18% < 20%, skipping
[2026-09-09 21:51:47] 🔄 Processing message 96: 19ffb88f40ed7d03
[2026-09-09 21:51:47] 📊 Subject: Security alert
   From: no-reply@accounts.google.com
   Sender score: 20/40
   Content score: 0/100
   Combined confidence: 18%
   Signals:
[2026-09-09 21:51:47] ⏭️ Confidence 18% < 20%, skipping
[2026-09-09 21:51:47] 🔄 Processing message 97: 19ffb6fc1e4d8215
[2026-09-09 21:51:47] 📊 Subject: תודה שפנית ל-LandingFlow, Benny Maimon!
   From: noreply@landingflow.co.il
   Sender score: 20/40
   Content score: 25/100
   Combined confidence: 34%
   Signals: order_number_pattern
[2026-09-09 21:51:47] 🔧 No specific parser found
[2026-09-09 21:51:47] ⏭️ Confidence 34% < 70% and no parser, skipping
[2026-09-09 21:51:47] 🔄 Processing message 98: 19ff76bc4d19e91d
[2026-09-09 21:51:48] 📊 Subject: Improve Google presence for landingflow.co.il
   From: sc-noreply@google.com
   Sender score: 20/40
   Content score: 25/100
   Combined confidence: 34%
   Signals: order_number_pattern
[2026-09-09 21:51:48] 🔧 No specific parser found
[2026-09-09 21:51:48] ⏭️ Confidence 34% < 70% and no parser, skipping
[2026-09-09 21:51:48] 🔄 Processing message 99: 19ff4cc338771611
[2026-09-09 21:51:48] 📊 Subject: תור נקבע בהצלחה - אסף מספרה
   From: noreply@landingflow.co.il
   Sender score: 20/40
   Content score: 0/100
   Combined confidence: 18%
   Signals:
[2026-09-09 21:51:48] ⏭️ Confidence 18% < 20%, skipping
[2026-09-09 21:51:48] 🔄 Processing message 100: 19ff4cc294ee71f3
[2026-09-09 21:51:48] 📊 Subject: תור חדש - benny
   From: noreply@landingflow.co.il
   Sender score: 20/40
   Content score: 25/100
   Combined confidence: 34%
   Signals: order_number_pattern
[2026-09-09 21:51:48] 🔧 No specific parser found
[2026-09-09 21:51:48] ⏭️ Confidence 34% < 70% and no parser, skipping
[2026-09-09 21:51:48] ===== END SYNC. Saved: 0 =====
[2026-09-09 21:56:01] [2026-09-09 21:56:01] ===== START SYNC =====
Query: ((subject:"order confirmation" OR subject:"order receipt" OR subject:"purchase confirmation" OR subject:"payment confirmation" OR subject:"payment receipt" OR subject:"invoice" OR subject:"receipt" OR subject:"your order" OR subject:"order summary" OR subject:"order details" OR subject:"order shipped" OR subject:"order dispatched" OR subject:"shipment confirmation" OR subject:"delivery confirmation" OR subject:"thank you for your purchase" OR subject:"thank you for your order" OR subject:"billing confirmation" OR subject:"transaction receipt" OR subject:"your purchase" OR subject:"אישור הזמנה" OR subject:"אישור רכישה" OR subject:"חשבונית" OR subject:"קבלה" OR subject:"פרטי הזמנה" OR subject:"סיכום הזמנה" OR subject:"ההזמנה שלך" OR subject:"הרכישה שלך" OR subject:"תודה על הזמנתך" OR subject:"תודה על רכישתך" OR subject:"אישור תשלום" OR subject:"אישור עסקה" OR subject:"חשבונית מס" OR subject:"חשבונית עסקה" OR subject:"הזמנתך התקבלה" OR subject:"הרכישה התקבלה" OR subject:"מסמך עסקה" OR subject:"פרטי עסקה" OR subject:"אסמכתא" OR subject:"מספר הזמנה") OR (from:noreply@amazon OR from:order@amazon OR from:shipment-tracking@amazon OR from:auto-confirm@amazon OR from:orders@aliexpress OR from:noreply@aliexpress OR from:ebay@ebay OR from:noreply@ebay OR from:service@paypal OR from:service@intl.paypal.com OR from:receipts@ OR from:orders@ OR from:billing@ OR from:invoice@ OR from:noreply@ OR from:no-reply@ OR from:confirmation@ OR from:support@ OR from:online@ksp.co.il OR from:noreply@ivory.co.il OR from:orders@bug.co.il OR from:noreply@zap.co.il OR from:noreply@superspharm.co.il OR from:noreply@shufersal.co.il OR from:noreply@rami-levy.co.il OR from:orders@terminalx.com OR from:noreply@adika.com OR from:noreply@golf.co.il OR from:noreply@factory54.co.il OR from:orders@shein.com OR from:noreply@Castro.co.il OR from:noreply@renuar.co.il OR from:noreply@HOmydesign.com OR from:noreply@ace.co.il OR from:noreply@ikea.com OR from:info@terminalx.com))
[2026-09-09 21:56:02] --- Page 1: 50 messages ---
[2026-09-09 21:56:02] 🔄 Processing message 1: 1a0879afe4c58802
[2026-09-09 21:56:02] 📊 Subject: You shared some Google Account data with Figma Weave
   From: noreply-accounts@google.com
   Sender score: 0/40
   Content score: 0/100
   Combined confidence: 0%
   Signals:
[2026-09-09 21:56:02] ⏭️ Confidence 0% < 20%, skipping
[2026-09-09 21:56:02] 🔄 Processing message 2: 1a0878ebab04c07e
[2026-09-09 21:56:03] 📊 Subject: ✅ בני, finish setting up your Windows with Google
   From: no-reply@google.com
   Sender score: 20/40
   Content score: 0/100
   Combined confidence: 18%
   Signals:
[2026-09-09 21:56:03] ⏭️ Confidence 18% < 20%, skipping
[2026-09-09 21:56:03] 🔄 Processing message 3: 1a0878dccf87f4ec
[2026-09-09 21:56:03] 📊 Subject: Security alert
   From: no-reply@accounts.google.com
   Sender score: 20/40
   Content score: 0/100
   Combined confidence: 18%
   Signals:
[2026-09-09 21:56:03] ⏭️ Confidence 18% < 20%, skipping
[2026-09-09 21:56:03] 🔄 Processing message 4: 1a0877701d34abe7
[2026-09-09 21:56:03] 📊 Subject: Security alert
   From: no-reply@accounts.google.com
   Sender score: 20/40
   Content score: 0/100
   Combined confidence: 18%
   Signals:
[2026-09-09 21:56:03] ⏭️ Confidence 18% < 20%, skipping
[2026-09-09 21:56:03] 🔄 Processing message 5: 1a086ffe528a226b
[2026-09-09 21:56:04] 📊 Subject: You shared some Google Account data with Claude
   From: noreply-accounts@google.com
   Sender score: 0/40
   Content score: 0/100
   Combined confidence: 0%
   Signals:
[2026-09-09 21:56:04] ⏭️ Confidence 0% < 20%, skipping
[2026-09-09 21:56:04] 🔄 Processing message 6: 1a086d872453dc83
[2026-09-09 21:56:04] ⏭️ Already processed, skipping
[2026-09-09 21:56:04] 🔄 Processing message 7: 1a07af44c9b042cc
[2026-09-09 21:56:04] 📊 Subject: Last step—confirm your email
   From: no-reply@hello.spotify.com
   Sender score: 20/40
   Content score: 10/100
   Combined confidence: 24%
   Signals: item_list_found
[2026-09-09 21:56:04] 🔧 No specific parser found
[2026-09-09 21:56:04] ⏭️ Confidence 24% < 70% and no parser, skipping
[2026-09-09 21:56:04] 🔄 Processing message 8: 1a07af3bbceafbb6
[2026-09-09 21:56:04] 📊 Subject: You shared some Google Account data with Spotify
   From: noreply-accounts@google.com
   Sender score: 0/40
   Content score: 0/100
   Combined confidence: 0%
   Signals:
[2026-09-09 21:56:04] ⏭️ Confidence 0% < 20%, skipping
[2026-09-09 21:56:04] 🔄 Processing message 9: 1a078cbcc1407555
[2026-09-09 21:56:05] 📊 Subject: New reasons prevent pages from being indexed on site https://erezdj.co.il/
   From: sc-noreply@google.com
   Sender score: 20/40
   Content score: 25/100
   Combined confidence: 34%
   Signals: order_number_pattern
[2026-09-09 21:56:05] 🔧 No specific parser found
[2026-09-09 21:56:05] ⏭️ Confidence 34% < 70% and no parser, skipping
[2026-09-09 21:56:05] 🔄 Processing message 10: 1a0788117dde9098
[2026-09-09 21:56:05] 📊 Subject: New reasons prevent pages in a sitemap from being indexed on site landingflow.co.il
   From: sc-noreply@google.com
   Sender score: 20/40
   Content score: 25/100
   Combined confidence: 34%
   Signals: order_number_pattern
[2026-09-09 21:56:05] 🔧 No specific parser found
[2026-09-09 21:56:05] ⏭️ Confidence 34% < 70% and no parser, skipping
[2026-09-09 21:56:05] 🔄 Processing message 11: 1a072b15a66e0bed
[2026-09-09 21:56:05] 📊 Subject: You shared some Google Account data with Spotify
   From: noreply-accounts@google.com
   Sender score: 0/40
   Content score: 0/100
   Combined confidence: 0%
   Signals:
[2026-09-09 21:56:05] ⏭️ Confidence 0% < 20%, skipping
[2026-09-09 21:56:05] 🔄 Processing message 12: 1a072b038d0cd6c9
[2026-09-09 21:56:05] 📊 Subject: You shared some Google Account data with Spotify
   From: noreply-accounts@google.com
   Sender score: 0/40
   Content score: 0/100
   Combined confidence: 0%
   Signals:
[2026-09-09 21:56:05] ⏭️ Confidence 0% < 20%, skipping
[2026-09-09 21:56:05] 🔄 Processing message 13: 1a06b5816471b47a
[2026-09-09 21:56:06] 📊 Subject: Security alert
   From: no-reply@accounts.google.com
   Sender score: 20/40
   Content score: 0/100
   Combined confidence: 18%
   Signals:
[2026-09-09 21:56:06] ⏭️ Confidence 18% < 20%, skipping
[2026-09-09 21:56:06] 🔄 Processing message 14: 1a06b57f4ce021c6
[2026-09-09 21:56:06] 📊 Subject: Security alert
   From: no-reply@accounts.google.com
   Sender score: 20/40
   Content score: 0/100
   Combined confidence: 18%
   Signals:
[2026-09-09 21:56:06] ⏭️ Confidence 18% < 20%, skipping
[2026-09-09 21:56:06] 🔄 Processing message 15: 1a06b4fe2a70b3b7
[2026-09-09 21:56:06] 📊 Subject: Security alert
   From: no-reply@accounts.google.com
   Sender score: 20/40
   Content score: 0/100
   Combined confidence: 18%
   Signals:
[2026-09-09 21:56:06] ⏭️ Confidence 18% < 20%, skipping
[2026-09-09 21:56:06] 🔄 Processing message 16: 1a06ae28005719c3
[2026-09-09 21:56:06] ⏭️ Already processed, skipping
[2026-09-09 21:56:06] 🔄 Processing message 17: 1a06adf5d070f24d
[2026-09-09 21:56:07] 📊 Subject: תור נקבע בהצלחה - אסף מספרה
   From: noreply@landingflow.co.il
   Sender score: 20/40
   Content score: 0/100
   Combined confidence: 18%
   Signals:
[2026-09-09 21:56:07] ⏭️ Confidence 18% < 20%, skipping
[2026-09-09 21:56:07] 🔄 Processing message 18: 1a069a83ae6b9557
[2026-09-09 21:56:07] 📊 Subject: Security alert
   From: no-reply@accounts.google.com
   Sender score: 20/40
   Content score: 0/100
   Combined confidence: 18%
   Signals:
[2026-09-09 21:56:07] ⏭️ Confidence 18% < 20%, skipping
[2026-09-09 21:56:07] 🔄 Processing message 19: 1a06938b6ca7c58c
[2026-09-09 21:56:07] ⏭️ Already processed, skipping
[2026-09-09 21:56:07] 🔄 Processing message 20: 1a068acbd084e0e8
[2026-09-09 21:56:07] 📊 Subject: [No Action Required]: Text watermarking will apply to Claude Opus 5 starting September 9, 2026
   From: no-reply@email.claude.com
   Sender score: 20/40
   Content score: 0/100
   Combined confidence: 18%
   Signals:
[2026-09-09 21:56:07] ⏭️ Confidence 18% < 20%, skipping
[2026-09-09 21:56:07] 🔄 Processing message 21: 1a067e1343559918
[2026-09-09 21:56:07] ⏭️ Already processed, skipping
[2026-09-09 21:56:07] 🔄 Processing message 22: 1a064655284854fc
[2026-09-09 21:56:08] 📊 Subject: Reminder to set up a plan in Inactive Account Manager
   From: noreply-accounts@google.com
   Sender score: 0/40
   Content score: 0/100
   Combined confidence: 0%
   Signals:
[2026-09-09 21:56:08] ⏭️ Confidence 0% < 20%, skipping
[2026-09-09 21:56:08] 🔄 Processing message 23: 1a062bfd535a47a9
[2026-09-09 21:56:08] 📊 Subject: Golden Events גולדן ארועים, are you open on Rosh Hashanah?
   From: businessprofile-noreply@google.com
   Sender score: 20/40
   Content score: 0/100
   Combined confidence: 18%
   Signals:
[2026-09-09 21:56:08] ⏭️ Confidence 18% < 20%, skipping
[2026-09-09 21:56:08] 🔄 Processing message 24: 1a05e9b68ba42753
[2026-09-09 21:56:08] ⏭️ Already processed, skipping
[2026-09-09 21:56:08] 🔄 Processing message 25: 1a05d6b39f51633f
[2026-09-09 21:56:08] 📊 Subject: 🗓️ Your connection, Mikael just had a work anniversary! Catch up with them and 2 others
   From: messages-noreply@linkedin.com
   Sender score: 20/40
   Content score: 0/100
   Combined confidence: 18%
   Signals:
[2026-09-09 21:56:08] ⏭️ Confidence 18% < 20%, skipping
[2026-09-09 21:56:08] 🔄 Processing message 26: 1a0580efb954de52
[2026-09-09 21:56:08] ⏭️ Already processed, skipping
[2026-09-09 21:56:08] 🔄 Processing message 27: 1a05785599eeae78
[2026-09-09 21:56:08] 📊 Subject: You shared some Google Account data with Claude
   From: noreply-accounts@google.com
   Sender score: 0/40
   Content score: 0/100
   Combined confidence: 0%
   Signals:
[2026-09-09 21:56:08] ⏭️ Confidence 0% < 20%, skipping
[2026-09-09 21:56:08] 🔄 Processing message 28: 1a04f22ed507fd48
[2026-09-09 21:56:09] 📊 Subject: Monitor the Google Search traffic to https://erezdj.co.il/
   From: sc-noreply@google.com
   Sender score: 20/40
   Content score: 35/100
   Combined confidence: 40%
   Signals: order_number_pattern, item_list_found
[2026-09-09 21:56:09] 🔧 No specific parser found
[2026-09-09 21:56:09] ⏭️ Confidence 40% < 70% and no parser, skipping
[2026-09-09 21:56:09] 🔄 Processing message 29: 1a04a7145208686d
[2026-09-09 21:56:09] 📊 Subject: 🥟The secret recipe behind brands that people remember
   From: no-reply@n.dribbble.com
   Sender score: 20/40
   Content score: 10/100
   Combined confidence: 24%
   Signals: item_list_found
[2026-09-09 21:56:09] 🔧 No specific parser found
[2026-09-09 21:56:09] ⏭️ Confidence 24% < 70% and no parser, skipping
[2026-09-09 21:56:09] 🔄 Processing message 30: 1a04886218d69ab2
[2026-09-09 21:56:09] 📊 Subject: [Legal Update] Google Maps Platform Terms of Service update effective Sep 28, 2026
   From: google-maps-platform-noreply@google.com
   Sender score: 20/40
   Content score: 0/100
   Combined confidence: 18%
   Signals:
[2026-09-09 21:56:09] ⏭️ Confidence 18% < 20%, skipping
[2026-09-09 21:56:09] 🔄 Processing message 31: 1a045f32d696ba73
[2026-09-09 21:56:10] 📊 Subject: You shared some Google Account data with Claude
   From: noreply-accounts@google.com
   Sender score: 0/40
   Content score: 0/100
   Combined confidence: 0%
   Signals:
[2026-09-09 21:56:10] ⏭️ Confidence 0% < 20%, skipping
[2026-09-09 21:56:10] 🔄 Processing message 32: 1a04491b524fe24e
[2026-09-09 21:56:10] 📊 Subject: [GitHub] Cursor is requesting updated permissions
   From: noreply@github.com
   Sender score: 20/40
   Content score: 25/100
   Combined confidence: 34%
   Signals: order_number_pattern
[2026-09-09 21:56:10] 🔧 No specific parser found
[2026-09-09 21:56:10] ⏭️ Confidence 34% < 70% and no parser, skipping
[2026-09-09 21:56:10] 🔄 Processing message 33: 1a042c84575c0333
[2026-09-09 21:56:10] ⏭️ Already processed, skipping
[2026-09-09 21:56:10] 🔄 Processing message 34: 1a042bfc7c1eff66
[2026-09-09 21:56:10] ⏭️ Already processed, skipping
[2026-09-09 21:56:10] 🔄 Processing message 35: 1a042bfc5c40505e
[2026-09-09 21:56:10] ⏭️ Already processed, skipping
[2026-09-09 21:56:10] 🔄 Processing message 36: 1a042ba38f8b2501
[2026-09-09 21:56:10] ⏭️ Already processed, skipping
[2026-09-09 21:56:10] 🔄 Processing message 37: 1a040aa1c8c14d0b
[2026-09-09 21:56:10] 📊 Subject: Improve Google presence for erezdj.co.il
   From: sc-noreply@google.com
   Sender score: 20/40
   Content score: 25/100
   Combined confidence: 34%
   Signals: order_number_pattern
[2026-09-09 21:56:10] 🔧 No specific parser found
[2026-09-09 21:56:10] ⏭️ Confidence 34% < 70% and no parser, skipping
[2026-09-09 21:56:10] 🔄 Processing message 38: 1a040a0bfb850828
[2026-09-09 21:56:11] 📊 Subject: You shared some Google Account data with higgsfield.ai
   From: noreply-accounts@google.com
   Sender score: 0/40
   Content score: 0/100
   Combined confidence: 0%
   Signals:
[2026-09-09 21:56:11] ⏭️ Confidence 0% < 20%, skipping
[2026-09-09 21:56:11] 🔄 Processing message 39: 1a040797b01d7e28
[2026-09-09 21:56:11] 📊 Subject: Get started using Search Console with https://erezdj.co.il/
   From: sc-noreply@google.com
   Sender score: 20/40
   Content score: 25/100
   Combined confidence: 34%
   Signals: order_number_pattern
[2026-09-09 21:56:11] 🔧 No specific parser found
[2026-09-09 21:56:11] ⏭️ Confidence 34% < 70% and no parser, skipping
[2026-09-09 21:56:11] 🔄 Processing message 40: 1a03e5f9d23e3609
[2026-09-09 21:56:11] ⏭️ Already processed, skipping
[2026-09-09 21:56:11] 🔄 Processing message 41: 1a03e44e88791e24
[2026-09-09 21:56:11] 📊 Subject: You shared some Google Account data with VEED
   From: noreply-accounts@google.com
   Sender score: 0/40
   Content score: 0/100
   Combined confidence: 0%
   Signals:
[2026-09-09 21:56:11] ⏭️ Confidence 0% < 20%, skipping
[2026-09-09 21:56:11] 🔄 Processing message 42: 1a03e058e4494179
[2026-09-09 21:56:12] 📊 Subject: דוח הביקורת שלכם — landingflow.co.il
   From: noreply@landingflow.co.il
   Sender score: 20/40
   Content score: 10/100
   Combined confidence: 24%
   Signals: shipping_signal
[2026-09-09 21:56:12] 🔧 No specific parser found
[2026-09-09 21:56:12] ⏭️ Confidence 24% < 70% and no parser, skipping
[2026-09-09 21:56:12] 🔄 Processing message 43: 1a03e057d2b006f5
[2026-09-09 21:56:12] 📊 Subject: תודה שפנית ל-LandingFlow, בדיקת אתר - landingflow.co.il!
   From: noreply@landingflow.co.il
   Sender score: 20/40
   Content score: 25/100
   Combined confidence: 34%
   Signals: order_number_pattern
[2026-09-09 21:56:12] 🔧 No specific parser found
[2026-09-09 21:56:12] ⏭️ Confidence 34% < 70% and no parser, skipping
[2026-09-09 21:56:12] 🔄 Processing message 44: 1a03e052ed7e1fde
[2026-09-09 21:56:12] 📊 Subject: קוד אימות — LandingFlow בדיקת אתר
   From: noreply@landingflow.co.il
   Sender score: 20/40
   Content score: 25/100
   Combined confidence: 34%
   Signals: order_number_pattern
[2026-09-09 21:56:12] 🔧 No specific parser found
[2026-09-09 21:56:12] ⏭️ Confidence 34% < 70% and no parser, skipping
[2026-09-09 21:56:12] 🔄 Processing message 45: 1a03dd2819990242
[2026-09-09 21:56:13] 📊 Subject: קוד אימות — LandingFlow בדיקת אתר
   From: noreply@landingflow.co.il
   Sender score: 20/40
   Content score: 25/100
   Combined confidence: 34%
   Signals: order_number_pattern
[2026-09-09 21:56:13] 🔧 No specific parser found
[2026-09-09 21:56:13] ⏭️ Confidence 34% < 70% and no parser, skipping
[2026-09-09 21:56:13] 🔄 Processing message 46: 1a03c0ffb301ff13
[2026-09-09 21:56:13] ⏭️ Already processed, skipping
[2026-09-09 21:56:13] 🔄 Processing message 47: 1a03b246b3561638
[2026-09-09 21:56:13] 📊 Subject: [Action Advised] Manage your unused OAuth clients and protect your information
   From: googledevelopers-noreply@google.com
   Sender score: 20/40
   Content score: 0/100
   Combined confidence: 18%
   Signals:
[2026-09-09 21:56:13] ⏭️ Confidence 18% < 20%, skipping
[2026-09-09 21:56:13] 🔄 Processing message 48: 1a03aa73fd97b523
[2026-09-09 21:56:13] 📊 Subject: You shared some Google Account data with Claude
   From: noreply-accounts@google.com
   Sender score: 0/40
   Content score: 0/100
   Combined confidence: 0%
   Signals:
[2026-09-09 21:56:13] ⏭️ Confidence 0% < 20%, skipping
[2026-09-09 21:56:13] 🔄 Processing message 49: 1a03974eda795b95
[2026-09-09 21:56:13] ⏭️ Already processed, skipping
[2026-09-09 21:56:13] 🔄 Processing message 50: 1a03974e8591af48
[2026-09-09 21:56:13] ⏭️ Already processed, skipping
[2026-09-09 21:56:13] --- Page 2: 50 messages ---
[2026-09-09 21:56:13] 🔄 Processing message 1: 1a0394fad43666f4
[2026-09-09 21:56:13] ⏭️ Already processed, skipping
[2026-09-09 21:56:13] 🔄 Processing message 2: 1a0394f61e44bbc1
[2026-09-09 21:56:13] ⏭️ Already processed, skipping
[2026-09-09 21:56:13] 🔄 Processing message 3: 1a02eb5346c052c2
[2026-09-09 21:56:14] 📊 Subject: Folder shared with you: "לשלוח 1"
   From: drive-shares-dm-noreply@google.com
   Sender score: 20/40
   Content score: 10/100
   Combined confidence: 24%
   Signals: item_list_found
[2026-09-09 21:56:14] 🔧 No specific parser found
[2026-09-09 21:56:14] ⏭️ Confidence 24% < 70% and no parser, skipping
[2026-09-09 21:56:14] 🔄 Processing message 4: 1a02e45d5135edb6
[2026-09-09 21:56:14] 📊 Subject: Security alert
   From: no-reply@accounts.google.com
   Sender score: 20/40
   Content score: 0/100
   Combined confidence: 18%
   Signals:
[2026-09-09 21:56:14] ⏭️ Confidence 18% < 20%, skipping
[2026-09-09 21:56:14] 🔄 Processing message 5: 1a029cd2c55290ec
[2026-09-09 21:56:14] ⏭️ Already processed, skipping
[2026-09-09 21:56:14] 🔄 Processing message 6: 1a0277695352f32e
[2026-09-09 21:56:14] 📊 Subject: Find world-class design and development talent on Dribbble.
   From: no-reply@n.dribbble.com
   Sender score: 20/40
   Content score: 10/100
   Combined confidence: 24%
   Signals: item_list_found
[2026-09-09 21:56:14] 🔧 No specific parser found
[2026-09-09 21:56:14] ⏭️ Confidence 24% < 70% and no parser, skipping
[2026-09-09 21:56:14] 🔄 Processing message 7: 1a025f26a7372d01
[2026-09-09 21:56:15] 📊 Subject: Your guide to Claude Code on mobile
   From: no-reply@email.claude.com
   Sender score: 20/40
   Content score: 0/100
   Combined confidence: 18%
   Signals:
[2026-09-09 21:56:15] ⏭️ Confidence 18% < 20%, skipping
[2026-09-09 21:56:15] 🔄 Processing message 8: 1a023bdaa60d6b76
[2026-09-09 21:56:15] 📊 Subject: [GitHub] A new public key was added to BennyTheLion/kitchen-log
   From: noreply@github.com
   Sender score: 20/40
   Content score: 0/100
   Combined confidence: 18%
   Signals:
[2026-09-09 21:56:15] ⏭️ Confidence 18% < 20%, skipping
[2026-09-09 21:56:15] 🔄 Processing message 9: 1a022502d747a9eb
[2026-09-09 21:56:15] 📊 Subject: Tell us what you need. We’ll help you find the perfect partner.
   From: no-reply@n.dribbble.com
   Sender score: 20/40
   Content score: 10/100
   Combined confidence: 24%
   Signals: item_list_found
[2026-09-09 21:56:15] 🔧 No specific parser found
[2026-09-09 21:56:15] ⏭️ Confidence 24% < 70% and no parser, skipping
[2026-09-09 21:56:15] 🔄 Processing message 10: 1a0224a474fb6fa0
[2026-09-09 21:56:16] 📊 Subject: עדכון במחיר של YouTube Premium
   From: no-reply@youtube.com
   Sender score: 20/40
   Content score: 20/100
   Combined confidence: 31%
   Signals: amount_found
[2026-09-09 21:56:16] 🔧 No specific parser found
[2026-09-09 21:56:16] ⏭️ Confidence 31% < 70% and no parser, skipping
[2026-09-09 21:56:16] 🔄 Processing message 11: 1a02219329c6c311
[2026-09-09 21:56:16] 📊 Subject: You shared some Google Account data with Dribbble
   From: noreply-accounts@google.com
   Sender score: 0/40
   Content score: 0/100
   Combined confidence: 0%
   Signals:
[2026-09-09 21:56:16] ⏭️ Confidence 0% < 20%, skipping
[2026-09-09 21:56:16] 🔄 Processing message 12: 1a021d5907488839
[2026-09-09 21:56:16] 📊 Subject: קוד אימות — LandingFlow בדיקת אתר
   From: noreply@landingflow.co.il
   Sender score: 20/40
   Content score: 25/100
   Combined confidence: 34%
   Signals: order_number_pattern
[2026-09-09 21:56:16] 🔧 No specific parser found
[2026-09-09 21:56:16] ⏭️ Confidence 34% < 70% and no parser, skipping
[2026-09-09 21:56:16] 🔄 Processing message 13: 1a021c99f568dd99
[2026-09-09 21:56:16] 📊 Subject: קוד אימות — LandingFlow בדיקת אתר
   From: noreply@landingflow.co.il
   Sender score: 20/40
   Content score: 25/100
   Combined confidence: 34%
   Signals: order_number_pattern
[2026-09-09 21:56:16] 🔧 No specific parser found
[2026-09-09 21:56:16] ⏭️ Confidence 34% < 70% and no parser, skipping
[2026-09-09 21:56:16] 🔄 Processing message 14: 1a021c7347e3216f
[2026-09-09 21:56:17] 📊 Subject: קוד אימות — LandingFlow בדיקת אתר
   From: noreply@landingflow.co.il
   Sender score: 20/40
   Content score: 25/100
   Combined confidence: 34%
   Signals: order_number_pattern
[2026-09-09 21:56:17] 🔧 No specific parser found
[2026-09-09 21:56:17] ⏭️ Confidence 34% < 70% and no parser, skipping
[2026-09-09 21:56:17] 🔄 Processing message 15: 1a021c5365251ba9
[2026-09-09 21:56:17] 📊 Subject: דוח הביקורת שלכם — www.icontrol.co.il
   From: noreply@landingflow.co.il
   Sender score: 20/40
   Content score: 10/100
   Combined confidence: 24%
   Signals: shipping_signal
[2026-09-09 21:56:17] 🔧 No specific parser found
[2026-09-09 21:56:17] ⏭️ Confidence 24% < 70% and no parser, skipping
[2026-09-09 21:56:17] 🔄 Processing message 16: 1a021c51a5091d3b
[2026-09-09 21:56:17] 📊 Subject: תודה שפנית ל-LandingFlow, בדיקת אתר - www.icontrol.co.il!
   From: noreply@landingflow.co.il
   Sender score: 20/40
   Content score: 25/100
   Combined confidence: 34%
   Signals: order_number_pattern
[2026-09-09 21:56:17] 🔧 No specific parser found
[2026-09-09 21:56:17] ⏭️ Confidence 34% < 70% and no parser, skipping
[2026-09-09 21:56:17] 🔄 Processing message 17: 1a021c4bf2917b40
[2026-09-09 21:56:18] 📊 Subject: קוד אימות — LandingFlow בדיקת אתר
   From: noreply@landingflow.co.il
   Sender score: 20/40
   Content score: 25/100
   Combined confidence: 34%
   Signals: order_number_pattern
[2026-09-09 21:56:18] 🔧 No specific parser found
[2026-09-09 21:56:18] ⏭️ Confidence 34% < 70% and no parser, skipping
[2026-09-09 21:56:18] 🔄 Processing message 18: 1a0218f473635745
[2026-09-09 21:56:18] 📊 Subject: דוח הביקורת שלכם — landingflow.co.il
   From: noreply@landingflow.co.il
   Sender score: 20/40
   Content score: 10/100
   Combined confidence: 24%
   Signals: shipping_signal
[2026-09-09 21:56:18] 🔧 No specific parser found
[2026-09-09 21:56:18] ⏭️ Confidence 24% < 70% and no parser, skipping
[2026-09-09 21:56:18] 🔄 Processing message 19: 1a0218f3f1dc6f0f
[2026-09-09 21:56:18] 📊 Subject: תודה שפנית ל-LandingFlow, בדיקת אתר - landingflow.co.il!
   From: noreply@landingflow.co.il
   Sender score: 20/40
   Content score: 25/100
   Combined confidence: 34%
   Signals: order_number_pattern
[2026-09-09 21:56:18] 🔧 No specific parser found
[2026-09-09 21:56:18] ⏭️ Confidence 34% < 70% and no parser, skipping
[2026-09-09 21:56:18] 🔄 Processing message 20: 1a0218ecd191a0a2
[2026-09-09 21:56:19] 📊 Subject: קוד אימות — LandingFlow בדיקת אתר
   From: noreply@landingflow.co.il
   Sender score: 20/40
   Content score: 25/100
   Combined confidence: 34%
   Signals: order_number_pattern
[2026-09-09 21:56:19] 🔧 No specific parser found
[2026-09-09 21:56:19] ⏭️ Confidence 34% < 70% and no parser, skipping
[2026-09-09 21:56:19] 🔄 Processing message 21: 1a021789e48a70e3
[2026-09-09 21:56:19] 📊 Subject: דוח הביקורת שלכם — ori-diamonds.co.il
   From: noreply@landingflow.co.il
   Sender score: 20/40
   Content score: 10/100
   Combined confidence: 24%
   Signals: shipping_signal
[2026-09-09 21:56:19] 🔧 No specific parser found
[2026-09-09 21:56:19] ⏭️ Confidence 24% < 70% and no parser, skipping
[2026-09-09 21:56:19] 🔄 Processing message 22: 1a021788deb1123e
[2026-09-09 21:56:19] 📊 Subject: תודה שפנית ל-LandingFlow, בדיקת אתר - ori-diamonds.co.il!
   From: noreply@landingflow.co.il
   Sender score: 20/40
   Content score: 25/100
   Combined confidence: 34%
   Signals: order_number_pattern
[2026-09-09 21:56:19] 🔧 No specific parser found
[2026-09-09 21:56:19] ⏭️ Confidence 34% < 70% and no parser, skipping
[2026-09-09 21:56:19] 🔄 Processing message 23: 1a0217827a607114
[2026-09-09 21:56:19] 📊 Subject: קוד אימות — LandingFlow בדיקת אתר
   From: noreply@landingflow.co.il
   Sender score: 20/40
   Content score: 25/100
   Combined confidence: 34%
   Signals: order_number_pattern
[2026-09-09 21:56:19] 🔧 No specific parser found
[2026-09-09 21:56:19] ⏭️ Confidence 34% < 70% and no parser, skipping
[2026-09-09 21:56:19] 🔄 Processing message 24: 1a0206d13ea1c7f8
[2026-09-09 21:56:20] 📊 Subject: You shared some Google Account data with Claude
   From: noreply-accounts@google.com
   Sender score: 0/40
   Content score: 0/100
   Combined confidence: 0%
   Signals:
[2026-09-09 21:56:20] ⏭️ Confidence 0% < 20%, skipping
[2026-09-09 21:56:20] 🔄 Processing message 25: 1a01cf34705fe205
[2026-09-09 21:56:20] ⏭️ Already processed, skipping
[2026-09-09 21:56:20] 🔄 Processing message 26: 1a01ca1e854bcf31
[2026-09-09 21:56:20] ⏭️ Already processed, skipping
[2026-09-09 21:56:20] 🔄 Processing message 27: 1a01c891d67b1da8
[2026-09-09 21:56:20] 📊 Subject: Your receipt from Anthropic, PBC #2681-5707-5841
   From: invoice+statements@mail.anthropic.com
   Sender score: 0/40
   Content score: 25/100
   Combined confidence: 16%
   Signals: english_purchase_phrase, subject_keyword
[2026-09-09 21:56:20] ⏭️ Confidence 16% < 20%, skipping
[2026-09-09 21:56:20] 🔄 Processing message 28: 1a01c6617fd04801
[2026-09-09 21:56:20] 📊 Subject: Your receipt from Anthropic, PBC #2258-9921-8538
   From: invoice+statements@mail.anthropic.com
   Sender score: 0/40
   Content score: 25/100
   Combined confidence: 16%
   Signals: english_purchase_phrase, subject_keyword
[2026-09-09 21:56:20] ⏭️ Confidence 16% < 20%, skipping
[2026-09-09 21:56:20] 🔄 Processing message 29: 1a01c61e484fff48
[2026-09-09 21:56:20] ⏭️ Already processed, skipping
[2026-09-09 21:56:20] 🔄 Processing message 30: 1a01c3f65a4a86cf
[2026-09-09 21:56:21] 📊 Subject: Your receipt from Anthropic, PBC #2308-0531-1016
   From: invoice+statements@mail.anthropic.com
   Sender score: 0/40
   Content score: 25/100
   Combined confidence: 16%
   Signals: english_purchase_phrase, subject_keyword
[2026-09-09 21:56:21] ⏭️ Confidence 16% < 20%, skipping
[2026-09-09 21:56:21] 🔄 Processing message 31: 1a01c39eff40be0b
[2026-09-09 21:56:21] ⏭️ Already processed, skipping
[2026-09-09 21:56:21] 🔄 Processing message 32: 1a01c3405ed525f8
[2026-09-09 21:56:21] 📊 Subject: תודה שפנית ל-LandingFlow, בדיקת אתר - bublile.co.il!
   From: noreply@landingflow.co.il
   Sender score: 20/40
   Content score: 25/100
   Combined confidence: 34%
   Signals: order_number_pattern
[2026-09-09 21:56:21] 🔧 No specific parser found
[2026-09-09 21:56:21] ⏭️ Confidence 34% < 70% and no parser, skipping
[2026-09-09 21:56:21] 🔄 Processing message 33: 1a01bfb85c4cc1c6
[2026-09-09 21:56:21] 📊 Subject: You shared some Google Account data with Claude
   From: noreply-accounts@google.com
   Sender score: 0/40
   Content score: 0/100
   Combined confidence: 0%
   Signals:
[2026-09-09 21:56:21] ⏭️ Confidence 0% < 20%, skipping
[2026-09-09 21:56:21] 🔄 Processing message 34: 1a01b0daa4aab0f4
[2026-09-09 21:56:21] 📊 Subject: New reasons prevent pages from being indexed on site landingflow.co.il
   From: sc-noreply@google.com
   Sender score: 20/40
   Content score: 25/100
   Combined confidence: 34%
   Signals: order_number_pattern
[2026-09-09 21:56:21] 🔧 No specific parser found
[2026-09-09 21:56:21] ⏭️ Confidence 34% < 70% and no parser, skipping
[2026-09-09 21:56:21] 🔄 Processing message 35: 1a018adeb3cce9fd
[2026-09-09 21:56:22] 📊 Subject: Security alert
   From: no-reply@accounts.google.com
   Sender score: 20/40
   Content score: 0/100
   Combined confidence: 18%
   Signals:
[2026-09-09 21:56:22] ⏭️ Confidence 18% < 20%, skipping
[2026-09-09 21:56:22] 🔄 Processing message 36: 1a014ca1ec72d544
[2026-09-09 21:56:22] 📊 Subject: Security alert
   From: no-reply@accounts.google.com
   Sender score: 20/40
   Content score: 0/100
   Combined confidence: 18%
   Signals:
[2026-09-09 21:56:22] ⏭️ Confidence 18% < 20%, skipping
[2026-09-09 21:56:22] 🔄 Processing message 37: 1a00fa280b02c91c
[2026-09-09 21:56:22] 📊 Subject: תודה שפנית ל-LandingFlow, בדיקת אתר - www.mamaroni.co.il!
   From: noreply@landingflow.co.il
   Sender score: 20/40
   Content score: 25/100
   Combined confidence: 34%
   Signals: order_number_pattern
[2026-09-09 21:56:22] 🔧 No specific parser found
[2026-09-09 21:56:22] ⏭️ Confidence 34% < 70% and no parser, skipping
[2026-09-09 21:56:22] 🔄 Processing message 38: 1a00f111cbde4c73
[2026-09-09 21:56:23] 📊 Subject: New reasons prevent pages from being indexed on site landingflow.co.il
   From: sc-noreply@google.com
   Sender score: 20/40
   Content score: 35/100
   Combined confidence: 40%
   Signals: order_number_pattern, item_list_found
[2026-09-09 21:56:23] 🔧 No specific parser found
[2026-09-09 21:56:23] ⏭️ Confidence 40% < 70% and no parser, skipping
[2026-09-09 21:56:23] 🔄 Processing message 39: 1a00ce7395aecf7c
[2026-09-09 21:56:23] ⏭️ Already processed, skipping
[2026-09-09 21:56:23] 🔄 Processing message 40: 19fff923807bcbc0
[2026-09-09 21:56:23] 📊 Subject: התור שלך בוטל
   From: noreply@landingflow.co.il
   Sender score: 20/40
   Content score: 0/100
   Combined confidence: 18%
   Signals:
[2026-09-09 21:56:23] ⏭️ Confidence 18% < 20%, skipping
[2026-09-09 21:56:23] 🔄 Processing message 41: 19fff8f592aa832b
[2026-09-09 21:56:23] 📊 Subject: תור נקבע בהצלחה - אסף מספרה
   From: noreply@landingflow.co.il
   Sender score: 20/40
   Content score: 0/100
   Combined confidence: 18%
   Signals:
[2026-09-09 21:56:23] ⏭️ Confidence 18% < 20%, skipping
[2026-09-09 21:56:23] 🔄 Processing message 42: 19fff8e13dc652b5
[2026-09-09 21:56:23] 📊 Subject: Announcement on DeepSeek V4 API New Pricing
   From: support@sc.mail.deepseek.com
   Sender score: 20/40
   Content score: 0/100
   Combined confidence: 18%
   Signals:
[2026-09-09 21:56:23] ⏭️ Confidence 18% < 20%, skipping
[2026-09-09 21:56:23] 🔄 Processing message 43: 19ffed30790971ef
[2026-09-09 21:56:24] 📊 Subject: Monitor the Google Search traffic to landingflow.co.il
   From: sc-noreply@google.com
   Sender score: 20/40
   Content score: 25/100
   Combined confidence: 34%
   Signals: order_number_pattern
[2026-09-09 21:56:24] 🔧 No specific parser found
[2026-09-09 21:56:24] ⏭️ Confidence 34% < 70% and no parser, skipping
[2026-09-09 21:56:24] 🔄 Processing message 44: 19ffdf993c158ef0
[2026-09-09 21:56:24] ⏭️ Already processed, skipping
[2026-09-09 21:56:24] 🔄 Processing message 45: 19ffb89e0ea9ab49
[2026-09-09 21:56:24] 📊 Subject: ✅ בני, finish setting up your Apple iPhone with Google
   From: no-reply@google.com
   Sender score: 20/40
   Content score: 0/100
   Combined confidence: 18%
   Signals:
[2026-09-09 21:56:24] ⏭️ Confidence 18% < 20%, skipping
[2026-09-09 21:56:24] 🔄 Processing message 46: 19ffb88f40ed7d03
[2026-09-09 21:56:24] 📊 Subject: Security alert
   From: no-reply@accounts.google.com
   Sender score: 20/40
   Content score: 0/100
   Combined confidence: 18%
   Signals:
[2026-09-09 21:56:24] ⏭️ Confidence 18% < 20%, skipping
[2026-09-09 21:56:24] 🔄 Processing message 47: 19ffb6fc1e4d8215
[2026-09-09 21:56:25] 📊 Subject: תודה שפנית ל-LandingFlow, Benny Maimon!
   From: noreply@landingflow.co.il
   Sender score: 20/40
   Content score: 25/100
   Combined confidence: 34%
   Signals: order_number_pattern
[2026-09-09 21:56:25] 🔧 No specific parser found
[2026-09-09 21:56:25] ⏭️ Confidence 34% < 70% and no parser, skipping
[2026-09-09 21:56:25] 🔄 Processing message 48: 19ff76bc4d19e91d
[2026-09-09 21:56:25] 📊 Subject: Improve Google presence for landingflow.co.il
   From: sc-noreply@google.com
   Sender score: 20/40
   Content score: 25/100
   Combined confidence: 34%
   Signals: order_number_pattern
[2026-09-09 21:56:25] 🔧 No specific parser found
[2026-09-09 21:56:25] ⏭️ Confidence 34% < 70% and no parser, skipping
[2026-09-09 21:56:25] 🔄 Processing message 49: 19ff4cc338771611
[2026-09-09 21:56:25] 📊 Subject: תור נקבע בהצלחה - אסף מספרה
   From: noreply@landingflow.co.il
   Sender score: 20/40
   Content score: 0/100
   Combined confidence: 18%
   Signals:
[2026-09-09 21:56:25] ⏭️ Confidence 18% < 20%, skipping
[2026-09-09 21:56:25] 🔄 Processing message 50: 19ff4cc294ee71f3
[2026-09-09 21:56:25] 📊 Subject: תור חדש - benny
   From: noreply@landingflow.co.il
   Sender score: 20/40
   Content score: 25/100
   Combined confidence: 34%
   Signals: order_number_pattern
[2026-09-09 21:56:25] 🔧 No specific parser found
[2026-09-09 21:56:25] ⏭️ Confidence 34% < 70% and no parser, skipping
[2026-09-09 21:56:26] --- Page 3: 50 messages ---
[2026-09-09 21:56:26] 🔄 Processing message 1: 19ff3ce4c99daa74
[2026-09-09 21:56:26] 📊 Subject: [BennyTheLion/AsafHairSalon] Possible valid secrets detected
   From: support@github.com
   Sender score: 20/40
   Content score: 25/100
   Combined confidence: 34%
   Signals: order_number_pattern
[2026-09-09 21:56:26] 🔧 No specific parser found
[2026-09-09 21:56:26] ⏭️ Confidence 34% < 70% and no parser, skipping
[2026-09-09 21:56:26] 🔄 Processing message 2: 19ff3211a52eae31
[2026-09-09 21:56:26] 📊 Subject: You shared some Google Account data with nanobanana.io
   From: noreply-accounts@google.com
   Sender score: 0/40
   Content score: 0/100
   Combined confidence: 0%
   Signals:
[2026-09-09 21:56:26] ⏭️ Confidence 0% < 20%, skipping
[2026-09-09 21:56:26] 🔄 Processing message 3: 19ff3010153d0db4
[2026-09-09 21:56:27] 📊 Subject: You shared some Google Account data with Claude
   From: noreply-accounts@google.com
   Sender score: 0/40
   Content score: 0/100
   Combined confidence: 0%
   Signals:
[2026-09-09 21:56:27] ⏭️ Confidence 0% < 20%, skipping
[2026-09-09 21:56:27] 🔄 Processing message 4: 19ff1b6978fcee18
[2026-09-09 21:56:27] 📊 Subject: 🗓️ Your connection, Alexander just had a work anniversary! Catch up with them and 2 others
   From: messages-noreply@linkedin.com
   Sender score: 20/40
   Content score: 10/100
   Combined confidence: 24%
   Signals: item_list_found
[2026-09-09 21:56:27] 🔧 No specific parser found
[2026-09-09 21:56:27] ⏭️ Confidence 24% < 70% and no parser, skipping
[2026-09-09 21:56:27] 🔄 Processing message 5: 19feb8add13444ec
[2026-09-09 21:56:27] 📊 Subject: Your receipt from Anthropic, PBC #2417-1139-2696
   From: invoice+statements@mail.anthropic.com
   Sender score: 0/40
   Content score: 25/100
   Combined confidence: 16%
   Signals: english_purchase_phrase, subject_keyword
[2026-09-09 21:56:27] ⏭️ Confidence 16% < 20%, skipping
[2026-09-09 21:56:27] 🔄 Processing message 6: 19fe2a41e0ec4aca
[2026-09-09 21:56:28] 📊 Subject: אור-טק פתרונות אלומיניום בע״מ, your performance report for July 2026
   From: businessprofile-noreply@google.com
   Sender score: 20/40
   Content score: 0/100
   Combined confidence: 18%
   Signals:
[2026-09-09 21:56:28] ⏭️ Confidence 18% < 20%, skipping
[2026-09-09 21:56:28] 🔄 Processing message 7: 19fe282dc93f133d
[2026-09-09 21:56:28] 📊 Subject: מ.מ אגר פרוייקטים, your performance report for July 2026
   From: businessprofile-noreply@google.com
   Sender score: 20/40
   Content score: 0/100
   Combined confidence: 18%
   Signals:
[2026-09-09 21:56:28] ⏭️ Confidence 18% < 20%, skipping
[2026-09-09 21:56:28] 🔄 Processing message 8: 19fe26b799e173be
[2026-09-09 21:56:28] 📊 Subject: Golden Events גולדן ארועים, your performance report for July 2026
   From: businessprofile-noreply@google.com
   Sender score: 20/40
   Content score: 25/100
   Combined confidence: 34%
   Signals: order_number_pattern
[2026-09-09 21:56:28] 🔧 No specific parser found
[2026-09-09 21:56:28] ⏭️ Confidence 34% < 70% and no parser, skipping
[2026-09-09 21:56:28] 🔄 Processing message 9: 19fded632cc1786a
[2026-09-09 21:56:29] 📊 Subject: New reasons prevent pages from being indexed on site https://phonestore.co.il/
   From: sc-noreply@google.com
   Sender score: 20/40
   Content score: 25/100
   Combined confidence: 34%
   Signals: order_number_pattern
[2026-09-09 21:56:29] 🔧 No specific parser found
[2026-09-09 21:56:29] ⏭️ Confidence 34% < 70% and no parser, skipping
[2026-09-09 21:56:29] 🔄 Processing message 10: 19fda8e53ae54b5b
[2026-09-09 21:56:29] 📊 Subject: תודה שפנית ל-LandingFlow, בדיקת אתר - www.icontrol.co.il!
   From: noreply@landingflow.co.il
   Sender score: 20/40
   Content score: 25/100
   Combined confidence: 34%
   Signals: order_number_pattern
[2026-09-09 21:56:29] 🔧 No specific parser found
[2026-09-09 21:56:29] ⏭️ Confidence 34% < 70% and no parser, skipping
[2026-09-09 21:56:29] 🔄 Processing message 11: 19fda8ddbb951b5f
[2026-09-09 21:56:29] 📊 Subject: קוד אימות — LandingFlow בדיקת אתר
   From: noreply@landingflow.co.il
   Sender score: 20/40
   Content score: 25/100
   Combined confidence: 34%
   Signals: order_number_pattern
[2026-09-09 21:56:29] 🔧 No specific parser found
[2026-09-09 21:56:29] ⏭️ Confidence 34% < 70% and no parser, skipping
[2026-09-09 21:56:29] 🔄 Processing message 12: 19fcccd8160031b5
[2026-09-09 21:56:29] 📊 Subject: See how one prompt builds a whole app
   From: no-reply@marketing.base44.com
   Sender score: 20/40
   Content score: 25/100
   Combined confidence: 34%
   Signals: order_number_pattern
[2026-09-09 21:56:29] 🔧 No specific parser found
[2026-09-09 21:56:29] ⏭️ Confidence 34% < 70% and no parser, skipping
[2026-09-09 21:56:29] 🔄 Processing message 13: 19fb4d5573318706
[2026-09-09 21:56:30] 📊 Subject: Meet the new design powers in your app
   From: no-reply@marketing.base44.com
   Sender score: 20/40
   Content score: 35/100
   Combined confidence: 40%
   Signals: order_number_pattern, item_list_found
[2026-09-09 21:56:30] 🔧 No specific parser found
[2026-09-09 21:56:30] ⏭️ Confidence 40% < 70% and no parser, skipping
[2026-09-09 21:56:30] 🔄 Processing message 14: 19fa8df7ee6f0cb6
[2026-09-09 21:56:30] 📊 Subject: What a Superagent can do in your app - live today
   From: no-reply@marketing.base44.com
   Sender score: 20/40
   Content score: 35/100
   Combined confidence: 40%
   Signals: order_number_pattern, item_list_found
[2026-09-09 21:56:30] 🔧 No specific parser found
[2026-09-09 21:56:30] ⏭️ Confidence 40% < 70% and no parser, skipping
[2026-09-09 21:56:30] 🔄 Processing message 15: 19fa758c88779f10
[2026-09-09 21:56:31] 📊 Subject: You shared some Google Account data with Claude
   From: noreply-accounts@google.com
   Sender score: 0/40
   Content score: 0/100
   Combined confidence: 0%
   Signals:
[2026-09-09 21:56:31] ⏭️ Confidence 0% < 20%, skipping
[2026-09-09 21:56:31] 🔄 Processing message 16: 19fa462543a1a402
[2026-09-09 21:56:31] 📊 Subject: New: in-app browsing, artifacts, and iOS simulator support
   From: no-reply@email.claude.com
   Sender score: 20/40
   Content score: 0/100
   Combined confidence: 18%
   Signals:
[2026-09-09 21:56:31] ⏭️ Confidence 18% < 20%, skipping
[2026-09-09 21:56:31] 🔄 Processing message 17: 19f9d96a88b9ba00
[2026-09-09 21:56:31] 📊 Subject: You now have promotional access to AI features
   From: workspace-noreply@google.com
   Sender score: 20/40
   Content score: 10/100
   Combined confidence: 24%
   Signals: item_list_found
[2026-09-09 21:56:31] 🔧 No specific parser found
[2026-09-09 21:56:31] ⏭️ Confidence 24% < 70% and no parser, skipping
[2026-09-09 21:56:31] 🔄 Processing message 18: 19f96924e17c3311
[2026-09-09 21:56:31] 📊 Subject: Your Microsoft order #2508599377 has been processed
   From: microsoft-noreply@microsoft.com
   Sender score: 20/40
   Content score: 65/100
   Combined confidence: 60%
   Signals: order_number_pattern, amount_found, item_list_found, subject_keyword
[2026-09-09 21:56:31] 🔧 No specific parser found
[2026-09-09 21:56:31] ⏭️ Confidence 60% < 70% and no parser, skipping
[2026-09-09 21:56:31] 🔄 Processing message 19: 19f965032209428b
[2026-09-09 21:56:32] 📊 Subject: Security alert
   From: no-reply@accounts.google.com
   Sender score: 20/40
   Content score: 0/100
   Combined confidence: 18%
   Signals:
[2026-09-09 21:56:32] ⏭️ Confidence 18% < 20%, skipping
[2026-09-09 21:56:32] 🔄 Processing message 20: 19f9650318984c03
[2026-09-09 21:56:32] 📊 Subject: Your Google Account was recovered successfully
   From: no-reply@accounts.google.com
   Sender score: 20/40
   Content score: 0/100
   Combined confidence: 18%
   Signals:
[2026-09-09 21:56:32] ⏭️ Confidence 18% < 20%, skipping
[2026-09-09 21:56:32] 🔄 Processing message 21: 19f964fcf64a7b35
[2026-09-09 21:56:32] 📊 Subject: קוד אימות של Google
   From: noreply@google.com
   Sender score: 20/40
   Content score: 25/100
   Combined confidence: 34%
   Signals: order_number_pattern
[2026-09-09 21:56:32] 🔧 No specific parser found
[2026-09-09 21:56:32] ⏭️ Confidence 34% < 70% and no parser, skipping
[2026-09-09 21:56:32] 🔄 Processing message 22: 19f9641fc5897467
[2026-09-09 21:56:33] 📊 Subject: הקוד החד-פעמי שלך
   From: account-security-noreply@accountprotection.microsoft.com
   Sender score: 20/40
   Content score: 25/100
   Combined confidence: 34%
   Signals: order_number_pattern
[2026-09-09 21:56:33] 🔧 No specific parser found
[2026-09-09 21:56:33] ⏭️ Confidence 34% < 70% and no parser, skipping
[2026-09-09 21:56:33] 🔄 Processing message 23: 19f96361034b758c
[2026-09-09 21:56:33] 📊 Subject: הקוד החד-פעמי שלך
   From: account-security-noreply@accountprotection.microsoft.com
   Sender score: 20/40
   Content score: 25/100
   Combined confidence: 34%
   Signals: order_number_pattern
[2026-09-09 21:56:33] 🔧 No specific parser found
[2026-09-09 21:56:33] ⏭️ Confidence 34% < 70% and no parser, skipping
[2026-09-09 21:56:33] 🔄 Processing message 24: 19f95f214eed9cab
[2026-09-09 21:56:33] 📊 Subject: עומר הפסיק לשתף את פעילות Xbox שלו איתך
   From: xbox-noreply@microsoft.com
   Sender score: 20/40
   Content score: 25/100
   Combined confidence: 34%
   Signals: order_number_pattern
[2026-09-09 21:56:33] 🔧 No specific parser found
[2026-09-09 21:56:33] ⏭️ Confidence 34% < 70% and no parser, skipping
[2026-09-09 21:56:33] 🔄 Processing message 25: 19f95c42d92a022d
[2026-09-09 21:56:33] 📊 Subject: הקוד החד-פעמי שלך
   From: account-security-noreply@accountprotection.microsoft.com
   Sender score: 20/40
   Content score: 25/100
   Combined confidence: 34%
   Signals: order_number_pattern
[2026-09-09 21:56:33] 🔧 No specific parser found
[2026-09-09 21:56:33] ⏭️ Confidence 34% < 70% and no parser, skipping
[2026-09-09 21:56:33] 🔄 Processing message 26: 19f9553c4016a148
[2026-09-09 21:57:31] [2026-09-09 21:57:31] ===== START SYNC =====
Query: ((subject:"order confirmation" OR subject:"order receipt" OR subject:"purchase confirmation" OR subject:"payment confirmation" OR subject:"payment receipt" OR subject:"invoice" OR subject:"receipt" OR subject:"your order" OR subject:"order summary" OR subject:"order details" OR subject:"order shipped" OR subject:"order dispatched" OR subject:"shipment confirmation" OR subject:"delivery confirmation" OR subject:"thank you for your purchase" OR subject:"thank you for your order" OR subject:"billing confirmation" OR subject:"transaction receipt" OR subject:"your purchase" OR subject:"אישור הזמנה" OR subject:"אישור רכישה" OR subject:"חשבונית" OR subject:"קבלה" OR subject:"פרטי הזמנה" OR subject:"סיכום הזמנה" OR subject:"ההזמנה שלך" OR subject:"הרכישה שלך" OR subject:"תודה על הזמנתך" OR subject:"תודה על רכישתך" OR subject:"אישור תשלום" OR subject:"אישור עסקה" OR subject:"חשבונית מס" OR subject:"חשבונית עסקה" OR subject:"הזמנתך התקבלה" OR subject:"הרכישה התקבלה" OR subject:"מסמך עסקה" OR subject:"פרטי עסקה" OR subject:"אסמכתא" OR subject:"מספר הזמנה") OR (from:noreply@amazon OR from:order@amazon OR from:shipment-tracking@amazon OR from:auto-confirm@amazon OR from:orders@aliexpress OR from:noreply@aliexpress OR from:ebay@ebay OR from:noreply@ebay OR from:service@paypal OR from:service@intl.paypal.com OR from:receipts@ OR from:orders@ OR from:billing@ OR from:invoice@ OR from:noreply@ OR from:no-reply@ OR from:confirmation@ OR from:support@ OR from:online@ksp.co.il OR from:noreply@ivory.co.il OR from:orders@bug.co.il OR from:noreply@zap.co.il OR from:noreply@superspharm.co.il OR from:noreply@shufersal.co.il OR from:noreply@rami-levy.co.il OR from:orders@terminalx.com OR from:noreply@adika.com OR from:noreply@golf.co.il OR from:noreply@factory54.co.il OR from:orders@shein.com OR from:noreply@Castro.co.il OR from:noreply@renuar.co.il OR from:noreply@HOmydesign.com OR from:noreply@ace.co.il OR from:noreply@ikea.com OR from:info@terminalx.com))
[2026-09-09 21:57:31] --- Page 1: 50 messages ---
[2026-09-09 21:57:31] 🔄 Processing message 1: 1a0879afe4c58802
[2026-09-09 21:57:31] ⏭️ Already processed, skipping
[2026-09-09 21:57:31] 🔄 Processing message 2: 1a0878ebab04c07e
[2026-09-09 21:57:31] ⏭️ Already processed, skipping
[2026-09-09 21:57:31] 🔄 Processing message 3: 1a0878dccf87f4ec
[2026-09-09 21:57:31] ⏭️ Already processed, skipping
[2026-09-09 21:57:31] 🔄 Processing message 4: 1a0877701d34abe7
[2026-09-09 21:57:31] ⏭️ Already processed, skipping
[2026-09-09 21:57:31] 🔄 Processing message 5: 1a086ffe528a226b
[2026-09-09 21:57:31] ⏭️ Already processed, skipping
[2026-09-09 21:57:31] 🔄 Processing message 6: 1a086d872453dc83
[2026-09-09 21:57:31] ⏭️ Already processed, skipping
[2026-09-09 21:57:31] 🔄 Processing message 7: 1a07af44c9b042cc
[2026-09-09 21:57:31] ⏭️ Already processed, skipping
[2026-09-09 21:57:31] 🔄 Processing message 8: 1a07af3bbceafbb6
[2026-09-09 21:57:31] ⏭️ Already processed, skipping
[2026-09-09 21:57:31] 🔄 Processing message 9: 1a078cbcc1407555
[2026-09-09 21:57:31] ⏭️ Already processed, skipping
[2026-09-09 21:57:31] 🔄 Processing message 10: 1a0788117dde9098
[2026-09-09 21:57:31] ⏭️ Already processed, skipping
[2026-09-09 21:57:31] 🔄 Processing message 11: 1a072b15a66e0bed
[2026-09-09 21:57:31] ⏭️ Already processed, skipping
[2026-09-09 21:57:31] 🔄 Processing message 12: 1a072b038d0cd6c9
[2026-09-09 21:57:31] ⏭️ Already processed, skipping
[2026-09-09 21:57:31] 🔄 Processing message 13: 1a06b5816471b47a
[2026-09-09 21:57:31] ⏭️ Already processed, skipping
[2026-09-09 21:57:31] 🔄 Processing message 14: 1a06b57f4ce021c6
[2026-09-09 21:57:31] ⏭️ Already processed, skipping
[2026-09-09 21:57:31] 🔄 Processing message 15: 1a06b4fe2a70b3b7
[2026-09-09 21:57:31] ⏭️ Already processed, skipping
[2026-09-09 21:57:31] 🔄 Processing message 16: 1a06ae28005719c3
[2026-09-09 21:57:31] ⏭️ Already processed, skipping
[2026-09-09 21:57:31] 🔄 Processing message 17: 1a06adf5d070f24d
[2026-09-09 21:57:31] ⏭️ Already processed, skipping
[2026-09-09 21:57:31] 🔄 Processing message 18: 1a069a83ae6b9557
[2026-09-09 21:57:31] ⏭️ Already processed, skipping
[2026-09-09 21:57:31] 🔄 Processing message 19: 1a06938b6ca7c58c
[2026-09-09 21:57:31] ⏭️ Already processed, skipping
[2026-09-09 21:57:31] 🔄 Processing message 20: 1a068acbd084e0e8
[2026-09-09 21:57:31] ⏭️ Already processed, skipping
[2026-09-09 21:57:31] 🔄 Processing message 21: 1a067e1343559918
[2026-09-09 21:57:31] ⏭️ Already processed, skipping
[2026-09-09 21:57:31] 🔄 Processing message 22: 1a064655284854fc
[2026-09-09 21:57:31] ⏭️ Already processed, skipping
[2026-09-09 21:57:31] 🔄 Processing message 23: 1a062bfd535a47a9
[2026-09-09 21:57:31] ⏭️ Already processed, skipping
[2026-09-09 21:57:31] 🔄 Processing message 24: 1a05e9b68ba42753
[2026-09-09 21:57:31] ⏭️ Already processed, skipping
[2026-09-09 21:57:31] 🔄 Processing message 25: 1a05d6b39f51633f
[2026-09-09 21:57:31] ⏭️ Already processed, skipping
[2026-09-09 21:57:31] 🔄 Processing message 26: 1a0580efb954de52
[2026-09-09 21:57:31] ⏭️ Already processed, skipping
[2026-09-09 21:57:31] 🔄 Processing message 27: 1a05785599eeae78
[2026-09-09 21:57:31] ⏭️ Already processed, skipping
[2026-09-09 21:57:31] 🔄 Processing message 28: 1a04f22ed507fd48
[2026-09-09 21:57:31] ⏭️ Already processed, skipping
[2026-09-09 21:57:31] 🔄 Processing message 29: 1a04a7145208686d
[2026-09-09 21:57:31] ⏭️ Already processed, skipping
[2026-09-09 21:57:31] 🔄 Processing message 30: 1a04886218d69ab2
[2026-09-09 21:57:31] ⏭️ Already processed, skipping
[2026-09-09 21:57:31] 🔄 Processing message 31: 1a045f32d696ba73
[2026-09-09 21:57:31] ⏭️ Already processed, skipping
[2026-09-09 21:57:31] 🔄 Processing message 32: 1a04491b524fe24e
[2026-09-09 21:57:31] ⏭️ Already processed, skipping
[2026-09-09 21:57:31] 🔄 Processing message 33: 1a042c84575c0333
[2026-09-09 21:57:31] ⏭️ Already processed, skipping
[2026-09-09 21:57:31] 🔄 Processing message 34: 1a042bfc7c1eff66
[2026-09-09 21:57:31] ⏭️ Already processed, skipping
[2026-09-09 21:57:31] 🔄 Processing message 35: 1a042bfc5c40505e
[2026-09-09 21:57:31] ⏭️ Already processed, skipping
[2026-09-09 21:57:31] 🔄 Processing message 36: 1a042ba38f8b2501
[2026-09-09 21:57:31] ⏭️ Already processed, skipping
[2026-09-09 21:57:31] 🔄 Processing message 37: 1a040aa1c8c14d0b
[2026-09-09 21:57:31] ⏭️ Already processed, skipping
[2026-09-09 21:57:31] 🔄 Processing message 38: 1a040a0bfb850828
[2026-09-09 21:57:31] ⏭️ Already processed, skipping
[2026-09-09 21:57:31] 🔄 Processing message 39: 1a040797b01d7e28
[2026-09-09 21:57:31] ⏭️ Already processed, skipping
[2026-09-09 21:57:31] 🔄 Processing message 40: 1a03e5f9d23e3609
[2026-09-09 21:57:31] ⏭️ Already processed, skipping
[2026-09-09 21:57:31] 🔄 Processing message 41: 1a03e44e88791e24
[2026-09-09 21:57:31] ⏭️ Already processed, skipping
[2026-09-09 21:57:31] 🔄 Processing message 42: 1a03e058e4494179
[2026-09-09 21:57:31] ⏭️ Already processed, skipping
[2026-09-09 21:57:31] 🔄 Processing message 43: 1a03e057d2b006f5
[2026-09-09 21:57:31] ⏭️ Already processed, skipping
[2026-09-09 21:57:31] 🔄 Processing message 44: 1a03e052ed7e1fde
[2026-09-09 21:57:31] ⏭️ Already processed, skipping
[2026-09-09 21:57:31] 🔄 Processing message 45: 1a03dd2819990242
[2026-09-09 21:57:31] ⏭️ Already processed, skipping
[2026-09-09 21:57:31] 🔄 Processing message 46: 1a03c0ffb301ff13
[2026-09-09 21:57:31] ⏭️ Already processed, skipping
[2026-09-09 21:57:31] 🔄 Processing message 47: 1a03b246b3561638
[2026-09-09 21:57:31] ⏭️ Already processed, skipping
[2026-09-09 21:57:31] 🔄 Processing message 48: 1a03aa73fd97b523
[2026-09-09 21:57:31] ⏭️ Already processed, skipping
[2026-09-09 21:57:31] 🔄 Processing message 49: 1a03974eda795b95
[2026-09-09 21:57:31] ⏭️ Already processed, skipping
[2026-09-09 21:57:31] 🔄 Processing message 50: 1a03974e8591af48
[2026-09-09 21:57:31] ⏭️ Already processed, skipping
[2026-09-09 21:57:32] --- Page 2: 50 messages ---
[2026-09-09 21:57:32] 🔄 Processing message 1: 1a0394fad43666f4
[2026-09-09 21:57:32] ⏭️ Already processed, skipping
[2026-09-09 21:57:32] 🔄 Processing message 2: 1a0394f61e44bbc1
[2026-09-09 21:57:32] ⏭️ Already processed, skipping
[2026-09-09 21:57:32] 🔄 Processing message 3: 1a02eb5346c052c2
[2026-09-09 21:57:32] ⏭️ Already processed, skipping
[2026-09-09 21:57:32] 🔄 Processing message 4: 1a02e45d5135edb6
[2026-09-09 21:57:32] ⏭️ Already processed, skipping
[2026-09-09 21:57:32] 🔄 Processing message 5: 1a029cd2c55290ec
[2026-09-09 21:57:32] ⏭️ Already processed, skipping
[2026-09-09 21:57:32] 🔄 Processing message 6: 1a0277695352f32e
[2026-09-09 21:57:32] ⏭️ Already processed, skipping
[2026-09-09 21:57:32] 🔄 Processing message 7: 1a025f26a7372d01
[2026-09-09 21:57:32] ⏭️ Already processed, skipping
[2026-09-09 21:57:32] 🔄 Processing message 8: 1a023bdaa60d6b76
[2026-09-09 21:57:32] ⏭️ Already processed, skipping
[2026-09-09 21:57:32] 🔄 Processing message 9: 1a022502d747a9eb
[2026-09-09 21:57:32] ⏭️ Already processed, skipping
[2026-09-09 21:57:32] 🔄 Processing message 10: 1a0224a474fb6fa0
[2026-09-09 21:57:32] ⏭️ Already processed, skipping
[2026-09-09 21:57:32] 🔄 Processing message 11: 1a02219329c6c311
[2026-09-09 21:57:32] ⏭️ Already processed, skipping
[2026-09-09 21:57:32] 🔄 Processing message 12: 1a021d5907488839
[2026-09-09 21:57:32] ⏭️ Already processed, skipping
[2026-09-09 21:57:32] 🔄 Processing message 13: 1a021c99f568dd99
[2026-09-09 21:57:32] ⏭️ Already processed, skipping
[2026-09-09 21:57:32] 🔄 Processing message 14: 1a021c7347e3216f
[2026-09-09 21:57:32] ⏭️ Already processed, skipping
[2026-09-09 21:57:32] 🔄 Processing message 15: 1a021c5365251ba9
[2026-09-09 21:57:32] ⏭️ Already processed, skipping
[2026-09-09 21:57:32] 🔄 Processing message 16: 1a021c51a5091d3b
[2026-09-09 21:57:32] ⏭️ Already processed, skipping
[2026-09-09 21:57:32] 🔄 Processing message 17: 1a021c4bf2917b40
[2026-09-09 21:57:32] ⏭️ Already processed, skipping
[2026-09-09 21:57:32] 🔄 Processing message 18: 1a0218f473635745
[2026-09-09 21:57:32] ⏭️ Already processed, skipping
[2026-09-09 21:57:32] 🔄 Processing message 19: 1a0218f3f1dc6f0f
[2026-09-09 21:57:32] ⏭️ Already processed, skipping
[2026-09-09 21:57:32] 🔄 Processing message 20: 1a0218ecd191a0a2
[2026-09-09 21:57:32] ⏭️ Already processed, skipping
[2026-09-09 21:57:32] 🔄 Processing message 21: 1a021789e48a70e3
[2026-09-09 21:57:32] ⏭️ Already processed, skipping
[2026-09-09 21:57:32] 🔄 Processing message 22: 1a021788deb1123e
[2026-09-09 21:57:32] ⏭️ Already processed, skipping
[2026-09-09 21:57:32] 🔄 Processing message 23: 1a0217827a607114
[2026-09-09 21:57:32] ⏭️ Already processed, skipping
[2026-09-09 21:57:32] 🔄 Processing message 24: 1a0206d13ea1c7f8
[2026-09-09 21:57:32] ⏭️ Already processed, skipping
[2026-09-09 21:57:32] 🔄 Processing message 25: 1a01cf34705fe205
[2026-09-09 21:57:32] ⏭️ Already processed, skipping
[2026-09-09 21:57:32] 🔄 Processing message 26: 1a01ca1e854bcf31
[2026-09-09 21:57:32] ⏭️ Already processed, skipping
[2026-09-09 21:57:32] 🔄 Processing message 27: 1a01c891d67b1da8
[2026-09-09 21:57:32] ⏭️ Already processed, skipping
[2026-09-09 21:57:32] 🔄 Processing message 28: 1a01c6617fd04801
[2026-09-09 21:57:32] ⏭️ Already processed, skipping
[2026-09-09 21:57:32] 🔄 Processing message 29: 1a01c61e484fff48
[2026-09-09 21:57:32] ⏭️ Already processed, skipping
[2026-09-09 21:57:32] 🔄 Processing message 30: 1a01c3f65a4a86cf
[2026-09-09 21:57:32] ⏭️ Already processed, skipping
[2026-09-09 21:57:32] 🔄 Processing message 31: 1a01c39eff40be0b
[2026-09-09 21:57:32] ⏭️ Already processed, skipping
[2026-09-09 21:57:32] 🔄 Processing message 32: 1a01c3405ed525f8
[2026-09-09 21:57:32] ⏭️ Already processed, skipping
[2026-09-09 21:57:32] 🔄 Processing message 33: 1a01bfb85c4cc1c6
[2026-09-09 21:57:32] ⏭️ Already processed, skipping
[2026-09-09 21:57:32] 🔄 Processing message 34: 1a01b0daa4aab0f4
[2026-09-09 21:57:32] ⏭️ Already processed, skipping
[2026-09-09 21:57:32] 🔄 Processing message 35: 1a018adeb3cce9fd
[2026-09-09 21:57:32] ⏭️ Already processed, skipping
[2026-09-09 21:57:32] 🔄 Processing message 36: 1a014ca1ec72d544
[2026-09-09 21:57:32] ⏭️ Already processed, skipping
[2026-09-09 21:57:32] 🔄 Processing message 37: 1a00fa280b02c91c
[2026-09-09 21:57:32] ⏭️ Already processed, skipping
[2026-09-09 21:57:32] 🔄 Processing message 38: 1a00f111cbde4c73
[2026-09-09 21:57:32] ⏭️ Already processed, skipping
[2026-09-09 21:57:32] 🔄 Processing message 39: 1a00ce7395aecf7c
[2026-09-09 21:57:32] ⏭️ Already processed, skipping
[2026-09-09 21:57:32] 🔄 Processing message 40: 19fff923807bcbc0
[2026-09-09 21:57:32] ⏭️ Already processed, skipping
[2026-09-09 21:57:32] 🔄 Processing message 41: 19fff8f592aa832b
[2026-09-09 21:57:32] ⏭️ Already processed, skipping
[2026-09-09 21:57:32] 🔄 Processing message 42: 19fff8e13dc652b5
[2026-09-09 21:57:32] ⏭️ Already processed, skipping
[2026-09-09 21:57:32] 🔄 Processing message 43: 19ffed30790971ef
[2026-09-09 21:57:32] ⏭️ Already processed, skipping
[2026-09-09 21:57:32] 🔄 Processing message 44: 19ffdf993c158ef0
[2026-09-09 21:57:32] ⏭️ Already processed, skipping
[2026-09-09 21:57:32] 🔄 Processing message 45: 19ffb89e0ea9ab49
[2026-09-09 21:57:32] ⏭️ Already processed, skipping
[2026-09-09 21:57:32] 🔄 Processing message 46: 19ffb88f40ed7d03
[2026-09-09 21:57:32] ⏭️ Already processed, skipping
[2026-09-09 21:57:32] 🔄 Processing message 47: 19ffb6fc1e4d8215
[2026-09-09 21:57:32] ⏭️ Already processed, skipping
[2026-09-09 21:57:32] 🔄 Processing message 48: 19ff76bc4d19e91d
[2026-09-09 21:57:32] ⏭️ Already processed, skipping
[2026-09-09 21:57:32] 🔄 Processing message 49: 19ff4cc338771611
[2026-09-09 21:57:32] ⏭️ Already processed, skipping
[2026-09-09 21:57:32] 🔄 Processing message 50: 19ff4cc294ee71f3
[2026-09-09 21:57:32] ⏭️ Already processed, skipping
[2026-09-09 21:57:32] --- Page 3: 50 messages ---
[2026-09-09 21:57:32] 🔄 Processing message 1: 19ff3ce4c99daa74
[2026-09-09 21:57:32] ⏭️ Already processed, skipping
[2026-09-09 21:57:32] 🔄 Processing message 2: 19ff3211a52eae31
[2026-09-09 21:57:32] ⏭️ Already processed, skipping
[2026-09-09 21:57:32] 🔄 Processing message 3: 19ff3010153d0db4
[2026-09-09 21:57:32] ⏭️ Already processed, skipping
[2026-09-09 21:57:32] 🔄 Processing message 4: 19ff1b6978fcee18
[2026-09-09 21:57:32] ⏭️ Already processed, skipping
[2026-09-09 21:57:32] 🔄 Processing message 5: 19feb8add13444ec
[2026-09-09 21:57:32] ⏭️ Already processed, skipping
[2026-09-09 21:57:32] 🔄 Processing message 6: 19fe2a41e0ec4aca
[2026-09-09 21:57:32] ⏭️ Already processed, skipping
[2026-09-09 21:57:32] 🔄 Processing message 7: 19fe282dc93f133d
[2026-09-09 21:57:32] ⏭️ Already processed, skipping
[2026-09-09 21:57:32] 🔄 Processing message 8: 19fe26b799e173be
[2026-09-09 21:57:32] ⏭️ Already processed, skipping
[2026-09-09 21:57:32] 🔄 Processing message 9: 19fded632cc1786a
[2026-09-09 21:57:32] ⏭️ Already processed, skipping
[2026-09-09 21:57:32] 🔄 Processing message 10: 19fda8e53ae54b5b
[2026-09-09 21:57:32] ⏭️ Already processed, skipping
[2026-09-09 21:57:32] 🔄 Processing message 11: 19fda8ddbb951b5f
[2026-09-09 21:57:32] ⏭️ Already processed, skipping
[2026-09-09 21:57:32] 🔄 Processing message 12: 19fcccd8160031b5
[2026-09-09 21:57:32] ⏭️ Already processed, skipping
[2026-09-09 21:57:32] 🔄 Processing message 13: 19fb4d5573318706
[2026-09-09 21:57:32] ⏭️ Already processed, skipping
[2026-09-09 21:57:32] 🔄 Processing message 14: 19fa8df7ee6f0cb6
[2026-09-09 21:57:32] ⏭️ Already processed, skipping
[2026-09-09 21:57:32] 🔄 Processing message 15: 19fa758c88779f10
[2026-09-09 21:57:32] ⏭️ Already processed, skipping
[2026-09-09 21:57:32] 🔄 Processing message 16: 19fa462543a1a402
[2026-09-09 21:57:32] ⏭️ Already processed, skipping
[2026-09-09 21:57:32] 🔄 Processing message 17: 19f9d96a88b9ba00
[2026-09-09 21:57:32] ⏭️ Already processed, skipping
[2026-09-09 21:57:32] 🔄 Processing message 18: 19f96924e17c3311
[2026-09-09 21:57:32] ⏭️ Already processed, skipping
[2026-09-09 21:57:32] 🔄 Processing message 19: 19f965032209428b
[2026-09-09 21:57:32] ⏭️ Already processed, skipping
[2026-09-09 21:57:32] 🔄 Processing message 20: 19f9650318984c03
[2026-09-09 21:57:32] ⏭️ Already processed, skipping
[2026-09-09 21:57:32] 🔄 Processing message 21: 19f964fcf64a7b35
[2026-09-09 21:57:32] ⏭️ Already processed, skipping
[2026-09-09 21:57:32] 🔄 Processing message 22: 19f9641fc5897467
[2026-09-09 21:57:32] ⏭️ Already processed, skipping
[2026-09-09 21:57:32] 🔄 Processing message 23: 19f96361034b758c
[2026-09-09 21:57:32] ⏭️ Already processed, skipping
[2026-09-09 21:57:32] 🔄 Processing message 24: 19f95f214eed9cab
[2026-09-09 21:57:32] ⏭️ Already processed, skipping
[2026-09-09 21:57:32] 🔄 Processing message 25: 19f95c42d92a022d
[2026-09-09 21:57:32] ⏭️ Already processed, skipping
[2026-09-09 21:57:32] 🔄 Processing message 26: 19f9553c4016a148
[2026-09-09 21:57:33] 📊 Subject: הקוד החד-פעמי שלך
   From: account-security-noreply@accountprotection.microsoft.com
   Sender score: 20/40
   Content score: 25/100
   Combined confidence: 34%
   Signals: order_number_pattern
[2026-09-09 21:57:33] 🔧 No specific parser found
[2026-09-09 21:57:33] ⏭️ Confidence 34% < 70% and no parser, skipping
[2026-09-09 21:57:33] 🔄 Processing message 27: 19f9543ed8ded167
[2026-09-09 21:57:33] 📊 Subject: הקוד החד-פעמי שלך
   From: account-security-noreply@accountprotection.microsoft.com
   Sender score: 20/40
   Content score: 25/100
   Combined confidence: 34%
   Signals: order_number_pattern
[2026-09-09 21:57:33] 🔧 No specific parser found
[2026-09-09 21:57:33] ⏭️ Confidence 34% < 70% and no parser, skipping
[2026-09-09 21:57:33] 🔄 Processing message 28: 19f953f4577984e0
[2026-09-09 21:57:34] 📊 Subject: Receipt for Your Payment to Microsoft Payments U...
   From: service@paypal.co.il
   Sender score: 20/40
   Content score: 55/100
   Combined confidence: 53%
   Signals: amount_found, english_purchase_phrase, item_list_found, subject_keyword
[2026-09-09 21:57:34] 🔧 Parser: MyOrdersVault\Parsers\PayPalParser
   Extracted: YES (#7Y126883DW438903D)
[2026-09-09 21:57:34] ✅ WILL SAVE: Receipt for Your Payment to Microsoft Payments U... - Confidence: 53%
[2026-09-09 21:57:34] ✅ Cleaned order number: 7Y126883DW438903D (paypal)
[2026-09-09 21:57:34] 📧 Using from_email as customer email: service@paypal.co.il
[2026-09-09 21:57:34] 💾 gmail_messages ID: 356
   Order save: SUCCESS (ID: 110)
   Reason: parser_success_confidence_53
   Customer email: service@paypal.co.il
   Order number valid: YES
[2026-09-09 21:57:34] 🔄 Processing message 29: 19f953c184caa762
[2026-09-09 21:57:35] 📊 Subject: נוספו פרטי אבטחה לחשבון Microsoft
   From: account-security-noreply@accountprotection.microsoft.com
   Sender score: 20/40
   Content score: 25/100
   Combined confidence: 34%
   Signals: order_number_pattern
[2026-09-09 21:57:35] 🔧 No specific parser found
[2026-09-09 21:57:35] ⏭️ Confidence 34% < 70% and no parser, skipping
[2026-09-09 21:57:35] 🔄 Processing message 30: 19f925892a5c1422
[2026-09-09 21:57:35] 📊 Subject: Fable 5 has moved to usage credits
   From: no-reply@email.claude.com
   Sender score: 20/40
   Content score: 0/100
   Combined confidence: 18%
   Signals:
[2026-09-09 21:57:35] ⏭️ Confidence 18% < 20%, skipping
[2026-09-09 21:57:35] 🔄 Processing message 31: 19f9138bf7d764a6
[2026-09-09 21:57:36] 📊 Subject: Your receipt from Anthropic, PBC #2069-7752-6540
   From: invoice+statements@mail.anthropic.com
   Sender score: 0/40
   Content score: 25/100
   Combined confidence: 16%
   Signals: english_purchase_phrase, subject_keyword
[2026-09-09 21:57:36] ⏭️ Confidence 16% < 20%, skipping
[2026-09-09 21:57:36] 🔄 Processing message 32: 19f91308cd47dfe2
[2026-09-09 21:57:36] 📊 Subject: You shared some Google Account data with Claude
   From: noreply-accounts@google.com
   Sender score: 0/40
   Content score: 0/100
   Combined confidence: 0%
   Signals:
[2026-09-09 21:57:36] ⏭️ Confidence 0% < 20%, skipping
[2026-09-09 21:57:36] 🔄 Processing message 33: 19f8fe817ba033e3
[2026-09-09 21:57:37] 📊 Subject: Security alert: new passkey added to your Claude account
   From: no-reply-snN_sq2bgeSFNRzcAnG-2w@mail.anthropic.com
   Sender score: 0/40
   Content score: 0/100
   Combined confidence: 0%
   Signals:
[2026-09-09 21:57:37] ⏭️ Confidence 0% < 20%, skipping
[2026-09-09 21:57:37] 🔄 Processing message 34: 19f8fe78d04c0cfc
[2026-09-09 21:57:37] 📊 Subject: Security alert: new trusted device added to your Claude account
   From: no-reply-hcqH7rbsonlEQrAgA2hpPw@mail.anthropic.com
   Sender score: 0/40
   Content score: 0/100
   Combined confidence: 0%
   Signals:
[2026-09-09 21:57:37] ⏭️ Confidence 0% < 20%, skipping
[2026-09-09 21:57:37] 🔄 Processing message 35: 19f8fe77b81f576b
[2026-09-09 21:57:38] 📊 Subject: You shared some Google Account data with Claude
   From: noreply-accounts@google.com
   Sender score: 0/40
   Content score: 0/100
   Combined confidence: 0%
   Signals:
[2026-09-09 21:57:38] ⏭️ Confidence 0% < 20%, skipping
[2026-09-09 21:57:38] 🔄 Processing message 36: 19f8ef75678ef57a
[2026-09-09 21:57:38] 📊 Subject: You shared some Google Account data with openrouter.ai
   From: noreply-accounts@google.com
   Sender score: 0/40
   Content score: 0/100
   Combined confidence: 0%
   Signals:
[2026-09-09 21:57:38] ⏭️ Confidence 0% < 20%, skipping
[2026-09-09 21:57:38] 🔄 Processing message 37: 19f8ef7091ce13ad
[2026-09-09 21:57:39] 📊 Subject: Unrecognized device signed in to your OpenRouter account
   From: noreply@openrouter.ai
   Sender score: 20/40
   Content score: 0/100
   Combined confidence: 18%
   Signals:
[2026-09-09 21:57:39] ⏭️ Confidence 18% < 20%, skipping
[2026-09-09 21:57:39] 🔄 Processing message 38: 19f8b4e4d3193016
[2026-09-09 21:57:39] 📊 Subject: You shared some Google Account data with Claude
   From: noreply-accounts@google.com
   Sender score: 0/40
   Content score: 0/100
   Combined confidence: 0%
   Signals:
[2026-09-09 21:57:39] ⏭️ Confidence 0% < 20%, skipping
[2026-09-09 21:57:39] 🔄 Processing message 39: 19f8b1dc3ca3e928
[2026-09-09 21:57:40] 📊 Subject: You shared some Google Account data with Vercel
   From: noreply-accounts@google.com
   Sender score: 0/40
   Content score: 0/100
   Combined confidence: 0%
   Signals:
[2026-09-09 21:57:40] ⏭️ Confidence 0% < 20%, skipping
[2026-09-09 21:57:40] 🔄 Processing message 40: 19f8af7351cda80e
[2026-09-09 21:57:41] 📊 Subject: 500 credits for the best game on Base44
   From: no-reply@marketing.base44.com
   Sender score: 20/40
   Content score: 35/100
   Combined confidence: 40%
   Signals: order_number_pattern, item_list_found
[2026-09-09 21:57:41] 🔧 No specific parser found
[2026-09-09 21:57:41] ⏭️ Confidence 40% < 70% and no parser, skipping
[2026-09-09 21:57:41] 🔄 Processing message 41: 19f899ad48f237cf
[2026-09-09 21:57:41] 📊 Subject: Ship your first major feature with Claude Code
   From: no-reply@email.claude.com
   Sender score: 20/40
   Content score: 10/100
   Combined confidence: 24%
   Signals: shipping_signal
[2026-09-09 21:57:41] 🔧 No specific parser found
[2026-09-09 21:57:41] ⏭️ Confidence 24% < 70% and no parser, skipping
[2026-09-09 21:57:41] 🔄 Processing message 42: 19f89128e6d6117f
[2026-09-09 21:57:42] 📊 Subject: Glassdoor is now part of Indeed
   From: noreply@glassdoor.com
   Sender score: 20/40
   Content score: 10/100
   Combined confidence: 24%
   Signals: item_list_found
[2026-09-09 21:57:42] 🔧 No specific parser found
[2026-09-09 21:57:42] ⏭️ Confidence 24% < 70% and no parser, skipping
[2026-09-09 21:57:42] 🔄 Processing message 43: 19f85802e3130a99
[2026-09-09 21:57:42] 📊 Subject: All your marketing data. One dashboard
   From: analytics-noreply@google.com
   Sender score: 20/40
   Content score: 0/100
   Combined confidence: 18%
   Signals:
[2026-09-09 21:57:42] ⏭️ Confidence 18% < 20%, skipping
[2026-09-09 21:57:42] 🔄 Processing message 44: 19f84628b4cca255
[2026-09-09 21:57:43] 📊 Subject: Expiring soon: Your free month of ChatGPT Plus
   From: noreply@email.openai.com
   Sender score: 20/40
   Content score: 0/100
   Combined confidence: 18%
   Signals:
[2026-09-09 21:57:43] ⏭️ Confidence 18% < 20%, skipping
[2026-09-09 21:57:43] 🔄 Processing message 45: 19f8185e8df0b65f
[2026-09-09 21:57:43] 📊 Subject: [Action Advised] Move your Google Maps development environments to Apple Silicon by Q3 2026
   From: google-maps-platform-noreply@google.com
   Sender score: 20/40
   Content score: 0/100
   Combined confidence: 18%
   Signals:
[2026-09-09 21:57:43] ⏭️ Confidence 18% < 20%, skipping
[2026-09-09 21:57:43] 🔄 Processing message 46: 19f80b1f70c2dbb7
[2026-09-09 21:57:44] 📊 Subject: New: Multi-step workflows right inside your app
   From: no-reply@marketing.base44.com
   Sender score: 20/40
   Content score: 35/100
   Combined confidence: 40%
   Signals: order_number_pattern, item_list_found
[2026-09-09 21:57:44] 🔧 No specific parser found
[2026-09-09 21:57:44] ⏭️ Confidence 40% < 70% and no parser, skipping
[2026-09-09 21:57:44] 🔄 Processing message 47: 19f805471a296386
[2026-09-09 21:57:45] 📊 Subject: INVOICE
   From: blinds4u@hunterdouglas.co.il
   Sender score: 0/40
   Content score: 10/100
   Combined confidence: 7%
   Signals: subject_keyword
[2026-09-09 21:57:45] ⏭️ Confidence 7% < 20%, skipping
[2026-09-09 21:57:45] 🔄 Processing message 48: 19f7a27c76315ff4
[2026-09-09 21:57:45] 📊 Subject: Welcome to Claude Code
   From: no-reply@email.claude.com
   Sender score: 20/40
   Content score: 0/100
   Combined confidence: 18%
   Signals:
[2026-09-09 21:57:45] ⏭️ Confidence 18% < 20%, skipping
[2026-09-09 21:57:45] 🔄 Processing message 49: 19f7175417cd66fd
[2026-09-09 21:57:46] 📊 Subject: You shared some Google Account data with magnific.com
   From: noreply-accounts@google.com
   Sender score: 0/40
   Content score: 0/100
   Combined confidence: 0%
   Signals:
[2026-09-09 21:57:46] ⏭️ Confidence 0% < 20%, skipping
[2026-09-09 21:57:46] 🔄 Processing message 50: 19f70b5c8fa6b5e8
[2026-09-09 21:57:46] 📊 Subject: Security alert
   From: no-reply@accounts.google.com
   Sender score: 20/40
   Content score: 0/100
   Combined confidence: 18%
   Signals:
[2026-09-09 21:57:46] ⏭️ Confidence 18% < 20%, skipping
[2026-09-09 21:57:47] --- Page 4: 50 messages ---
[2026-09-09 21:57:47] 🔄 Processing message 1: 19f6ff7fc53a0467
[2026-09-09 21:57:47] 📊 Subject: 5,000 credits are up for grabs this weekend
   From: no-reply@marketing.base44.com
   Sender score: 20/40
   Content score: 25/100
   Combined confidence: 34%
   Signals: order_number_pattern
[2026-09-09 21:57:47] 🔧 No specific parser found
[2026-09-09 21:57:47] ⏭️ Confidence 34% < 70% and no parser, skipping
[2026-09-09 21:57:47] 🔄 Processing message 2: 19f6d4241af23b05
[2026-09-09 21:57:48] 📊 Subject: Receipt for Your Payment to Google Payment Limit...
   From: service@paypal.co.il
   Sender score: 20/40
   Content score: 55/100
   Combined confidence: 53%
   Signals: amount_found, english_purchase_phrase, item_list_found, subject_keyword
[2026-09-09 21:57:48] 🔧 Parser: MyOrdersVault\Parsers\PayPalParser
   Extracted: YES (#8VK59758G3416784S)
[2026-09-09 21:57:48] ✅ WILL SAVE: Receipt for Your Payment to Google Payment Limit... - Confidence: 53%
[2026-09-09 21:57:48] ✅ Cleaned order number: 8VK59758G3416784S (paypal)
[2026-09-09 21:57:48] 📧 Using from_email as customer email: service@paypal.co.il
[2026-09-09 21:57:48] 💾 gmail_messages ID: 381
   Order save: SUCCESS (ID: 111)
   Reason: parser_success_confidence_53
   Customer email: service@paypal.co.il
   Order number valid: YES
[2026-09-09 21:57:48] 🔄 Processing message 3: 19f6b392bdcff061
[2026-09-09 21:57:48] 📊 Subject: You shared some Google Account data with buysellcyprus.com
   From: noreply-accounts@google.com
   Sender score: 0/40
   Content score: 0/100
   Combined confidence: 0%
   Signals:
[2026-09-09 21:57:48] ⏭️ Confidence 0% < 20%, skipping
[2026-09-09 21:57:48] 🔄 Processing message 4: 19f6a542df1e6587
[2026-09-09 21:57:49] 📊 Subject: Your Signed copy of A42-320863 Vehicle Condition Form
   From: noreply@sixt.com.cy
   Sender score: 20/40
   Content score: 25/100
   Combined confidence: 34%
   Signals: order_number_pattern
[2026-09-09 21:57:49] 🔧 No specific parser found
[2026-09-09 21:57:49] ⏭️ Confidence 34% < 70% and no parser, skipping
[2026-09-09 21:57:49] 🔄 Processing message 5: 19f664a7cfb00efd
[2026-09-09 21:57:49] 📊 Subject: Let Claude do the busywork
   From: no-reply@email.claude.com
   Sender score: 20/40
   Content score: 0/100
   Combined confidence: 18%
   Signals:
[2026-09-09 21:57:49] ⏭️ Confidence 18% < 20%, skipping
[2026-09-09 21:57:49] 🔄 Processing message 6: 19f657ae9971b04d
[2026-09-09 21:57:50] 📊 Subject: Your Google Analytics performance report is in for June 18th - July 15th
   From: analytics-noreply@google.com
   Sender score: 20/40
   Content score: 0/100
   Combined confidence: 18%
   Signals:
[2026-09-09 21:57:50] ⏭️ Confidence 18% < 20%, skipping
[2026-09-09 21:57:50] 🔄 Processing message 7: 19f60ef03b8c4557
[2026-09-09 21:57:50] 📊 Subject: Shark Tank's back, and it's our biggest yet
   From: no-reply@marketing.base44.com
   Sender score: 20/40
   Content score: 35/100
   Combined confidence: 40%
   Signals: order_number_pattern, item_list_found
[2026-09-09 21:57:50] 🔧 No specific parser found
[2026-09-09 21:57:50] ⏭️ Confidence 40% < 70% and no parser, skipping
[2026-09-09 21:57:50] 🔄 Processing message 8: 19f5c0a416a0a772
[2026-09-09 21:57:51] 📊 Subject: עדכון מוצר: כדאי לבדוק את ההגדרות של שיטות הבידינג שמבוססות על יעדים
   From: ads-account-noreply@google.com
   Sender score: 20/40
   Content score: 0/100
   Combined confidence: 18%
   Signals:
[2026-09-09 21:57:51] ⏭️ Confidence 18% < 20%, skipping
[2026-09-09 21:57:51] 🔄 Processing message 9: 19f56bed892ebecb
[2026-09-09 21:57:52] 📊 Subject: Your Signed copy of A42-320863 Vehicle Condition Form
   From: noreply@sixt.com.cy
   Sender score: 20/40
   Content score: 25/100
   Combined confidence: 34%
   Signals: order_number_pattern
[2026-09-09 21:57:52] 🔧 No specific parser found
[2026-09-09 21:57:52] ⏭️ Confidence 34% < 70% and no parser, skipping
[2026-09-09 21:57:52] 🔄 Processing message 10: 19f554d38624e7f4
[2026-09-09 21:57:52] 📊 Subject: Receipt for Your Payment to Airgsm Pte. Ltd.
   From: service@paypal.co.il
   Sender score: 20/40
   Content score: 55/100
   Combined confidence: 53%
   Signals: amount_found, english_purchase_phrase, item_list_found, subject_keyword
[2026-09-09 21:57:52] 🔧 Parser: MyOrdersVault\Parsers\PayPalParser
   Extracted: YES (#68G60753X5360715K)
[2026-09-09 21:57:52] ✅ WILL SAVE: Receipt for Your Payment to Airgsm Pte. Ltd. - Confidence: 53%
[2026-09-09 21:57:52] ✅ Cleaned order number: 68G60753X5360715K (paypal)
[2026-09-09 21:57:52] 📧 Using from_email as customer email: service@paypal.co.il
[2026-09-09 21:57:52] 💾 gmail_messages ID: 390
   Order save: SUCCESS (ID: 112)
   Reason: parser_success_confidence_53
   Customer email: service@paypal.co.il
   Order number valid: YES
[2026-09-09 21:57:52] 🔄 Processing message 11: 19f552d2c60c2348
[2026-09-09 21:57:53] 📊 Subject: Receipt for Your Payment to Airgsm Pte. Ltd.
   From: service@paypal.co.il
   Sender score: 20/40
   Content score: 55/100
   Combined confidence: 53%
   Signals: amount_found, english_purchase_phrase, item_list_found, subject_keyword
[2026-09-09 21:57:53] 🔧 Parser: MyOrdersVault\Parsers\PayPalParser
   Extracted: YES (#29R93418XL303672M)
[2026-09-09 21:57:53] ✅ WILL SAVE: Receipt for Your Payment to Airgsm Pte. Ltd. - Confidence: 53%
[2026-09-09 21:57:53] ✅ Cleaned order number: 29R93418XL303672M (paypal)
[2026-09-09 21:57:53] 📧 Using from_email as customer email: service@paypal.co.il
[2026-09-09 21:57:53] 💾 gmail_messages ID: 392
   Order save: SUCCESS (ID: 113)
   Reason: parser_success_confidence_53
   Customer email: service@paypal.co.il
   Order number valid: YES
[2026-09-09 21:57:53] 🔄 Processing message 12: 19f5514379deae15
[2026-09-09 21:57:53] 📊 Subject: Receipt for Your Payment to Airgsm Pte. Ltd.
   From: service@paypal.co.il
   Sender score: 20/40
   Content score: 55/100
   Combined confidence: 53%
   Signals: amount_found, english_purchase_phrase, item_list_found, subject_keyword
[2026-09-09 21:57:53] 🔧 Parser: MyOrdersVault\Parsers\PayPalParser
   Extracted: YES (#1TB26646TJ2092147)
[2026-09-09 21:57:53] ✅ WILL SAVE: Receipt for Your Payment to Airgsm Pte. Ltd. - Confidence: 53%
[2026-09-09 21:57:53] ✅ Cleaned order number: 1TB26646TJ2092147 (paypal)
[2026-09-09 21:57:53] 📧 Using from_email as customer email: service@paypal.co.il
[2026-09-09 21:57:53] 💾 gmail_messages ID: 394
   Order save: SUCCESS (ID: 114)
   Reason: parser_success_confidence_53
   Customer email: service@paypal.co.il
   Order number valid: YES
[2026-09-09 21:57:53] 🔄 Processing message 13: 19f4c8a2fbdc413d
[2026-09-09 21:57:54] 📊 Subject: Fresh updates just landed on Base44
   From: no-reply@marketing.base44.com
   Sender score: 20/40
   Content score: 35/100
   Combined confidence: 40%
   Signals: order_number_pattern, item_list_found
[2026-09-09 21:57:54] 🔧 No specific parser found
[2026-09-09 21:57:54] ⏭️ Confidence 40% < 70% and no parser, skipping
[2026-09-09 21:57:54] 🔄 Processing message 14: 19f4bc99eaa85dd6
[2026-09-09 21:57:54] 📊 Subject: You shared some Google Account data with Claude
   From: noreply-accounts@google.com
   Sender score: 0/40
   Content score: 0/100
   Combined confidence: 0%
   Signals:
[2026-09-09 21:57:54] ⏭️ Confidence 0% < 20%, skipping
[2026-09-09 21:57:54] 🔄 Processing message 15: 19f4bac9f94b735c
[2026-09-09 21:57:55] 📊 Subject: Your receipt from Anthropic, PBC #2138-7825-6694
   From: invoice+statements@mail.anthropic.com
   Sender score: 0/40
   Content score: 25/100
   Combined confidence: 16%
   Signals: english_purchase_phrase, subject_keyword
[2026-09-09 21:57:55] ⏭️ Confidence 16% < 20%, skipping
[2026-09-09 21:57:55] 🔄 Processing message 16: 19f4bac8bf1fd451
[2026-09-09 21:57:55] 📊 Subject: Your Pro subscription is confirmed
   From: no-reply-jaDgWllERclcozbItHYnzA@mail.anthropic.com
   Sender score: 0/40
   Content score: 0/100
   Combined confidence: 0%
   Signals:
[2026-09-09 21:57:55] ⏭️ Confidence 0% < 20%, skipping
[2026-09-09 21:57:55] 🔄 Processing message 17: 19f4b970b862ee00
[2026-09-09 21:57:56] 📊 Subject: Receipt for Your Payment to ROBLOX Corporation
   From: service@paypal.co.il
   Sender score: 20/40
   Content score: 55/100
   Combined confidence: 53%
   Signals: amount_found, english_purchase_phrase, item_list_found, subject_keyword
[2026-09-09 21:57:56] 🔧 Parser: MyOrdersVault\Parsers\PayPalParser
   Extracted: YES (#2T543579Y2788652D)
[2026-09-09 21:57:56] ✅ WILL SAVE: Receipt for Your Payment to ROBLOX Corporation - Confidence: 53%
[2026-09-09 21:57:56] ✅ Cleaned order number: 2T543579Y2788652D (paypal)
[2026-09-09 21:57:56] 📧 Extracted customer email: info@roblox.com
[2026-09-09 21:57:56] 💾 gmail_messages ID: 400
   Order save: SUCCESS (ID: 115)
   Reason: parser_success_confidence_53
   Customer email: info@roblox.com
   Order number valid: YES
[2026-09-09 21:57:56] 🔄 Processing message 18: 19f42d0101968e2f
[2026-09-09 21:57:56] 📊 Subject: You're invited: The Financial AI Hackathon in TLV
   From: no-reply@marketing.base44.com
   Sender score: 20/40
   Content score: 35/100
   Combined confidence: 40%
   Signals: order_number_pattern, item_list_found
[2026-09-09 21:57:56] 🔧 No specific parser found
[2026-09-09 21:57:56] ⏭️ Confidence 40% < 70% and no parser, skipping
[2026-09-09 21:57:56] 🔄 Processing message 19: 19f3dc8693394360
[2026-09-09 21:57:57] 📊 Subject: This week on Base44
   From: no-reply@marketing.base44.com
   Sender score: 20/40
   Content score: 35/100
   Combined confidence: 40%
   Signals: order_number_pattern, item_list_found
[2026-09-09 21:57:57] 🔧 No specific parser found
[2026-09-09 21:57:57] ⏭️ Confidence 40% < 70% and no parser, skipping
[2026-09-09 21:57:57] 🔄 Processing message 20: 19f3da7a8b1b428a
[2026-09-09 21:57:58] 📊 Subject: אור-טק פתרונות אלומיניום בע״מ, your performance report for June 2026
   From: businessprofile-noreply@google.com
   Sender score: 20/40
   Content score: 0/100
   Combined confidence: 18%
   Signals:
[2026-09-09 21:57:58] ⏭️ Confidence 18% < 20%, skipping
[2026-09-09 21:57:58] 🔄 Processing message 21: 19f3d7cc4e44d229
[2026-09-09 21:57:58] 📊 Subject: Golden Events גולדן ארועים, your performance report for June 2026
   From: businessprofile-noreply@google.com
   Sender score: 20/40
   Content score: 25/100
   Combined confidence: 34%
   Signals: order_number_pattern
[2026-09-09 21:57:58] 🔧 No specific parser found
[2026-09-09 21:57:58] ⏭️ Confidence 34% < 70% and no parser, skipping
[2026-09-09 21:57:58] 🔄 Processing message 22: 19f3d5bcca78aa68
[2026-09-09 21:57:59] 📊 Subject: מ.מ אגר פרוייקטים, your performance report for June 2026
   From: businessprofile-noreply@google.com
   Sender score: 20/40
   Content score: 0/100
   Combined confidence: 18%
   Signals:
[2026-09-09 21:57:59] ⏭️ Confidence 18% < 20%, skipping
[2026-09-09 21:57:59] 🔄 Processing message 23: 19f35e5dc36669a8
[2026-09-09 21:57:59] 📊 Subject: 4 טיפים להנחיית ה-AI שמאחורי הקריאייטיב של Advantage+
   From: advertise-noreply@global.metamail.com
   Sender score: 20/40
   Content score: 35/100
   Combined confidence: 40%
   Signals: order_number_pattern, item_list_found
[2026-09-09 21:57:59] 🔧 No specific parser found
[2026-09-09 21:57:59] ⏭️ Confidence 40% < 70% and no parser, skipping
[2026-09-09 21:57:59] 🔄 Processing message 24: 19f29c277144bbce
[2026-09-09 21:58:00] 📊 Subject: Receipt for Your Payment to 杭州深度求索人工智能基础技术研究有限公司
   From: service@paypal.co.il
   Sender score: 20/40
   Content score: 55/100
   Combined confidence: 53%
   Signals: amount_found, english_purchase_phrase, item_list_found, subject_keyword
[2026-09-09 21:58:00] 🔧 Parser: MyOrdersVault\Parsers\PayPalParser
   Extracted: YES (#88291855JJ0878003)
[2026-09-09 21:58:00] ✅ WILL SAVE: Receipt for Your Payment to 杭州深度求索人工智能基础技术研究有限公司 - Confidence: 53%
[2026-09-09 21:58:00] ✅ Cleaned order number: 88291855JJ0878003 (paypal)
[2026-09-09 21:58:00] 📧 Using from_email as customer email: service@paypal.co.il
[2026-09-09 21:58:00] 💾 gmail_messages ID: 408
   Order save: SUCCESS (ID: 116)
   Reason: parser_success_confidence_53
   Customer email: service@paypal.co.il
   Order number valid: YES
[2026-09-09 21:58:00] 🔄 Processing message 25: 19f26fac16e41c8a
[2026-09-09 21:58:00] 📊 Subject: Meet Claude Sonnet 5, your new default
   From: no-reply@email.claude.com
   Sender score: 20/40
   Content score: 0/100
   Combined confidence: 18%
   Signals:
[2026-09-09 21:58:00] ⏭️ Confidence 18% < 20%, skipping
[2026-09-09 21:58:00] 🔄 Processing message 26: 19f2378c30a1c057
[2026-09-09 21:58:01] 📊 Subject: Your Base44 level might earn you exclusive swag 🎁
   From: no-reply@marketing.base44.com
   Sender score: 20/40
   Content score: 35/100
   Combined confidence: 40%
   Signals: order_number_pattern, item_list_found
[2026-09-09 21:58:01] 🔧 No specific parser found
[2026-09-09 21:58:01] ⏭️ Confidence 40% < 70% and no parser, skipping
[2026-09-09 21:58:01] 🔄 Processing message 27: 19f1c2843fca896d
[2026-09-09 21:58:01] 📊 Subject: Security alert
   From: no-reply@accounts.google.com
   Sender score: 20/40
   Content score: 0/100
   Combined confidence: 18%
   Signals:
[2026-09-09 21:58:01] ⏭️ Confidence 18% < 20%, skipping
[2026-09-09 21:58:01] 🔄 Processing message 28: 19f1bda99d8ff0a3
[2026-09-09 21:58:02] 📊 Subject: Learn more about our updated Terms of Service
   From: google-noreply@google.com
   Sender score: 20/40
   Content score: 0/100
   Combined confidence: 18%
   Signals:
[2026-09-09 21:58:02] ⏭️ Confidence 18% < 20%, skipping
[2026-09-09 21:58:02] 🔄 Processing message 29: 19f1b214335f6cac
[2026-09-09 21:58:03] 📊 Subject: Receipt for Your Payment to 杭州深度求索人工智能基础技术研究有限公司
   From: service@paypal.co.il
   Sender score: 20/40
   Content score: 55/100
   Combined confidence: 53%
   Signals: amount_found, english_purchase_phrase, item_list_found, subject_keyword
[2026-09-09 21:58:03] 🔧 Parser: MyOrdersVault\Parsers\PayPalParser
   Extracted: YES (#85V69191MX686032M)
[2026-09-09 21:58:03] ✅ WILL SAVE: Receipt for Your Payment to 杭州深度求索人工智能基础技术研究有限公司 - Confidence: 53%
[2026-09-09 21:58:03] ✅ Cleaned order number: 85V69191MX686032M (paypal)
[2026-09-09 21:58:03] 📧 Using from_email as customer email: service@paypal.co.il
[2026-09-09 21:58:03] 💾 gmail_messages ID: 414
   Order save: SUCCESS (ID: 117)
   Reason: parser_success_confidence_53
   Customer email: service@paypal.co.il
   Order number valid: YES
[2026-09-09 21:58:03] 🔄 Processing message 30: 19f1a1d24f737e0a
[2026-09-09 21:58:03] 📊 Subject: עדכון בחשבון שלך
   From: MSSecurity-noreply@microsoft.com
   Sender score: 20/40
   Content score: 0/100
   Combined confidence: 18%
   Signals:
[2026-09-09 21:58:03] ⏭️ Confidence 18% < 20%, skipping
[2026-09-09 21:58:03] 🔄 Processing message 31: 19f14c7afd4327ad
[2026-09-09 21:58:04] 📊 Subject: More to build on, more Superagent can do – see what's new
   From: no-reply@marketing.base44.com
   Sender score: 20/40
   Content score: 70/100
   Combined confidence: 63%
   Signals: order_number_pattern, amount_found, english_purchase_phrase, item_list_found
[2026-09-09 21:58:04] 🔧 No specific parser found
[2026-09-09 21:58:04] ⏭️ Confidence 63% < 70% and no parser, skipping
[2026-09-09 21:58:04] 🔄 Processing message 32: 19f130ecba53c81d
[2026-09-09 21:58:04] 📊 Subject: DeepSeek V4 Official Release Schedule and Billing Adjustment Details
   From: support@sc.mail.deepseek.com
   Sender score: 20/40
   Content score: 65/100
   Combined confidence: 60%
   Signals: order_number_pattern, amount_found, item_list_found, subject_keyword
[2026-09-09 21:58:04] 🔧 No specific parser found
[2026-09-09 21:58:04] ⏭️ Confidence 60% < 70% and no parser, skipping
[2026-09-09 21:58:04] 🔄 Processing message 33: 19f116793bb8b87d
[2026-09-09 21:58:05] 📊 Subject: תזכורת לחידוש דומיין nadlanisteam.co.il
   From: noreply@box.co.il
   Sender score: 40/40
   Content score: 25/100
   Combined confidence: 51%
   Signals: order_number_pattern
[2026-09-09 21:58:05] 🔧 No specific parser found
[2026-09-09 21:58:05] ⏭️ Confidence 51% < 70% and no parser, skipping
[2026-09-09 21:58:05] 🔄 Processing message 34: 19f071d8181f4742
[2026-09-09 21:58:05] 📊 Subject: תזכורת לחידוש דומיין goldenevents.co.il
   From: noreply@box.co.il
   Sender score: 40/40
   Content score: 25/100
   Combined confidence: 51%
   Signals: order_number_pattern
[2026-09-09 21:58:05] 🔧 No specific parser found
[2026-09-09 21:58:05] ⏭️ Confidence 51% < 70% and no parser, skipping
[2026-09-09 21:58:05] 🔄 Processing message 35: 19ef9b9eaffb352e
[2026-09-09 21:58:06] 📊 Subject: Receipt for Your Payment to 杭州深度求索人工智能基础技术研究有限公司
   From: service@paypal.co.il
   Sender score: 20/40
   Content score: 55/100
   Combined confidence: 53%
   Signals: amount_found, english_purchase_phrase, item_list_found, subject_keyword
[2026-09-09 21:58:06] 🔧 Parser: MyOrdersVault\Parsers\PayPalParser
   Extracted: YES (#5XN34018FX746490C)
[2026-09-09 21:58:06] ✅ WILL SAVE: Receipt for Your Payment to 杭州深度求索人工智能基础技术研究有限公司 - Confidence: 53%
[2026-09-09 21:58:06] ✅ Cleaned order number: 5XN34018FX746490C (paypal)
[2026-09-09 21:58:06] 📧 Using from_email as customer email: service@paypal.co.il
[2026-09-09 21:58:06] 💾 gmail_messages ID: 421
   Order save: SUCCESS (ID: 118)
   Reason: parser_success_confidence_53
   Customer email: service@paypal.co.il
   Order number valid: YES
[2026-09-09 21:58:06] 🔄 Processing message 36: 19ef587f07ab48f0
[2026-09-09 21:58:06] 📊 Subject: Your week in Base44: Shark Tank is back, plus office hours all week
   From: no-reply@marketing.base44.com
   Sender score: 20/40
   Content score: 25/100
   Combined confidence: 34%
   Signals: order_number_pattern
[2026-09-09 21:58:06] 🔧 No specific parser found
[2026-09-09 21:58:06] ⏭️ Confidence 34% < 70% and no parser, skipping
[2026-09-09 21:58:06] 🔄 Processing message 37: 19eedf0664c7f603
[2026-09-09 21:58:07] 📊 Subject: Reminder: Important update regarding your PayPal account
   From: noreply@news.paypal.com
   Sender score: 40/40
   Content score: 25/100
   Combined confidence: 51%
   Signals: order_number_pattern
[2026-09-09 21:58:07] 🔧 Parser: MyOrdersVault\Parsers\PayPalParser
   Extracted: YES (#PP-7e40fa7f0f)
[2026-09-09 21:58:07] ✅ WILL SAVE: Reminder: Important update regarding your PayPal account - Confidence: 51%
[2026-09-09 21:58:07] ✅ Cleaned order number: PP-7e40fa7f0f (alphanumeric)
[2026-09-09 21:58:07] 💾 gmail_messages ID: 424
   Order save: SUCCESS (ID: 119)
   Reason: parser_success_confidence_51
   Customer email: none
   Order number valid: YES
[2026-09-09 21:58:07] 🔄 Processing message 38: 19eebced6b32b4c5
[2026-09-09 21:58:08] 📊 Subject: ההזמנה שלך בתאריכים 25–26 ביוני אושרה, הנה הקבלה שלך מ-Airbnb
   From: automated@airbnb.com
   Sender score: 0/40
   Content score: 70/100
   Combined confidence: 46%
   Signals: order_number_pattern, amount_found, hebrew_purchase_phrase, subject_keyword
[2026-09-09 21:58:08] 🔧 No specific parser found
[2026-09-09 21:58:08] ⏭️ Confidence 46% < 70% and no parser, skipping
[2026-09-09 21:58:08] 🔄 Processing message 39: 19edafcc9d958706
[2026-09-09 21:58:08] 📊 Subject: פתרונות Advantage+‎ יכולים להניב תוצאות אמיתיות
   From: advertise-noreply@global.metamail.com
   Sender score: 20/40
   Content score: 0/100
   Combined confidence: 18%
   Signals:
[2026-09-09 21:58:08] ⏭️ Confidence 18% < 20%, skipping
[2026-09-09 21:58:08] 🔄 Processing message 40: 19eda59bec931ace
[2026-09-09 21:58:09] 📊 Subject: You now have exclusive access to AI features
   From: workspace-noreply@google.com
   Sender score: 20/40
   Content score: 10/100
   Combined confidence: 24%
   Signals: item_list_found
[2026-09-09 21:58:09] 🔧 No specific parser found
[2026-09-09 21:58:09] ⏭️ Confidence 24% < 70% and no parser, skipping
[2026-09-09 21:58:09] 🔄 Processing message 41: 19eda46b404ed50b
[2026-09-09 21:58:09] 📊 Subject: ההזמנה שלך בתאריכים 25–26 ביוני אושרה, הנה הקבלה שלך מ-Airbnb
   From: automated@airbnb.com
   Sender score: 0/40
   Content score: 70/100
   Combined confidence: 46%
   Signals: order_number_pattern, amount_found, hebrew_purchase_phrase, subject_keyword
[2026-09-09 21:58:09] 🔧 No specific parser found
[2026-09-09 21:58:09] ⏭️ Confidence 46% < 70% and no parser, skipping
[2026-09-09 21:58:09] 🔄 Processing message 42: 19ed68771a8c1cd5
[2026-09-09 21:58:10] 📊 Subject: פתרונות מורחבים של שותפי פרסום ב-EEA, בבריטניה ובשווייץ
   From: google-noreply@google.com
   Sender score: 20/40
   Content score: 0/100
   Combined confidence: 18%
   Signals:
[2026-09-09 21:58:10] ⏭️ Confidence 18% < 20%, skipping
[2026-09-09 21:58:10] 🔄 Processing message 43: 19ed548d320eec80
[2026-09-09 21:58:10] 📊 Subject: Your Google Analytics performance report is in for May 21st - June 17th
   From: analytics-noreply@google.com
   Sender score: 20/40
   Content score: 0/100
   Combined confidence: 18%
   Signals:
[2026-09-09 21:58:10] ⏭️ Confidence 18% < 20%, skipping
[2026-09-09 21:58:10] 🔄 Processing message 44: 19ed2c342f80cf23
[2026-09-09 21:58:11] 📊 Subject: Receipt for Your Payment to Google Payment Limit...
   From: service@paypal.co.il
   Sender score: 20/40
   Content score: 55/100
   Combined confidence: 53%
   Signals: amount_found, english_purchase_phrase, item_list_found, subject_keyword
[2026-09-09 21:58:11] 🔧 Parser: MyOrdersVault\Parsers\PayPalParser
   Extracted: YES (#20C15313WF169251A)
[2026-09-09 21:58:11] ✅ WILL SAVE: Receipt for Your Payment to Google Payment Limit... - Confidence: 53%
[2026-09-09 21:58:11] ✅ Cleaned order number: 20C15313WF169251A (paypal)
[2026-09-09 21:58:11] 📧 Using from_email as customer email: service@paypal.co.il
[2026-09-09 21:58:11] 💾 gmail_messages ID: 432
   Order save: SUCCESS (ID: 120)
   Reason: parser_success_confidence_53
   Customer email: service@paypal.co.il
   Order number valid: YES
[2026-09-09 21:58:11] 🔄 Processing message 45: 19ed142651524a45
[2026-09-09 21:58:11] 📊 Subject: Office hours every day, plus a live Father's Day build
   From: no-reply@marketing.base44.com
   Sender score: 20/40
   Content score: 35/100
   Combined confidence: 40%
   Signals: order_number_pattern, item_list_found
[2026-09-09 21:58:11] 🔧 No specific parser found
[2026-09-09 21:58:11] ⏭️ Confidence 40% < 70% and no parser, skipping
[2026-09-09 21:58:11] 🔄 Processing message 46: 19ecc4281d25ecab
[2026-09-09 21:58:12] 📊 Subject: Your Futures Trial Funds Have Expired
   From: no-reply@kucoin.com
   Sender score: 20/40
   Content score: 0/100
   Combined confidence: 18%
   Signals:
[2026-09-09 21:58:12] ⏭️ Confidence 18% < 20%, skipping
[2026-09-09 21:58:12] 🔄 Processing message 47: 19ecb5fe53b636f4
[2026-09-09 21:58:13] 📊 Subject: Coupon Expiring Soon
   From: no-reply@kucoin.com
   Sender score: 20/40
   Content score: 0/100
   Combined confidence: 18%
   Signals:
[2026-09-09 21:58:13] ⏭️ Confidence 18% < 20%, skipping
[2026-09-09 21:58:13] 🔄 Processing message 48: 19ec9b6fe6734e74
[2026-09-09 21:58:13] 📊 Subject: יצירת מעורבות ועריכת בדיקות כדי לשפר את תוצאות המודעות
   From: advertise-noreply@global.metamail.com
   Sender score: 20/40
   Content score: 10/100
   Combined confidence: 24%
   Signals: item_list_found
[2026-09-09 21:58:13] 🔧 No specific parser found
[2026-09-09 21:58:13] ⏭️ Confidence 24% < 70% and no parser, skipping
[2026-09-09 21:58:13] 🔄 Processing message 49: 19ec6bfad60d4bca
[2026-09-09 21:58:14] 📊 Subject: [מרכז התמיכה של בוקס] Re: כשל בחיבור דומיין
   From: support@box.co.il
   Sender score: 40/40
   Content score: 25/100
   Combined confidence: 51%
   Signals: order_number_pattern
[2026-09-09 21:58:14] 🔧 No specific parser found
[2026-09-09 21:58:14] ⏭️ Confidence 51% < 70% and no parser, skipping
[2026-09-09 21:58:14] 🔄 Processing message 50: 19ec5fe9c286eb5f
[2026-09-09 21:58:14] 📊 Subject: איך לשפר את תוצאות המודעה בלי לחרוג מהתקציב הקיים
   From: advertise-noreply@global.metamail.com
   Sender score: 20/40
   Content score: 0/100
   Combined confidence: 18%
   Signals:
[2026-09-09 21:58:14] ⏭️ Confidence 18% < 20%, skipping
[2026-09-09 21:58:14] --- Page 5: 50 messages ---
[2026-09-09 21:58:14] 🔄 Processing message 1: 19ec53b13d1f8bc5
[2026-09-09 21:58:15] 📊 Subject: [מרכז התמיכה של בוקס] Re: כשל בחיבור דומיין
   From: support@box.co.il
   Sender score: 40/40
   Content score: 25/100
   Combined confidence: 51%
   Signals: order_number_pattern
[2026-09-09 21:58:15] 🔧 No specific parser found
[2026-09-09 21:58:15] ⏭️ Confidence 51% < 70% and no parser, skipping
[2026-09-09 21:58:15] 🔄 Processing message 2: 19ec4b2f0919649c
[2026-09-09 21:58:15] 📊 Subject: בקשתך התקבלה
   From: support@box.co.il
   Sender score: 40/40
   Content score: 35/100
   Combined confidence: 58%
   Signals: order_number_pattern, subject_keyword
[2026-09-09 21:58:15] 🔧 No specific parser found
[2026-09-09 21:58:15] ⏭️ Confidence 58% < 70% and no parser, skipping
[2026-09-09 21:58:15] 🔄 Processing message 3: 19ec4b29eae5b58a
[2026-09-09 21:58:16] 📊 Subject: מרכז התמיכה של בוקס welcome email
   From: support@box.co.il
   Sender score: 40/40
   Content score: 0/100
   Combined confidence: 35%
   Signals:
[2026-09-09 21:58:16] 🔧 No specific parser found
[2026-09-09 21:58:16] ⏭️ Confidence 35% < 70% and no parser, skipping
[2026-09-09 21:58:16] 🔄 Processing message 4: 19ec22eeb14e97e8
[2026-09-09 21:58:17] 📊 Subject: הדרך הקצרה ליצירת מודעות נוספות ולהשגת תוצאות מרביות
   From: advertise-noreply@global.metamail.com
   Sender score: 20/40
   Content score: 35/100
   Combined confidence: 40%
   Signals: order_number_pattern, item_list_found
[2026-09-09 21:58:17] 🔧 No specific parser found
[2026-09-09 21:58:17] ⏭️ Confidence 40% < 70% and no parser, skipping
[2026-09-09 21:58:17] 🔄 Processing message 5: 19ec094e09b31e17
[2026-09-09 21:58:17] 📊 Subject: Your two-factor sign in code
   From: noreply@acct-auth.epicgames.com
   Sender score: 20/40
   Content score: 25/100
   Combined confidence: 34%
   Signals: order_number_pattern
[2026-09-09 21:58:17] 🔧 No specific parser found
[2026-09-09 21:58:17] ⏭️ Confidence 34% < 70% and no parser, skipping
[2026-09-09 21:58:17] 🔄 Processing message 6: 19ebf03d65880617
[2026-09-09 21:58:18] 📊 Subject: תזכורת לחידוש דומיין nadlanisteam.co.il
   From: noreply@box.co.il
   Sender score: 40/40
   Content score: 25/100
   Combined confidence: 51%
   Signals: order_number_pattern
[2026-09-09 21:58:18] 🔧 No specific parser found
[2026-09-09 21:58:18] ⏭️ Confidence 51% < 70% and no parser, skipping
[2026-09-09 21:58:18] 🔄 Processing message 7: 19eb6d6301ef6ec7
[2026-09-09 21:58:18] 📊 Subject: New privacy settings for Search services
   From: google-noreply@google.com
   Sender score: 20/40
   Content score: 10/100
   Combined confidence: 24%
   Signals: item_list_found
[2026-09-09 21:58:18] 🔧 No specific parser found
[2026-09-09 21:58:18] ⏭️ Confidence 24% < 70% and no parser, skipping
[2026-09-09 21:58:18] 🔄 Processing message 8: 19eb65832a7a7226
[2026-09-09 21:58:19] 📊 Subject: You shared some Google Account data with chat.deepseek.com
   From: noreply-accounts@google.com
   Sender score: 0/40
   Content score: 0/100
   Combined confidence: 0%
   Signals:
[2026-09-09 21:58:19] ⏭️ Confidence 0% < 20%, skipping
[2026-09-09 21:58:19] 🔄 Processing message 9: 19eb4efc2aaa941c
[2026-09-09 21:58:19] 📊 Subject: איך להנחות את ה-AI: צפייה בוובינר המוקלט
   From: advertise-noreply@global.metamail.com
   Sender score: 20/40
   Content score: 35/100
   Combined confidence: 40%
   Signals: order_number_pattern, item_list_found
[2026-09-09 21:58:19] 🔧 No specific parser found
[2026-09-09 21:58:19] ⏭️ Confidence 40% < 70% and no parser, skipping
[2026-09-09 21:58:19] 🔄 Processing message 10: 19eb4b6b1f34e7ba
[2026-09-09 21:58:20] 📊 Subject: תזכורת לחידוש דומיין goldenevents.co.il
   From: noreply@box.co.il
   Sender score: 40/40
   Content score: 25/100
   Combined confidence: 51%
   Signals: order_number_pattern
[2026-09-09 21:58:20] 🔧 No specific parser found
[2026-09-09 21:58:20] ⏭️ Confidence 51% < 70% and no parser, skipping
[2026-09-09 21:58:20] 🔄 Processing message 11: 19eb131fd7f8e2da
[2026-09-09 21:58:20] 📊 Subject: Security alert
   From: no-reply@accounts.google.com
   Sender score: 20/40
   Content score: 0/100
   Combined confidence: 18%
   Signals:
[2026-09-09 21:58:20] ⏭️ Confidence 18% < 20%, skipping
[2026-09-09 21:58:20] 🔄 Processing message 12: 19eb0f7d00abc4ca
[2026-09-09 21:58:21] 📊 Subject: Your Epic Games Receipt
   From: help@acct.epicgames.com
   Sender score: 0/40
   Content score: 10/100
   Combined confidence: 7%
   Signals: subject_keyword
[2026-09-09 21:58:21] ⏭️ Confidence 7% < 20%, skipping
[2026-09-09 21:58:21] 🔄 Processing message 13: 19ead3091e71716d
[2026-09-09 21:58:21] 📊 Subject: Build solo, ship like a squad
   From: no-reply@marketing.base44.com
   Sender score: 20/40
   Content score: 35/100
   Combined confidence: 40%
   Signals: order_number_pattern, item_list_found
[2026-09-09 21:58:21] 🔧 No specific parser found
[2026-09-09 21:58:21] ⏭️ Confidence 40% < 70% and no parser, skipping
[2026-09-09 21:58:21] 🔄 Processing message 14: 19eacd2896581658
[2026-09-09 21:58:22] 📊 Subject: Security alert
   From: no-reply@accounts.google.com
   Sender score: 20/40
   Content score: 0/100
   Combined confidence: 18%
   Signals:
[2026-09-09 21:58:22] ⏭️ Confidence 18% < 20%, skipping
[2026-09-09 21:58:22] 🔄 Processing message 15: 19eab96ffed6a443
[2026-09-09 21:58:22] 📊 Subject: Security alert for omeronov@gmail.com
   From: no-reply@accounts.google.com
   Sender score: 20/40
   Content score: 0/100
   Combined confidence: 18%
   Signals:
[2026-09-09 21:58:22] ⏭️ Confidence 18% < 20%, skipping
[2026-09-09 21:58:22] 🔄 Processing message 16: 19eab1c72f1592ec
[2026-09-09 21:58:23] 📊 Subject: Golden Events גולדן ארועים, your performance report for May 2026
   From: businessprofile-noreply@google.com
   Sender score: 20/40
   Content score: 25/100
   Combined confidence: 34%
   Signals: order_number_pattern
[2026-09-09 21:58:23] 🔧 No specific parser found
[2026-09-09 21:58:23] ⏭️ Confidence 34% < 70% and no parser, skipping
[2026-09-09 21:58:23] 🔄 Processing message 17: 19eab16fb2944b07
[2026-09-09 21:58:24] 📊 Subject: אור-טק פתרונות אלומיניום בע״מ, your performance report for May 2026
   From: businessprofile-noreply@google.com
   Sender score: 20/40
   Content score: 0/100
   Combined confidence: 18%
   Signals:
[2026-09-09 21:58:24] ⏭️ Confidence 18% < 20%, skipping
[2026-09-09 21:58:24] 🔄 Processing message 18: 19eab03920985909
[2026-09-09 21:58:24] 📊 Subject: מ.מ אגר פרוייקטים, your performance report for May 2026
   From: businessprofile-noreply@google.com
   Sender score: 20/40
   Content score: 0/100
   Combined confidence: 18%
   Signals:
[2026-09-09 21:58:24] ⏭️ Confidence 18% < 20%, skipping
[2026-09-09 21:58:24] 🔄 Processing message 19: 19ea8428bbc05bea
[2026-09-09 21:58:25] 📊 Subject: Security alert
   From: no-reply@accounts.google.com
   Sender score: 20/40
   Content score: 0/100
   Combined confidence: 18%
   Signals:
[2026-09-09 21:58:25] ⏭️ Confidence 18% < 20%, skipping
[2026-09-09 21:58:25] 🔄 Processing message 20: 19ea82d61221c148
[2026-09-09 21:58:25] 📊 Subject: Coupon Pack received!
   From: no-reply@kucoin.com
   Sender score: 20/40
   Content score: 0/100
   Combined confidence: 18%
   Signals:
[2026-09-09 21:58:25] ⏭️ Confidence 18% < 20%, skipping
[2026-09-09 21:58:25] 🔄 Processing message 21: 19ea5bf4734a25e8
[2026-09-09 21:58:26] 📊 Subject: שני כלים חדשים שיעזרו לכם לבלוט בפני קונים רבים יותר
   From: advertise-noreply@global.metamail.com
   Sender score: 20/40
   Content score: 0/100
   Combined confidence: 18%
   Signals:
[2026-09-09 21:58:26] ⏭️ Confidence 18% < 20%, skipping
[2026-09-09 21:58:26] 🔄 Processing message 22: 19ea4a75d94b41ad
[2026-09-09 21:58:26] 📊 Subject: Security alert for omeronov@gmail.com
   From: no-reply@accounts.google.com
   Sender score: 20/40
   Content score: 0/100
   Combined confidence: 18%
   Signals:
[2026-09-09 21:58:26] ⏭️ Confidence 18% < 20%, skipping
[2026-09-09 21:58:26] 🔄 Processing message 23: 19ea24d85c86ceaf
[2026-09-09 21:58:27] 📊 Subject: Your Futures Trial Funds Have Expired
   From: no-reply@kucoin.com
   Sender score: 20/40
   Content score: 0/100
   Combined confidence: 18%
   Signals:
[2026-09-09 21:58:27] ⏭️ Confidence 18% < 20%, skipping
[2026-09-09 21:58:27] 🔄 Processing message 24: 19ea22c411c142ba
[2026-09-09 21:58:28] 📊 Subject: Coupon Expiring Soon
   From: no-reply@kucoin.com
   Sender score: 20/40
   Content score: 0/100
   Combined confidence: 18%
   Signals:
[2026-09-09 21:58:28] ⏭️ Confidence 18% < 20%, skipping
[2026-09-09 21:58:28] 🔄 Processing message 25: 19e9eb251c24fdef
[2026-09-09 21:58:28] 📊 Subject: Supa Update June 2026
   From: noreply@supabase.com
   Sender score: 20/40
   Content score: 10/100
   Combined confidence: 24%
   Signals: item_list_found
[2026-09-09 21:58:28] 🔧 No specific parser found
[2026-09-09 21:58:28] ⏭️ Confidence 24% < 70% and no parser, skipping
[2026-09-09 21:58:28] 🔄 Processing message 26: 19e9e19435ca72a9
[2026-09-09 21:58:29] 📊 Subject: Your Epic Games Receipt
   From: help@acct.epicgames.com
   Sender score: 0/40
   Content score: 10/100
   Combined confidence: 7%
   Signals: subject_keyword
[2026-09-09 21:58:29] ⏭️ Confidence 7% < 20%, skipping
[2026-09-09 21:58:29] 🔄 Processing message 27: 19e9e1898e7c1deb
[2026-09-09 21:58:29] 📊 Subject: Receipt for Your Payment to Epic Games Commerce...
   From: service@paypal.co.il
   Sender score: 20/40
   Content score: 55/100
   Combined confidence: 53%
   Signals: amount_found, english_purchase_phrase, item_list_found, subject_keyword
[2026-09-09 21:58:29] 🔧 Parser: MyOrdersVault\Parsers\PayPalParser
   Extracted: YES (#7J138759S0851383F)
[2026-09-09 21:58:29] ✅ WILL SAVE: Receipt for Your Payment to Epic Games Commerce... - Confidence: 53%
[2026-09-09 21:58:29] ✅ Cleaned order number: 7J138759S0851383F (paypal)
[2026-09-09 21:58:29] 📧 Extracted customer email: help@epicgames.com
[2026-09-09 21:58:29] 💾 gmail_messages ID: 466
   Order save: SUCCESS (ID: 121)
   Reason: parser_success_confidence_53
   Customer email: help@epicgames.com
   Order number valid: YES
[2026-09-09 21:58:29] 🔄 Processing message 28: 19e9afbcea379038
[2026-09-09 21:58:30] 📊 Subject: שני השינויים שכל עסק קטן צריך לבצע
   From: advertise-noreply@global.metamail.com
   Sender score: 20/40
   Content score: 35/100
   Combined confidence: 40%
   Signals: order_number_pattern, item_list_found
[2026-09-09 21:58:30] 🔧 No specific parser found
[2026-09-09 21:58:30] ⏭️ Confidence 40% < 70% and no parser, skipping
[2026-09-09 21:58:30] 🔄 Processing message 29: 19e9af5c4724d675
[2026-09-09 21:58:30] 📊 Subject: תזכורת לחידוש דומיין nadlanisteam.co.il
   From: noreply@box.co.il
   Sender score: 40/40
   Content score: 25/100
   Combined confidence: 51%
   Signals: order_number_pattern
[2026-09-09 21:58:30] 🔧 No specific parser found
[2026-09-09 21:58:30] ⏭️ Confidence 51% < 70% and no parser, skipping
[2026-09-09 21:58:30] 🔄 Processing message 30: 19e989b3be4f6fda
[2026-09-09 21:58:31] 📊 Subject: Two-Factor Authentication (2FA) Enabled
   From: noreply@updates.activision.com
   Sender score: 20/40
   Content score: 35/100
   Combined confidence: 40%
   Signals: order_number_pattern, item_list_found
[2026-09-09 21:58:31] 🔧 No specific parser found
[2026-09-09 21:58:31] ⏭️ Confidence 40% < 70% and no parser, skipping
[2026-09-09 21:58:31] 🔄 Processing message 31: 19e963b83757e970
[2026-09-09 21:58:31] 📊 Subject: חדש: מגדילים את המכירות עם מודעות חוצות-ערוצים
   From: advertise-noreply@global.metamail.com
   Sender score: 20/40
   Content score: 0/100
   Combined confidence: 18%
   Signals:
[2026-09-09 21:58:31] ⏭️ Confidence 18% < 20%, skipping
[2026-09-09 21:58:31] 🔄 Processing message 32: 19e90a8d3dc79488
[2026-09-09 21:58:32] 📊 Subject: תזכורת לחידוש דומיין goldenevents.co.il
   From: noreply@box.co.il
   Sender score: 40/40
   Content score: 25/100
   Combined confidence: 51%
   Signals: order_number_pattern
[2026-09-09 21:58:32] 🔧 No specific parser found
[2026-09-09 21:58:32] ⏭️ Confidence 51% < 70% and no parser, skipping
[2026-09-09 21:58:32] 🔄 Processing message 33: 19e8eec61f115f1f
[2026-09-09 21:58:33] 📊 Subject: Your Epic Games Receipt
   From: help@acct.epicgames.com
   Sender score: 0/40
   Content score: 10/100
   Combined confidence: 7%
   Signals: subject_keyword
[2026-09-09 21:58:33] ⏭️ Confidence 7% < 20%, skipping
[2026-09-09 21:58:33] 🔄 Processing message 34: 19e8eceb81d8dcea
[2026-09-09 21:58:33] 📊 Subject: Security alert
   From: no-reply@accounts.google.com
   Sender score: 20/40
   Content score: 0/100
   Combined confidence: 18%
   Signals:
[2026-09-09 21:58:33] ⏭️ Confidence 18% < 20%, skipping
[2026-09-09 21:58:33] 🔄 Processing message 35: 19e8835b9ea691bb
[2026-09-09 21:58:34] 📊 Subject: Fresh Launchpad news, global events, and two Vibe Sprints.
   From: no-reply@marketing.base44.com
   Sender score: 20/40
   Content score: 35/100
   Combined confidence: 40%
   Signals: order_number_pattern, item_list_found
[2026-09-09 21:58:34] 🔧 No specific parser found
[2026-09-09 21:58:34] ⏭️ Confidence 40% < 70% and no parser, skipping
[2026-09-09 21:58:34] 🔄 Processing message 36: 19e87eb6ca6901da
[2026-09-09 21:58:34] 📊 Subject: Your two-factor sign in code
   From: noreply@acct-auth.epicgames.com
   Sender score: 20/40
   Content score: 25/100
   Combined confidence: 34%
   Signals: order_number_pattern
[2026-09-09 21:58:34] 🔧 No specific parser found
[2026-09-09 21:58:34] ⏭️ Confidence 34% < 70% and no parser, skipping
[2026-09-09 21:58:34] 🔄 Processing message 37: 19e85b4a72ca9d29
[2026-09-09 21:58:34] ⏭️ Already processed, skipping
[2026-09-09 21:58:34] 🔄 Processing message 38: 19e84ab54948e596
[2026-09-09 21:58:34] ⏭️ Already processed, skipping
[2026-09-09 21:58:34] 🔄 Processing message 39: 19e8454f8c2bfe2d
[2026-09-09 21:58:34] ⏭️ Already processed, skipping
[2026-09-09 21:58:34] 🔄 Processing message 40: 19e82ea26f8e0ee8
[2026-09-09 21:58:34] ⏭️ Already processed, skipping
[2026-09-09 21:58:34] 🔄 Processing message 41: 19e809380a9a4691
[2026-09-09 21:58:34] ⏭️ Already processed, skipping
[2026-09-09 21:58:34] 🔄 Processing message 42: 19e8056a02edc167
[2026-09-09 21:58:34] ⏭️ Already processed, skipping
[2026-09-09 21:58:34] 🔄 Processing message 43: 19e7e703c1f2ee53
[2026-09-09 21:58:34] ⏭️ Already processed, skipping
[2026-09-09 21:58:34] 🔄 Processing message 44: 19e7e527c9de2b8a
[2026-09-09 21:58:34] ⏭️ Already processed, skipping
[2026-09-09 21:58:34] 🔄 Processing message 45: 19e7e3bbaeb62d40
[2026-09-09 21:58:34] ⏭️ Already processed, skipping
[2026-09-09 21:58:34] 🔄 Processing message 46: 19e7c98a96c85bb6
[2026-09-09 21:58:34] ⏭️ Already processed, skipping
[2026-09-09 21:58:34] 🔄 Processing message 47: 19e786734727221a
[2026-09-09 21:58:34] ⏭️ Already processed, skipping
[2026-09-09 21:58:34] 🔄 Processing message 48: 19e777a1a094ec3f
[2026-09-09 21:58:34] ⏭️ Already processed, skipping
[2026-09-09 21:58:34] 🔄 Processing message 49: 19e6f8d5f235cf69
[2026-09-09 21:58:34] ⏭️ Already processed, skipping
[2026-09-09 21:58:34] 🔄 Processing message 50: 19e6c9c31682a901
[2026-09-09 21:58:34] ⏭️ Already processed, skipping
[2026-09-09 21:58:34] --- Page 6: 50 messages ---
[2026-09-09 21:58:34] 🔄 Processing message 1: 19e6b7f7d8883d5d
[2026-09-09 21:58:34] ⏭️ Already processed, skipping
[2026-09-09 21:58:34] 🔄 Processing message 2: 19e64f4d7d5ecad6
[2026-09-09 21:58:34] ⏭️ Already processed, skipping
[2026-09-09 21:58:34] 🔄 Processing message 3: 19e63dd183c6fe5d
[2026-09-09 21:58:34] ⏭️ Already processed, skipping
[2026-09-09 21:58:34] 🔄 Processing message 4: 19e62dd05e91b0b8
[2026-09-09 21:58:34] ⏭️ Already processed, skipping
[2026-09-09 21:58:34] 🔄 Processing message 5: 19e6250639a1c59d
[2026-09-09 21:58:34] ⏭️ Already processed, skipping
[2026-09-09 21:58:34] 🔄 Processing message 6: 19e601732922f71e
[2026-09-09 21:58:34] ⏭️ Already processed, skipping
[2026-09-09 21:58:34] 🔄 Processing message 7: 19e54580b8380f9b
[2026-09-09 21:58:34] ⏭️ Already processed, skipping
[2026-09-09 21:58:34] 🔄 Processing message 8: 19e4f3268961c24e
[2026-09-09 21:58:34] ⏭️ Already processed, skipping
[2026-09-09 21:58:34] 🔄 Processing message 9: 19e4db522c0aaebf
[2026-09-09 21:58:34] ⏭️ Already processed, skipping
[2026-09-09 21:58:34] 🔄 Processing message 10: 19e4c73302096ed7
[2026-09-09 21:58:35] 📊 Subject: Your Epic Games Receipt
   From: help@acct.epicgames.com
   Sender score: 0/40
   Content score: 10/100
   Combined confidence: 7%
   Signals: subject_keyword
[2026-09-09 21:58:35] ⏭️ Confidence 7% < 20%, skipping
[2026-09-09 21:58:35] 🔄 Processing message 11: 19e4c72d3245f638
[2026-09-09 21:58:35] ⏭️ Already processed, skipping
[2026-09-09 21:58:35] 🔄 Processing message 12: 19e4b04f74978f0d
[2026-09-09 21:58:35] ⏭️ Already processed, skipping
[2026-09-09 21:58:35] 🔄 Processing message 13: 19e4801a5c5c9bcf
[2026-09-09 21:58:35] ⏭️ Already processed, skipping
[2026-09-09 21:58:35] 🔄 Processing message 14: 19e45c6e7ae04c74
[2026-09-09 21:58:35] ⏭️ Already processed, skipping
[2026-09-09 21:58:35] 🔄 Processing message 15: 19e4584876f99b42
[2026-09-09 21:58:35] ⏭️ Already processed, skipping
[2026-09-09 21:58:35] 🔄 Processing message 16: 19e457bdeffc4783
[2026-09-09 21:58:35] ⏭️ Already processed, skipping
[2026-09-09 21:58:35] 🔄 Processing message 17: 19e43db807b9bc2d
[2026-09-09 21:58:35] ⏭️ Already processed, skipping
[2026-09-09 21:58:35] 🔄 Processing message 18: 19e43d57a0b0be03
[2026-09-09 21:58:35] ⏭️ Already processed, skipping
[2026-09-09 21:58:35] 🔄 Processing message 19: 19e436cab76c3c80
[2026-09-09 21:58:35] ⏭️ Already processed, skipping
[2026-09-09 21:58:35] 🔄 Processing message 20: 19e4349d0c38105a
[2026-09-09 21:58:35] ⏭️ Already processed, skipping
[2026-09-09 21:58:35] 🔄 Processing message 21: 19e4345dff55eb19
[2026-09-09 21:58:35] ⏭️ Already processed, skipping
[2026-09-09 21:58:35] 🔄 Processing message 22: 19e4344a202252f3
[2026-09-09 21:58:35] ⏭️ Already processed, skipping
[2026-09-09 21:58:35] 🔄 Processing message 23: 19e4207115212d46
[2026-09-09 21:58:35] ⏭️ Already processed, skipping
[2026-09-09 21:58:35] 🔄 Processing message 24: 19e41a84ea542c21
[2026-09-09 21:58:35] ⏭️ Already processed, skipping
[2026-09-09 21:58:35] 🔄 Processing message 25: 19e41039e78742d3
[2026-09-09 21:58:35] ⏭️ Already processed, skipping
[2026-09-09 21:58:35] 🔄 Processing message 26: 19e40e1f486cb856
[2026-09-09 21:58:35] ⏭️ Already processed, skipping
[2026-09-09 21:58:35] 🔄 Processing message 27: 19e3ed106bec1b81
[2026-09-09 21:58:35] ⏭️ Already processed, skipping
[2026-09-09 21:58:35] 🔄 Processing message 28: 19e3c4f2739e14fd
[2026-09-09 21:58:35] ⏭️ Already processed, skipping
[2026-09-09 21:58:35] 🔄 Processing message 29: 19e3b8bd073d3b98
[2026-09-09 21:58:35] ⏭️ Already processed, skipping
[2026-09-09 21:58:35] 🔄 Processing message 30: 19e3b640d7571fe6
[2026-09-09 21:58:35] ⏭️ Already processed, skipping
[2026-09-09 21:58:35] 🔄 Processing message 31: 19e39b152b13d80f
[2026-09-09 21:58:35] ⏭️ Already processed, skipping
[2026-09-09 21:58:35] 🔄 Processing message 32: 19e331e1c019893e
[2026-09-09 21:58:35] ⏭️ Already processed, skipping
[2026-09-09 21:58:35] 🔄 Processing message 33: 19e2b23d17b83e0a
[2026-09-09 21:58:35] ⏭️ Already processed, skipping
[2026-09-09 21:58:35] 🔄 Processing message 34: 19e29ab1a4c88e8a
[2026-09-09 21:58:35] ⏭️ Already processed, skipping
[2026-09-09 21:58:35] 🔄 Processing message 35: 19e26b2210d9f2cd
[2026-09-09 21:58:35] ⏭️ Already processed, skipping
[2026-09-09 21:58:35] 🔄 Processing message 36: 19e20dbdc94aae0f
[2026-09-09 21:58:35] ⏭️ Already processed, skipping
[2026-09-09 21:58:35] 🔄 Processing message 37: 19e1f5f182d4ef10
[2026-09-09 21:58:35] ⏭️ Already processed, skipping
[2026-09-09 21:58:35] 🔄 Processing message 38: 19e1e2e3aeddff1e
[2026-09-09 21:58:35] ⏭️ Already processed, skipping
[2026-09-09 21:58:35] 🔄 Processing message 39: 19e1a91dac7b3468
[2026-09-09 21:58:35] ⏭️ Already processed, skipping
[2026-09-09 21:58:35] 🔄 Processing message 40: 19e192eca1287be1
[2026-09-09 21:58:35] ⏭️ Already processed, skipping
[2026-09-09 21:58:35] 🔄 Processing message 41: 19e1918a3549d72e
[2026-09-09 21:58:35] ⏭️ Already processed, skipping
[2026-09-09 21:58:35] 🔄 Processing message 42: 19e1846b5e593d6f
[2026-09-09 21:58:35] ⏭️ Already processed, skipping
[2026-09-09 21:58:35] 🔄 Processing message 43: 19e1825b7537decd
[2026-09-09 21:58:35] ⏭️ Already processed, skipping
[2026-09-09 21:58:35] 🔄 Processing message 44: 19e175db1727dd23
[2026-09-09 21:58:35] ⏭️ Already processed, skipping
[2026-09-09 21:58:35] 🔄 Processing message 45: 19e15b0dbf237625
[2026-09-09 21:58:35] ⏭️ Already processed, skipping
[2026-09-09 21:58:35] 🔄 Processing message 46: 19e15a926ff8938d
[2026-09-09 21:58:35] ⏭️ Already processed, skipping
[2026-09-09 21:58:35] 🔄 Processing message 47: 19e15a91a5357386
[2026-09-09 21:58:35] ⏭️ Already processed, skipping
[2026-09-09 21:58:35] 🔄 Processing message 48: 19e15a838d8bdc44
[2026-09-09 21:58:35] ⏭️ Already processed, skipping
[2026-09-09 21:58:35] 🔄 Processing message 49: 19e1581a4624bda7
[2026-09-09 21:58:35] ⏭️ Already processed, skipping
[2026-09-09 21:58:35] 🔄 Processing message 50: 19e156e89825fbaa
[2026-09-09 21:58:35] ⏭️ Already processed, skipping
[2026-09-09 21:58:35] --- Page 7: 50 messages ---
[2026-09-09 21:58:35] 🔄 Processing message 1: 19e04a0468c1b700
[2026-09-09 21:58:35] ⏭️ Already processed, skipping
[2026-09-09 21:58:35] 🔄 Processing message 2: 19e012b25bf40a9f
[2026-09-09 21:58:35] ⏭️ Already processed, skipping
[2026-09-09 21:58:35] 🔄 Processing message 3: 19e00d448d54980e
[2026-09-09 21:58:35] ⏭️ Already processed, skipping
[2026-09-09 21:58:35] 🔄 Processing message 4: 19dff5f9deba1f87
[2026-09-09 21:58:35] ⏭️ Already processed, skipping
[2026-09-09 21:58:35] 🔄 Processing message 5: 19dff4461bf48e07
[2026-09-09 21:58:35] ⏭️ Already processed, skipping
[2026-09-09 21:58:35] 🔄 Processing message 6: 19dff23a12a611cc
[2026-09-09 21:58:35] ⏭️ Already processed, skipping
[2026-09-09 21:58:35] 🔄 Processing message 7: 19dfccd5004a49ce
[2026-09-09 21:58:35] ⏭️ Already processed, skipping
[2026-09-09 21:58:35] 🔄 Processing message 8: 19dfc47c2deb5c5b
[2026-09-09 21:58:35] ⏭️ Already processed, skipping
[2026-09-09 21:58:35] 🔄 Processing message 9: 19df84d87f6b82f1
[2026-09-09 21:58:35] ⏭️ Already processed, skipping
[2026-09-09 21:58:35] 🔄 Processing message 10: 19df7756c8982dce
[2026-09-09 21:58:35] ⏭️ Already processed, skipping
[2026-09-09 21:58:35] 🔄 Processing message 11: 19df72614f444551
[2026-09-09 21:58:35] ⏭️ Already processed, skipping
[2026-09-09 21:58:35] 🔄 Processing message 12: 19df310a305ef8bc
[2026-09-09 21:58:35] ⏭️ Already processed, skipping
[2026-09-09 21:58:35] 🔄 Processing message 13: 19df1756608e9463
[2026-09-09 21:58:35] ⏭️ Already processed, skipping
[2026-09-09 21:58:35] 🔄 Processing message 14: 19dee00a7a5793e5
[2026-09-09 21:58:35] ⏭️ Already processed, skipping
[2026-09-09 21:58:35] 🔄 Processing message 15: 19ded47b023b5f21
[2026-09-09 21:58:35] ⏭️ Already processed, skipping
[2026-09-09 21:58:35] 🔄 Processing message 16: 19de89a697fb6531
[2026-09-09 21:58:35] ⏭️ Already processed, skipping
[2026-09-09 21:58:35] 🔄 Processing message 17: 19de599c9e44cc45
[2026-09-09 21:58:35] ⏭️ Already processed, skipping
[2026-09-09 21:58:35] 🔄 Processing message 18: 19ddaa0f1d4f7fb1
[2026-09-09 21:58:35] ⏭️ Already processed, skipping
[2026-09-09 21:58:35] 🔄 Processing message 19: 19dd98997a2d42e1
[2026-09-09 21:58:35] ⏭️ Already processed, skipping
[2026-09-09 21:58:35] 🔄 Processing message 20: 19dd7442cbe2681c
[2026-09-09 21:58:35] ⏭️ Already processed, skipping
[2026-09-09 21:58:35] 🔄 Processing message 21: 19dd4677d65dd08a
[2026-09-09 21:58:35] ⏭️ Already processed, skipping
[2026-09-09 21:58:35] 🔄 Processing message 22: 19dd25d72032a311
[2026-09-09 21:58:35] ⏭️ Already processed, skipping
[2026-09-09 21:58:35] 🔄 Processing message 23: 19dcf020604099d5
[2026-09-09 21:58:35] ⏭️ Already processed, skipping
[2026-09-09 21:58:35] 🔄 Processing message 24: 19dcea244f4eafc3
[2026-09-09 21:58:35] ⏭️ Already processed, skipping
[2026-09-09 21:58:35] 🔄 Processing message 25: 19dcdc897aa6c6c0
[2026-09-09 21:58:35] ⏭️ Already processed, skipping
[2026-09-09 21:58:35] 🔄 Processing message 26: 19dcd785c2d9f7c7
[2026-09-09 21:58:35] ⏭️ Already processed, skipping
[2026-09-09 21:58:35] 🔄 Processing message 27: 19dccf9eec4f7253
[2026-09-09 21:58:35] ⏭️ Already processed, skipping
[2026-09-09 21:58:35] 🔄 Processing message 28: 19dc50f8fbe8de85
[2026-09-09 21:58:35] ⏭️ Already processed, skipping
[2026-09-09 21:58:35] 🔄 Processing message 29: 19dc4bcbe7e735d4
[2026-09-09 21:58:36] 📊 Subject: Coupon Expiring Soon
   From: no-reply@kucoin.com
   Sender score: 20/40
   Content score: 0/100
   Combined confidence: 18%
   Signals:
[2026-09-09 21:58:36] ⏭️ Confidence 18% < 20%, skipping
[2026-09-09 21:58:36] 🔄 Processing message 30: 19dc02fc0a5c13bf
[2026-09-09 21:58:37] 📊 Subject: איך להנחות את ה-AI: צפייה בוובינר המוקלט
   From: advertise-noreply@global.metamail.com
   Sender score: 20/40
   Content score: 35/100
   Combined confidence: 40%
   Signals: order_number_pattern, item_list_found
[2026-09-09 21:58:37] 🔧 No specific parser found
[2026-09-09 21:58:37] ⏭️ Confidence 40% < 70% and no parser, skipping
[2026-09-09 21:58:37] 🔄 Processing message 31: 19dbf5b766855aa4
[2026-09-09 21:58:37] 📊 Subject: הידעת? העסק שלך עומד בדרישות למינוי Meta Verified
   From: advertise-noreply@global.metamail.com
   Sender score: 20/40
   Content score: 10/100
   Combined confidence: 24%
   Signals: item_list_found
[2026-09-09 21:58:37] 🔧 No specific parser found
[2026-09-09 21:58:37] ⏭️ Confidence 24% < 70% and no parser, skipping
[2026-09-09 21:58:37] 🔄 Processing message 32: 19dbde17fce80789
[2026-09-09 21:58:38] 📊 Subject: השתמשו בשיטות מומלצות מוכחות במודעה הראשונה שלכם ב-Reels
   From: advertise-noreply@global.metamail.com
   Sender score: 20/40
   Content score: 0/100
   Combined confidence: 18%
   Signals:
[2026-09-09 21:58:38] ⏭️ Confidence 18% < 20%, skipping
[2026-09-09 21:58:38] 🔄 Processing message 33: 19dbb627af2813a0
[2026-09-09 21:58:38] 📊 Subject: הודעה מחברת המשלוחים
   From: noreply@mail.hfd.co.il
   Sender score: 20/40
   Content score: 35/100
   Combined confidence: 40%
   Signals: order_number_pattern, shipping_signal
[2026-09-09 21:58:38] 🔧 No specific parser found
[2026-09-09 21:58:38] ⏭️ Confidence 40% < 70% and no parser, skipping
[2026-09-09 21:58:38] 🔄 Processing message 34: 19dbb500ce6f8704
[2026-09-09 21:58:39] 📊 Subject: ✅ בני, finish setting up your Apple iPhone with Google
   From: no-reply@google.com
   Sender score: 20/40
   Content score: 0/100
   Combined confidence: 18%
   Signals:
[2026-09-09 21:58:39] ⏭️ Confidence 18% < 20%, skipping
[2026-09-09 21:58:39] 🔄 Processing message 35: 19dbb4f1e6dc64fd
[2026-09-09 21:58:39] 📊 Subject: Security alert
   From: no-reply@accounts.google.com
   Sender score: 20/40
   Content score: 0/100
   Combined confidence: 18%
   Signals:
[2026-09-09 21:58:39] ⏭️ Confidence 18% < 20%, skipping
[2026-09-09 21:58:39] 🔄 Processing message 36: 19db6d558abd10be
[2026-09-09 21:58:40] 📊 Subject: Your Google Account was recovered successfully
   From: no-reply@accounts.google.com
   Sender score: 20/40
   Content score: 0/100
   Combined confidence: 18%
   Signals:
[2026-09-09 21:58:40] ⏭️ Confidence 18% < 20%, skipping
[2026-09-09 21:58:40] 🔄 Processing message 37: 19db4670a8f40ae7
[2026-09-09 21:58:40] 📊 Subject: הדרך הקצרה ליצירת מודעות נוספות ולהשגת תוצאות מרביות
   From: advertise-noreply@global.metamail.com
   Sender score: 20/40
   Content score: 35/100
   Combined confidence: 40%
   Signals: order_number_pattern, item_list_found
[2026-09-09 21:58:40] 🔧 No specific parser found
[2026-09-09 21:58:40] ⏭️ Confidence 40% < 70% and no parser, skipping
[2026-09-09 21:58:40] 🔄 Processing message 38: 19db410b03b4866b
[2026-09-09 21:58:41] 📊 Subject: ‎Updates to your developer experience with Meta‎
   From: noreply@developers.facebook.com
   Sender score: 20/40
   Content score: 0/100
   Combined confidence: 18%
   Signals:
[2026-09-09 21:58:41] ⏭️ Confidence 18% < 20%, skipping
[2026-09-09 21:58:41] 🔄 Processing message 39: 19dafdbfab37b252
[2026-09-09 21:58:42] 📊 Subject: Receipt for Your Payment to AISG E-COMMERCE PRIV...
   From: service@paypal.co.il
   Sender score: 20/40
   Content score: 90/100
   Combined confidence: 76%
   Signals: order_number_pattern, amount_found, english_purchase_phrase, item_list_found, shipping_signal, subject_keyword
[2026-09-09 21:58:42] 🔧 Parser: MyOrdersVault\Parsers\PayPalParser
   Extracted: YES (#5LC06082UH6978906)
[2026-09-09 21:58:42] ✅ WILL SAVE: Receipt for Your Payment to AISG E-COMMERCE PRIV... - Confidence: 76%
[2026-09-09 21:58:42] ✅ Cleaned order number: 5LC06082UH6978906 (paypal)
[2026-09-09 21:58:42] 📧 Using from_email as customer email: service@paypal.co.il
[2026-09-09 21:58:42] 💾 gmail_messages ID: 488
   Order save: SUCCESS (ID: 122)
   Reason: parser_success_confidence_76
   Customer email: service@paypal.co.il
   Order number valid: YES
[2026-09-09 21:58:42] 🔄 Processing message 40: 19dabba1d51c7213
[2026-09-09 21:58:42] 📊 Subject: Glow up time
   From: no-reply@marketing.base44.com
   Sender score: 20/40
   Content score: 25/100
   Combined confidence: 34%
   Signals: order_number_pattern
[2026-09-09 21:58:42] 🔧 No specific parser found
[2026-09-09 21:58:42] ⏭️ Confidence 34% < 70% and no parser, skipping
[2026-09-09 21:58:42] 🔄 Processing message 41: 19da952ee78a486a
[2026-09-09 21:58:43] 📊 Subject: 4 טיפים להנחיית ה-AI שמאחורי הקריאייטיב של Advantage+‎
   From: advertise-noreply@global.metamail.com
   Sender score: 20/40
   Content score: 35/100
   Combined confidence: 40%
   Signals: order_number_pattern, item_list_found
[2026-09-09 21:58:43] 🔧 No specific parser found
[2026-09-09 21:58:43] ⏭️ Confidence 40% < 70% and no parser, skipping
[2026-09-09 21:58:43] 🔄 Processing message 42: 19da148f10335707
[2026-09-09 21:58:43] 📊 Subject: Receipt for Your Payment to Hostinger Internatio...
   From: service@paypal.co.il
   Sender score: 20/40
   Content score: 80/100
   Combined confidence: 70%
   Signals: order_number_pattern, amount_found, english_purchase_phrase, item_list_found, subject_keyword
[2026-09-09 21:58:43] 🔧 Parser: MyOrdersVault\Parsers\PayPalParser
   Extracted: YES (#39L14074YD2702616)
[2026-09-09 21:58:43] ✅ WILL SAVE: Receipt for Your Payment to Hostinger Internatio... - Confidence: 70%
[2026-09-09 21:58:43] ✅ Cleaned order number: 39L14074YD2702616 (paypal)
[2026-09-09 21:58:43] 📧 Extracted customer email: support@hostinger.co
[2026-09-09 21:58:43] 💾 gmail_messages ID: 492
   Order save: SUCCESS (ID: 123)
   Reason: parser_success_confidence_70
   Customer email: support@hostinger.co
   Order number valid: YES
[2026-09-09 21:58:43] 🔄 Processing message 43: 19da0fd6b83bcae3
[2026-09-09 21:58:44] 📊 Subject: Coupon Pack received!
   From: no-reply@kucoin.com
   Sender score: 20/40
   Content score: 0/100
   Combined confidence: 18%
   Signals:
[2026-09-09 21:58:44] ⏭️ Confidence 18% < 20%, skipping
[2026-09-09 21:58:44] 🔄 Processing message 44: 19da07bdc4e19dae
[2026-09-09 21:58:44] 📊 Subject: חשבונית מס קבלה מספר 8954
   From: outgoing@icount.co.il
   Sender score: 0/40
   Content score: 50/100
   Combined confidence: 33%
   Signals: order_number_pattern, hebrew_purchase_phrase, subject_keyword
[2026-09-09 21:58:44] 🔧 No specific parser found
[2026-09-09 21:58:44] ⏭️ Confidence 33% < 70% and no parser, skipping
[2026-09-09 21:58:44] 🔄 Processing message 45: 19da07bc5f38dc61
[2026-09-09 21:58:45] 📊 Subject: Receipt for Your Payment to גלילה
   From: service@paypal.co.il
   Sender score: 20/40
   Content score: 90/100
   Combined confidence: 76%
   Signals: order_number_pattern, amount_found, english_purchase_phrase, item_list_found, shipping_signal, subject_keyword
[2026-09-09 21:58:45] 🔧 Parser: MyOrdersVault\Parsers\PayPalParser
   Extracted: YES (#3YW0309591724980U)
[2026-09-09 21:58:45] ✅ WILL SAVE: Receipt for Your Payment to גלילה - Confidence: 76%
[2026-09-09 21:58:45] ✅ Cleaned order number: 3YW0309591724980U (paypal)
[2026-09-09 21:58:45] 📧 Using from_email as customer email: service@paypal.co.il
[2026-09-09 21:58:45] 💾 gmail_messages ID: 496
   Order save: SUCCESS (ID: 124)
   Reason: parser_success_confidence_76
   Customer email: service@paypal.co.il
   Order number valid: YES
[2026-09-09 21:58:45] 🔄 Processing message 46: 19d9ea5802659917
[2026-09-09 21:58:45] 📊 Subject: איך להגדיל את הצעות המחיר לקהלים בעדיפות גבוהה
   From: advertise-noreply@global.metamail.com
   Sender score: 20/40
   Content score: 10/100
   Combined confidence: 24%
   Signals: item_list_found
[2026-09-09 21:58:45] 🔧 No specific parser found
[2026-09-09 21:58:45] ⏭️ Confidence 24% < 70% and no parser, skipping
[2026-09-09 21:58:45] 🔄 Processing message 47: 19d9cbdf03f89c19
[2026-09-09 21:58:46] 📊 Subject: 🎉 You’ve Received a KuCoin Fee Coupon – Buy Crypto for Less!
   From: no-reply@kucoin.com
   Sender score: 20/40
   Content score: 0/100
   Combined confidence: 18%
   Signals:
[2026-09-09 21:58:46] ⏭️ Confidence 18% < 20%, skipping
[2026-09-09 21:58:46] 🔄 Processing message 48: 19d9a7a1babc077e
[2026-09-09 21:58:47] 📊 Subject: הודעה על משלוח שמספרו RS1307344056Y
   From: noReply@postil.co.il
   Sender score: 20/40
   Content score: 10/100
   Combined confidence: 24%
   Signals: shipping_signal
[2026-09-09 21:58:47] 🔧 No specific parser found
[2026-09-09 21:58:47] ⏭️ Confidence 24% < 70% and no parser, skipping
[2026-09-09 21:58:47] 🔄 Processing message 49: 19d99fb992e5a694
[2026-09-09 21:58:47] 📊 Subject: יש משהו חשוב שחסר במודעות שלכם
   From: advertise-noreply@global.metamail.com
   Sender score: 20/40
   Content score: 0/100
   Combined confidence: 18%
   Signals:
[2026-09-09 21:58:47] ⏭️ Confidence 18% < 20%, skipping
[2026-09-09 21:58:47] 🔄 Processing message 50: 19d989f68ed8a5d7
[2026-09-09 21:58:48] 📊 Subject: Receipt for Your Payment to Google Payment Limit...
   From: service@paypal.co.il
   Sender score: 20/40
   Content score: 55/100
   Combined confidence: 53%
   Signals: amount_found, english_purchase_phrase, item_list_found, subject_keyword
[2026-09-09 21:58:48] 🔧 Parser: MyOrdersVault\Parsers\PayPalParser
   Extracted: YES (#0T726593NG165781N)
[2026-09-09 21:58:48] ✅ WILL SAVE: Receipt for Your Payment to Google Payment Limit... - Confidence: 53%
[2026-09-09 21:58:48] ✅ Cleaned order number: 0T726593NG165781N (paypal)
[2026-09-09 21:58:48] 📧 Using from_email as customer email: service@paypal.co.il
[2026-09-09 21:58:48] 💾 gmail_messages ID: 502
   Order save: SUCCESS (ID: 125)
   Reason: parser_success_confidence_53
   Customer email: service@paypal.co.il
   Order number valid: YES
[2026-09-09 21:58:48] --- Page 8: 50 messages ---
[2026-09-09 21:58:48] 🔄 Processing message 1: 19d97fbd0f1737a5
[2026-09-09 21:58:49] 📊 Subject: חשוב לפעול עכשיו: שלבו אותות לא מקוונים כדי להגדיל את המכירות
   From: advertise-noreply@global.metamail.com
   Sender score: 20/40
   Content score: 25/100
   Combined confidence: 34%
   Signals: order_number_pattern
[2026-09-09 21:58:49] 🔧 No specific parser found
[2026-09-09 21:58:49] ⏭️ Confidence 34% < 70% and no parser, skipping
[2026-09-09 21:58:49] 🔄 Processing message 2: 19d979a1740d413c
[2026-09-09 21:58:49] 📊 Subject: Receipt for Your Payment to Hostinger Internatio...
   From: service@paypal.co.il
   Sender score: 20/40
   Content score: 80/100
   Combined confidence: 70%
   Signals: order_number_pattern, amount_found, english_purchase_phrase, item_list_found, subject_keyword
[2026-09-09 21:58:49] 🔧 Parser: MyOrdersVault\Parsers\PayPalParser
   Extracted: YES (#0GY08335093555449)
[2026-09-09 21:58:49] ✅ WILL SAVE: Receipt for Your Payment to Hostinger Internatio... - Confidence: 70%
[2026-09-09 21:58:49] ✅ Cleaned order number: 0GY08335093555449 (paypal)
[2026-09-09 21:58:49] 📧 Extracted customer email: support@hostinger.co
[2026-09-09 21:58:49] 💾 gmail_messages ID: 505
   Order save: SUCCESS (ID: 126)
   Reason: parser_success_confidence_70
   Customer email: support@hostinger.co
   Order number valid: YES
[2026-09-09 21:58:49] 🔄 Processing message 3: 19d978c8dd4b4046
[2026-09-09 21:58:50] 📊 Subject: Your Futures Trial Funds Have Expired
   From: no-reply@kucoin.com
   Sender score: 20/40
   Content score: 25/100
   Combined confidence: 34%
   Signals: order_number_pattern
[2026-09-09 21:58:50] 🔧 No specific parser found
[2026-09-09 21:58:50] ⏭️ Confidence 34% < 70% and no parser, skipping
[2026-09-09 21:58:50] 🔄 Processing message 4: 19d8d4e8667ddb31
[2026-09-09 21:58:50] 📊 Subject: [Advertisement] Important Booking.com Security Update
   From: noreply@booking.com
   Sender score: 20/40
   Content score: 25/100
   Combined confidence: 34%
   Signals: order_number_pattern
[2026-09-09 21:58:50] 🔧 No specific parser found
[2026-09-09 21:58:50] ⏭️ Confidence 34% < 70% and no parser, skipping
[2026-09-09 21:58:50] 🔄 Processing message 5: 19d8cab58505b74b
[2026-09-09 21:58:51] 📊 Subject: This week at Base44
   From: no-reply@marketing.base44.com
   Sender score: 20/40
   Content score: 35/100
   Combined confidence: 40%
   Signals: order_number_pattern, item_list_found
[2026-09-09 21:58:51] 🔧 No specific parser found
[2026-09-09 21:58:51] ⏭️ Confidence 40% < 70% and no parser, skipping
[2026-09-09 21:58:51] 🔄 Processing message 6: 19d87c084acf2200
[2026-09-09 21:58:51] 📊 Subject: שינויים צפויים באפשרויות לניהול השימוש בנתונים ב-Google Analytics
   From: analytics-noreply@google.com
   Sender score: 20/40
   Content score: 10/100
   Combined confidence: 24%
   Signals: shipping_signal
[2026-09-09 21:58:51] 🔧 No specific parser found
[2026-09-09 21:58:51] ⏭️ Confidence 24% < 70% and no parser, skipping
[2026-09-09 21:58:51] 🔄 Processing message 7: 19d8567367485113
[2026-09-09 21:58:52] 📊 Subject: כלי מודעות חדשים להגברת פוטנציאל המכירות
   From: advertise-noreply@global.metamail.com
   Sender score: 20/40
   Content score: 0/100
   Combined confidence: 18%
   Signals:
[2026-09-09 21:58:52] ⏭️ Confidence 18% < 20%, skipping
[2026-09-09 21:58:52] 🔄 Processing message 8: 19d76a2d4a2eb575
[2026-09-09 21:58:52] 📊 Subject: Supercell ID Login [523 347]
   From: noreply@id.supercell.com
   Sender score: 20/40
   Content score: 0/100
   Combined confidence: 18%
   Signals:
[2026-09-09 21:58:52] ⏭️ Confidence 18% < 20%, skipping
[2026-09-09 21:58:52] 🔄 Processing message 9: 19d75d6b91426163
[2026-09-09 21:58:53] 📊 Subject: הדרך הקצרה ליצירת מודעות נוספות ולהשגת תוצאות מרביות
   From: advertise-noreply@global.metamail.com
   Sender score: 20/40
   Content score: 35/100
   Combined confidence: 40%
   Signals: order_number_pattern, item_list_found
[2026-09-09 21:58:53] 🔧 No specific parser found
[2026-09-09 21:58:53] ⏭️ Confidence 40% < 70% and no parser, skipping
[2026-09-09 21:58:53] 🔄 Processing message 10: 19d737a73f5a841d
[2026-09-09 21:58:54] 📊 Subject: Coupon Pack received!
   From: no-reply@kucoin.com
   Sender score: 20/40
   Content score: 0/100
   Combined confidence: 18%
   Signals:
[2026-09-09 21:58:54] ⏭️ Confidence 18% < 20%, skipping
[2026-09-09 21:58:54] 🔄 Processing message 11: 19d69f781576eabd
[2026-09-09 21:58:54] 📊 Subject: Your Futures Trial Funds Have Expired
   From: no-reply@kucoin.com
   Sender score: 20/40
   Content score: 25/100
   Combined confidence: 34%
   Signals: order_number_pattern
[2026-09-09 21:58:54] 🔧 No specific parser found
[2026-09-09 21:58:54] ⏭️ Confidence 34% < 70% and no parser, skipping
[2026-09-09 21:58:54] 🔄 Processing message 12: 19d69c368c1d38c1
[2026-09-09 21:58:55] 📊 Subject: Coupon Expiring Soon
   From: no-reply@kucoin.com
   Sender score: 20/40
   Content score: 0/100
   Combined confidence: 18%
   Signals:
[2026-09-09 21:58:55] ⏭️ Confidence 18% < 20%, skipping
[2026-09-09 21:58:55] 🔄 Processing message 13: 19d66f1add3feb7a
[2026-09-09 21:58:55] 📊 Subject: העסק שלכם ייראה נהדר בסרטונים
   From: advertise-noreply@global.metamail.com
   Sender score: 20/40
   Content score: 0/100
   Combined confidence: 18%
   Signals:
[2026-09-09 21:58:55] ⏭️ Confidence 18% < 20%, skipping
[2026-09-09 21:58:55] 🔄 Processing message 14: 19d66a240214f995
[2026-09-09 21:58:56] 📊 Subject: Your March Search performance for https://ortechaluminum.com/
   From: sc-noreply@google.com
   Sender score: 20/40
   Content score: 25/100
   Combined confidence: 34%
   Signals: order_number_pattern
[2026-09-09 21:58:56] 🔧 No specific parser found
[2026-09-09 21:58:56] ⏭️ Confidence 34% < 70% and no parser, skipping
[2026-09-09 21:58:56] 🔄 Processing message 15: 19d64e65abd105e2
[2026-09-09 21:58:56] 📊 Subject: מ.מ אגר פרוייקטים, your performance report for March 2026
   From: businessprofile-noreply@google.com
   Sender score: 20/40
   Content score: 0/100
   Combined confidence: 18%
   Signals:
[2026-09-09 21:58:56] ⏭️ Confidence 18% < 20%, skipping
[2026-09-09 21:58:56] 🔄 Processing message 16: 19d64d9c645b37f1
[2026-09-09 21:58:57] 📊 Subject: אור-טק פתרונות אלומיניום בע״מ, your performance report for March 2026
   From: businessprofile-noreply@google.com
   Sender score: 20/40
   Content score: 0/100
   Combined confidence: 18%
   Signals:
[2026-09-09 21:58:57] ⏭️ Confidence 18% < 20%, skipping
[2026-09-09 21:58:57] 🔄 Processing message 17: 19d64b4700fd390b
[2026-09-09 21:58:58] 📊 Subject: Golden Events גולדן ארועים, your performance report for March 2026
   From: businessprofile-noreply@google.com
   Sender score: 20/40
   Content score: 25/100
   Combined confidence: 34%
   Signals: order_number_pattern
[2026-09-09 21:58:58] 🔧 No specific parser found
[2026-09-09 21:58:58] ⏭️ Confidence 34% < 70% and no parser, skipping
[2026-09-09 21:58:58] 🔄 Processing message 18: 19d636b0036a3fd6
[2026-09-09 21:58:58] 📊 Subject: This week at Base44
   From: no-reply@marketing.base44.com
   Sender score: 20/40
   Content score: 35/100
   Combined confidence: 40%
   Signals: order_number_pattern, item_list_found
[2026-09-09 21:58:58] 🔧 No specific parser found
[2026-09-09 21:58:58] ⏭️ Confidence 40% < 70% and no parser, skipping
[2026-09-09 21:58:58] 🔄 Processing message 19: 19d622a8417fc1f9
[2026-09-09 21:58:59] 📊 Subject: New reasons prevent pages from being indexed on site https://ortechaluminum.com/
   From: sc-noreply@google.com
   Sender score: 20/40
   Content score: 25/100
   Combined confidence: 34%
   Signals: order_number_pattern
[2026-09-09 21:58:59] 🔧 No specific parser found
[2026-09-09 21:58:59] ⏭️ Confidence 34% < 70% and no parser, skipping
[2026-09-09 21:58:59] 🔄 Processing message 20: 19d61f485286f4d1
[2026-09-09 21:58:59] ⏳ Rate limited, retrying in 5s (attempt 1/5)
[2026-09-09 21:59:04] 📊 Subject: Security alert for omeronov@gmail.com
   From: no-reply@accounts.google.com
   Sender score: 20/40
   Content score: 0/100
   Combined confidence: 18%
   Signals:
[2026-09-09 21:59:04] ⏭️ Confidence 18% < 20%, skipping
[2026-09-09 21:59:04] 🔄 Processing message 21: 19d6165b887e782c
[2026-09-09 21:59:05] 📊 Subject: הקבלה שלך על ‏מודעות‏ ‏‎Meta‎‏ (מזהה החשבון: ‏864307543015284‏)
   From: noreply@business-updates.facebook.com
   Sender score: 20/40
   Content score: 65/100
   Combined confidence: 60%
   Signals: order_number_pattern, amount_found, item_list_found, subject_keyword
[2026-09-09 21:59:05] 🔧 No specific parser found
[2026-09-09 21:59:05] ⏭️ Confidence 60% < 70% and no parser, skipping
[2026-09-09 21:59:05] 🔄 Processing message 22: 19d6140ea79a58ee
[2026-09-09 21:59:05] 📊 Subject: שני כלים חדשים שיעזרו לכם לבלוט בפני קונים רבים יותר
   From: advertise-noreply@global.metamail.com
   Sender score: 20/40
   Content score: 0/100
   Combined confidence: 18%
   Signals:
[2026-09-09 21:59:05] ⏭️ Confidence 18% < 20%, skipping
[2026-09-09 21:59:05] 🔄 Processing message 23: 19d6120e60e0f924
[2026-09-09 21:59:06] 📊 Subject: הקבלה שלך על ‏מודעות‏ ‏‎Meta‎‏ (מזהה החשבון: ‏864307543015284‏)
   From: noreply@business-updates.facebook.com
   Sender score: 20/40
   Content score: 65/100
   Combined confidence: 60%
   Signals: order_number_pattern, amount_found, item_list_found, subject_keyword
[2026-09-09 21:59:06] 🔧 No specific parser found
[2026-09-09 21:59:06] ⏭️ Confidence 60% < 70% and no parser, skipping
[2026-09-09 21:59:06] 🔄 Processing message 24: 19d57bc32a7c25f6
[2026-09-09 21:59:07] 📊 Subject: זה הזמן להירשם: שיפור המכירות באמצעות מודעות חוצות ערוצים
   From: advertise-noreply@global.metamail.com
   Sender score: 20/40
   Content score: 10/100
   Combined confidence: 24%
   Signals: item_list_found
[2026-09-09 21:59:07] 🔧 No specific parser found
[2026-09-09 21:59:07] ⏭️ Confidence 24% < 70% and no parser, skipping
[2026-09-09 21:59:07] 🔄 Processing message 25: 19d5717f17ef6320
[2026-09-09 21:59:07] 📊 Subject: 44% Off Select Yearly Plans — Today Only
   From: no-reply@marketing.base44.com
   Sender score: 20/40
   Content score: 35/100
   Combined confidence: 40%
   Signals: order_number_pattern, item_list_found
[2026-09-09 21:59:07] 🔧 No specific parser found
[2026-09-09 21:59:07] ⏭️ Confidence 40% < 70% and no parser, skipping
[2026-09-09 21:59:07] 🔄 Processing message 26: 19d499278e5eb019
[2026-09-09 21:59:08] 📊 Subject: Your Superagent just learned 130 new tricks
   From: no-reply@marketing.base44.com
   Sender score: 20/40
   Content score: 35/100
   Combined confidence: 40%
   Signals: order_number_pattern, shipping_signal
[2026-09-09 21:59:08] 🔧 No specific parser found
[2026-09-09 21:59:08] ⏭️ Confidence 40% < 70% and no parser, skipping
[2026-09-09 21:59:08] 🔄 Processing message 27: 19d49063d594bba4
[2026-09-09 21:59:08] 📊 Subject: 🎉 You’ve Received a KuCoin Fee Coupon – Buy Crypto for Less!
   From: no-reply@kucoin.com
   Sender score: 20/40
   Content score: 0/100
   Combined confidence: 18%
   Signals:
[2026-09-09 21:59:08] ⏭️ Confidence 18% < 20%, skipping
[2026-09-09 21:59:08] 🔄 Processing message 28: 19d4757f5dedea4f
[2026-09-09 21:59:09] 📊 Subject: קבלה מאתר מטרופארק
   From: metropark@metropark.co.il
   Sender score: 0/40
   Content score: 35/100
   Combined confidence: 23%
   Signals: order_number_pattern, subject_keyword
[2026-09-09 21:59:09] 🔧 No specific parser found
[2026-09-09 21:59:09] ⏭️ Confidence 23% < 70% and no parser, skipping
[2026-09-09 21:59:09] 🔄 Processing message 29: 19d45b4c4b9c3719
[2026-09-09 21:59:09] 📊 Subject: Coupon Pack received!
   From: no-reply@kucoin.com
   Sender score: 20/40
   Content score: 0/100
   Combined confidence: 18%
   Signals:
[2026-09-09 21:59:09] ⏭️ Confidence 18% < 20%, skipping
[2026-09-09 21:59:09] 🔄 Processing message 30: 19d43605afb2f1c0
[2026-09-09 21:59:10] 📊 Subject: כל העדכונים: כלי מודעות חדשים ותוכן פופולרי
   From: advertise-noreply@global.metamail.com
   Sender score: 20/40
   Content score: 10/100
   Combined confidence: 24%
   Signals: item_list_found
[2026-09-09 21:59:10] 🔧 No specific parser found
[2026-09-09 21:59:10] ⏭️ Confidence 24% < 70% and no parser, skipping
[2026-09-09 21:59:10] 🔄 Processing message 31: 19d40573b018a23f
[2026-09-09 21:59:10] 📊 Subject: This week at Base44
   From: no-reply@marketing.base44.com
   Sender score: 20/40
   Content score: 35/100
   Combined confidence: 40%
   Signals: order_number_pattern, item_list_found
[2026-09-09 21:59:10] 🔧 No specific parser found
[2026-09-09 21:59:10] ⏭️ Confidence 40% < 70% and no parser, skipping
[2026-09-09 21:59:10] 🔄 Processing message 32: 19d3f164359cc2ed
[2026-09-09 21:59:11] 📊 Subject: מנורה מבטחים פנסיה וגמל - הדו"ח השנתי שלך כבר כאן!
   From: noreply@iw.menoramivt.co.il
   Sender score: 20/40
   Content score: 0/100
   Combined confidence: 18%
   Signals:
[2026-09-09 21:59:11] ⏭️ Confidence 18% < 20%, skipping
[2026-09-09 21:59:11] 🔄 Processing message 33: 19d3d6c31d3d8208
[2026-09-09 21:59:12] 📊 Subject: המדריך לפתרונות האוטומציה של Meta Advantage+‎
   From: advertise-noreply@global.metamail.com
   Sender score: 20/40
   Content score: 0/100
   Combined confidence: 18%
   Signals:
[2026-09-09 21:59:12] ⏭️ Confidence 18% < 20%, skipping
[2026-09-09 21:59:12] 🔄 Processing message 34: 19d39ed8f297cbc9
[2026-09-09 21:59:12] 📊 Subject: עדכון מדיניות פרטיות
   From: noreply-il@email.decathlon.com
   Sender score: 0/40
   Content score: 25/100
   Combined confidence: 16%
   Signals: order_number_pattern
[2026-09-09 21:59:12] ⏭️ Confidence 16% < 20%, skipping
[2026-09-09 21:59:12] 🔄 Processing message 35: 19d39ed396f9d07d
[2026-09-09 21:59:12] ⏳ Rate limited, retrying in 5s (attempt 1/5)
[2026-09-09 21:59:18] 📊 Subject: מנורה מבטחים פנסיה וגמל - הדו"ח השנתי שלך כבר כאן!
   From: noreply@iw.menoramivt.co.il
   Sender score: 20/40
   Content score: 0/100
   Combined confidence: 18%
   Signals:
[2026-09-09 21:59:18] ⏭️ Confidence 18% < 20%, skipping
[2026-09-09 21:59:18] 🔄 Processing message 36: 19d35d6902530fa4
[2026-09-09 21:59:18] 📊 Subject: הקבלה שלך על ‏מודעות‏ ‏‎Meta‎‏ (מזהה החשבון: ‏864307543015284‏)
   From: noreply@business-updates.facebook.com
   Sender score: 20/40
   Content score: 65/100
   Combined confidence: 60%
   Signals: order_number_pattern, amount_found, item_list_found, subject_keyword
[2026-09-09 21:59:18] 🔧 No specific parser found
[2026-09-09 21:59:18] ⏭️ Confidence 60% < 70% and no parser, skipping
[2026-09-09 21:59:18] 🔄 Processing message 37: 19d35d6032b433f4
[2026-09-09 21:59:19] 📊 Subject: הקבלה שלך על ‏מודעות‏ ‏‎Meta‎‏ (מזהה החשבון: ‏864307543015284‏)
   From: noreply@business-updates.facebook.com
   Sender score: 20/40
   Content score: 65/100
   Combined confidence: 60%
   Signals: order_number_pattern, amount_found, item_list_found, subject_keyword
[2026-09-09 21:59:19] 🔧 No specific parser found
[2026-09-09 21:59:19] ⏭️ Confidence 60% < 70% and no parser, skipping
[2026-09-09 21:59:19] 🔄 Processing message 38: 19d2e1d891fdd2e6
[2026-09-09 21:59:19] 📊 Subject: Coupon Expiring Soon
   From: no-reply@kucoin.com
   Sender score: 20/40
   Content score: 0/100
   Combined confidence: 18%
   Signals:
[2026-09-09 21:59:19] ⏭️ Confidence 18% < 20%, skipping
[2026-09-09 21:59:19] 🔄 Processing message 39: 19d2d5991cd5dd52
[2026-09-09 21:59:20] 📊 Subject: Get updates about ChatGPT
   From: noreply@email.openai.com
   Sender score: 20/40
   Content score: 0/100
   Combined confidence: 18%
   Signals:
[2026-09-09 21:59:20] ⏭️ Confidence 18% < 20%, skipping
[2026-09-09 21:59:20] 🔄 Processing message 40: 19d2906d47675ed1
[2026-09-09 21:59:21] 📊 Subject: הקבלה שלך על ‏מודעות‏ ‏‎Meta‎‏ (מזהה החשבון: ‏864307543015284‏)
   From: noreply@business-updates.facebook.com
   Sender score: 20/40
   Content score: 65/100
   Combined confidence: 60%
   Signals: order_number_pattern, amount_found, item_list_found, subject_keyword
[2026-09-09 21:59:21] 🔧 No specific parser found
[2026-09-09 21:59:21] ⏭️ Confidence 60% < 70% and no parser, skipping
[2026-09-09 21:59:21] 🔄 Processing message 41: 19d29050678a8e35
[2026-09-09 21:59:21] 📊 Subject: הקבלה שלך על ‏מודעות‏ ‏‎Meta‎‏ (מזהה החשבון: ‏864307543015284‏)
   From: noreply@business-updates.facebook.com
   Sender score: 20/40
   Content score: 65/100
   Combined confidence: 60%
   Signals: order_number_pattern, amount_found, item_list_found, subject_keyword
[2026-09-09 21:59:21] 🔧 No specific parser found
[2026-09-09 21:59:21] ⏭️ Confidence 60% < 70% and no parser, skipping
[2026-09-09 21:59:21] 🔄 Processing message 42: 19d267afba6f9303
[2026-09-09 21:59:22] 📊 Subject: Important Update to GitHub Copilot Interaction Data Usage Policy
   From: no-reply@github.com
   Sender score: 20/40
   Content score: 35/100
   Combined confidence: 40%
   Signals: order_number_pattern, item_list_found
[2026-09-09 21:59:22] 🔧 No specific parser found
[2026-09-09 21:59:22] ⏭️ Confidence 40% < 70% and no parser, skipping
[2026-09-09 21:59:22] 🔄 Processing message 43: 19d265545e40c633
[2026-09-09 21:59:22] 📊 Subject:  API Network Activity: Your Active Users Last Month 
   From: noreply@notifications.getpostman.com
   Sender score: 20/40
   Content score: 10/100
   Combined confidence: 24%
   Signals: item_list_found
[2026-09-09 21:59:22] 🔧 No specific parser found
[2026-09-09 21:59:22] ⏭️ Confidence 24% < 70% and no parser, skipping
[2026-09-09 21:59:22] 🔄 Processing message 44: 19d1e80981738d14
[2026-09-09 21:59:23] 📊 Subject: הקבלה שלך על ‏מודעות‏ ‏‎Meta‎‏ (מזהה החשבון: ‏864307543015284‏)
   From: noreply@business-updates.facebook.com
   Sender score: 20/40
   Content score: 65/100
   Combined confidence: 60%
   Signals: order_number_pattern, amount_found, item_list_found, subject_keyword
[2026-09-09 21:59:23] 🔧 No specific parser found
[2026-09-09 21:59:23] ⏭️ Confidence 60% < 70% and no parser, skipping
[2026-09-09 21:59:23] 🔄 Processing message 45: 19d1e7fc83dee396
[2026-09-09 21:59:23] 📊 Subject: הקבלה שלך על ‏מודעות‏ ‏‎Meta‎‏ (מזהה החשבון: ‏864307543015284‏)
   From: noreply@business-updates.facebook.com
   Sender score: 20/40
   Content score: 65/100
   Combined confidence: 60%
   Signals: order_number_pattern, amount_found, item_list_found, subject_keyword
[2026-09-09 21:59:23] 🔧 No specific parser found
[2026-09-09 21:59:23] ⏭️ Confidence 60% < 70% and no parser, skipping
[2026-09-09 21:59:23] 🔄 Processing message 46: 19d1bc9346152d3c
[2026-09-09 21:59:24] 📊 Subject: This week at Base44
   From: no-reply@marketing.base44.com
   Sender score: 20/40
   Content score: 35/100
   Combined confidence: 40%
   Signals: order_number_pattern, item_list_found
[2026-09-09 21:59:24] 🔧 No specific parser found
[2026-09-09 21:59:24] ⏭️ Confidence 40% < 70% and no parser, skipping
[2026-09-09 21:59:24] 🔄 Processing message 47: 19d19a95f17ab4f9
[2026-09-09 21:59:24] 📊 Subject: המודעות שלך אושרו
   From: noreply@business-updates.facebook.com
   Sender score: 20/40
   Content score: 0/100
   Combined confidence: 18%
   Signals:
[2026-09-09 21:59:24] ⏭️ Confidence 18% < 20%, skipping
[2026-09-09 21:59:24] 🔄 Processing message 48: 19d199ca633e6aed
[2026-09-09 21:59:25] 📊 Subject: Golden Events גולדן ארועים, are you open on First day of Passover?
   From: businessprofile-noreply@google.com
   Sender score: 20/40
   Content score: 0/100
   Combined confidence: 18%
   Signals:
[2026-09-09 21:59:25] ⏭️ Confidence 18% < 20%, skipping
[2026-09-09 21:59:25] 🔄 Processing message 49: 19d161ab0d65b1fc
[2026-09-09 21:59:25] 📊 Subject: הקבלה שלך על ‏מודעות‏ ‏‎Meta‎‏ (מזהה החשבון: ‏864307543015284‏)
   From: noreply@business-updates.facebook.com
   Sender score: 20/40
   Content score: 65/100
   Combined confidence: 60%
   Signals: order_number_pattern, amount_found, item_list_found, subject_keyword
[2026-09-09 21:59:25] 🔧 No specific parser found
[2026-09-09 21:59:25] ⏭️ Confidence 60% < 70% and no parser, skipping
[2026-09-09 21:59:25] 🔄 Processing message 50: 19d0cd17fa459571
[2026-09-09 21:59:26] 📊 Subject: 🎉 You’ve Received a KuCoin Fee Coupon – Buy Crypto for Less!
   From: no-reply@kucoin.com
   Sender score: 20/40
   Content score: 0/100
   Combined confidence: 18%
   Signals:
[2026-09-09 21:59:26] ⏭️ Confidence 18% < 20%, skipping
[2026-09-09 21:59:26] --- Page 9: 50 messages ---
[2026-09-09 21:59:26] 🔄 Processing message 1: 19d0c04ffd0bfd7f
[2026-09-09 21:59:27] 📊 Subject: הקבלה שלך על ‏מודעות‏ ‏‎Meta‎‏ (מזהה החשבון: ‏864307543015284‏)
   From: noreply@business-updates.facebook.com
   Sender score: 20/40
   Content score: 65/100
   Combined confidence: 60%
   Signals: order_number_pattern, amount_found, item_list_found, subject_keyword
[2026-09-09 21:59:27] 🔧 No specific parser found
[2026-09-09 21:59:27] ⏭️ Confidence 60% < 70% and no parser, skipping
[2026-09-09 21:59:27] 🔄 Processing message 2: 19d0b1be12a06aeb
[2026-09-09 21:59:28] 📊 Subject: Coupon Pack received!
   From: no-reply@kucoin.com
   Sender score: 20/40
   Content score: 0/100
   Combined confidence: 18%
   Signals:
[2026-09-09 21:59:28] ⏭️ Confidence 18% < 20%, skipping
[2026-09-09 21:59:28] 🔄 Processing message 3: 19d04c6daeaf1302
[2026-09-09 21:59:28] 📊 Subject: יש שיפור בביצועי המודעה שלך – הדוח זמין לצפייה
   From: advertise-noreply@global.metamail.com
   Sender score: 20/40
   Content score: 0/100
   Combined confidence: 18%
   Signals:
[2026-09-09 21:59:28] ⏭️ Confidence 18% < 20%, skipping
[2026-09-09 21:59:28] 🔄 Processing message 4: 19d029ee1a7e5910
[2026-09-09 21:59:29] 📊 Subject: Receipt for Your Payment to AISG E-COMMERCE PRIV...
   From: service@paypal.co.il
   Sender score: 20/40
   Content score: 90/100
   Combined confidence: 76%
   Signals: order_number_pattern, amount_found, english_purchase_phrase, item_list_found, shipping_signal, subject_keyword
[2026-09-09 21:59:29] 🔧 Parser: MyOrdersVault\Parsers\PayPalParser
   Extracted: YES (#34V897147D3991238)
[2026-09-09 21:59:29] ✅ WILL SAVE: Receipt for Your Payment to AISG E-COMMERCE PRIV... - Confidence: 76%
[2026-09-09 21:59:29] ✅ Cleaned order number: 34V897147D3991238 (paypal)
[2026-09-09 21:59:29] 📧 Using from_email as customer email: service@paypal.co.il
[2026-09-09 21:59:29] 💾 gmail_messages ID: 558
   Order save: SUCCESS (ID: 127)
   Reason: parser_success_confidence_76
   Customer email: service@paypal.co.il
   Order number valid: YES
[2026-09-09 21:59:29] 🔄 Processing message 5: 19d00cb71239a4d0
[2026-09-09 21:59:29] 📊 Subject: הקבלה שלך על ‏מודעות‏ ‏‎Meta‎‏ (מזהה החשבון: ‏864307543015284‏)
   From: noreply@business-updates.facebook.com
   Sender score: 20/40
   Content score: 65/100
   Combined confidence: 60%
   Signals: order_number_pattern, amount_found, item_list_found, subject_keyword
[2026-09-09 21:59:29] 🔧 No specific parser found
[2026-09-09 21:59:29] ⏭️ Confidence 60% < 70% and no parser, skipping
[2026-09-09 21:59:29] 🔄 Processing message 6: 19d00b535c38dd16
[2026-09-09 21:59:30] 📊 Subject: ✅ בני, finish setting up your Apple iPhone with Google
   From: no-reply@google.com
   Sender score: 20/40
   Content score: 0/100
   Combined confidence: 18%
   Signals:
[2026-09-09 21:59:30] ⏭️ Confidence 18% < 20%, skipping
[2026-09-09 21:59:30] 🔄 Processing message 7: 19d00b4457796d41
[2026-09-09 21:59:30] 📊 Subject: Security alert
   From: no-reply@accounts.google.com
   Sender score: 20/40
   Content score: 0/100
   Combined confidence: 18%
   Signals:
[2026-09-09 21:59:30] ⏭️ Confidence 18% < 20%, skipping
[2026-09-09 21:59:30] 🔄 Processing message 8: 19d00875190f5c5b
[2026-09-09 21:59:31] 📊 Subject: Coupon Expiring Soon
   From: no-reply@kucoin.com
   Sender score: 20/40
   Content score: 0/100
   Combined confidence: 18%
   Signals:
[2026-09-09 21:59:31] ⏭️ Confidence 18% < 20%, skipping
[2026-09-09 21:59:31] 🔄 Processing message 9: 19cfbd360e5dd19c
[2026-09-09 21:59:31] 📊 Subject: Receipt for Your Payment to AISG E-COMMERCE PRIV...
   From: service@paypal.co.il
   Sender score: 20/40
   Content score: 90/100
   Combined confidence: 76%
   Signals: order_number_pattern, amount_found, english_purchase_phrase, item_list_found, shipping_signal, subject_keyword
[2026-09-09 21:59:31] 🔧 Parser: MyOrdersVault\Parsers\PayPalParser
   Extracted: YES (#98P44294EE7564533)
[2026-09-09 21:59:31] ✅ WILL SAVE: Receipt for Your Payment to AISG E-COMMERCE PRIV... - Confidence: 76%
[2026-09-09 21:59:31] ✅ Cleaned order number: 98P44294EE7564533 (paypal)
[2026-09-09 21:59:31] 📧 Using from_email as customer email: service@paypal.co.il
[2026-09-09 21:59:32] 💾 gmail_messages ID: 564
   Order save: SUCCESS (ID: 128)
   Reason: parser_success_confidence_76
   Customer email: service@paypal.co.il
   Order number valid: YES
[2026-09-09 21:59:32] 🔄 Processing message 10: 19cf9311c50e014d
[2026-09-09 21:59:32] 📊 Subject: Receipt for Your Payment to Google Payment Limit...
   From: service@paypal.co.il
   Sender score: 20/40
   Content score: 55/100
   Combined confidence: 53%
   Signals: amount_found, english_purchase_phrase, item_list_found, subject_keyword
[2026-09-09 21:59:32] 🔧 Parser: MyOrdersVault\Parsers\PayPalParser
   Extracted: YES (#0H426523NW772684P)
[2026-09-09 21:59:32] ✅ WILL SAVE: Receipt for Your Payment to Google Payment Limit... - Confidence: 53%
[2026-09-09 21:59:32] ✅ Cleaned order number: 0H426523NW772684P (paypal)
[2026-09-09 21:59:32] 📧 Using from_email as customer email: service@paypal.co.il
[2026-09-09 21:59:32] 💾 gmail_messages ID: 566
   Order save: SUCCESS (ID: 129)
   Reason: parser_success_confidence_53
   Customer email: service@paypal.co.il
   Order number valid: YES
[2026-09-09 21:59:32] 🔄 Processing message 11: 19cf6c5314129c71
[2026-09-09 21:59:33] 📊 Subject: הקבלה שלך על ‏מודעות‏ ‏‎Meta‎‏ (מזהה החשבון: ‏864307543015284‏)
   From: noreply@business-updates.facebook.com
   Sender score: 20/40
   Content score: 65/100
   Combined confidence: 60%
   Signals: order_number_pattern, amount_found, item_list_found, subject_keyword
[2026-09-09 21:59:33] 🔧 No specific parser found
[2026-09-09 21:59:33] ⏭️ Confidence 60% < 70% and no parser, skipping
[2026-09-09 21:59:33] 🔄 Processing message 12: 19cec7c87de206c2
[2026-09-09 21:59:33] 📊 Subject: הקבלה שלך על ‏מודעות‏ ‏‎Meta‎‏ (מזהה החשבון: ‏864307543015284‏)
   From: noreply@business-updates.facebook.com
   Sender score: 20/40
   Content score: 65/100
   Combined confidence: 60%
   Signals: order_number_pattern, amount_found, item_list_found, subject_keyword
[2026-09-09 21:59:33] 🔧 No specific parser found
[2026-09-09 21:59:33] ⏭️ Confidence 60% < 70% and no parser, skipping
[2026-09-09 21:59:33] 🔄 Processing message 13: 19ce31dd081b301e
[2026-09-09 21:59:34] 📊 Subject: Your Epic Games Receipt
   From: help@acct.epicgames.com
   Sender score: 0/40
   Content score: 10/100
   Combined confidence: 7%
   Signals: subject_keyword
[2026-09-09 21:59:34] ⏭️ Confidence 7% < 20%, skipping
[2026-09-09 21:59:34] 🔄 Processing message 14: 19ce2ea93db23394
[2026-09-09 21:59:34] 📊 Subject: Something super just dropped
   From: no-reply@marketing.base44.com
   Sender score: 20/40
   Content score: 45/100
   Combined confidence: 47%
   Signals: order_number_pattern, item_list_found, shipping_signal
[2026-09-09 21:59:34] 🔧 No specific parser found
[2026-09-09 21:59:34] ⏭️ Confidence 47% < 70% and no parser, skipping
[2026-09-09 21:59:34] 🔄 Processing message 15: 19cdfef6cf777ec5
[2026-09-09 21:59:35] 📊 Subject: הקבלה שלך על ‏מודעות‏ ‏‎Meta‎‏ (מזהה החשבון: ‏864307543015284‏)
   From: noreply@business-updates.facebook.com
   Sender score: 20/40
   Content score: 65/100
   Combined confidence: 60%
   Signals: order_number_pattern, amount_found, item_list_found, subject_keyword
[2026-09-09 21:59:35] 🔧 No specific parser found
[2026-09-09 21:59:35] ⏭️ Confidence 60% < 70% and no parser, skipping
[2026-09-09 21:59:35] 🔄 Processing message 16: 19cddde3bbac9395
[2026-09-09 21:59:35] 📊 Subject: Your own personal AI agent is waiting for you
   From: no-reply@marketing.base44.com
   Sender score: 20/40
   Content score: 35/100
   Combined confidence: 40%
   Signals: order_number_pattern, item_list_found
[2026-09-09 21:59:35] 🔧 No specific parser found
[2026-09-09 21:59:35] ⏭️ Confidence 40% < 70% and no parser, skipping
[2026-09-09 21:59:35] 🔄 Processing message 17: 19cdd2ee261304fd
[2026-09-09 21:59:36] 📊 Subject: הודעת אבטחה חשובה ללקוחות החברה
   From: noreply@box.co.il
   Sender score: 40/40
   Content score: 35/100
   Combined confidence: 58%
   Signals: order_number_pattern, item_list_found
[2026-09-09 21:59:36] 🔧 No specific parser found
[2026-09-09 21:59:36] ⏭️ Confidence 58% < 70% and no parser, skipping
[2026-09-09 21:59:36] 🔄 Processing message 18: 19cdce50fd2a45e1
[2026-09-09 21:59:37] 📊 Subject: Coupon Pack received!
   From: no-reply@kucoin.com
   Sender score: 20/40
   Content score: 0/100
   Combined confidence: 18%
   Signals:
[2026-09-09 21:59:37] ⏭️ Confidence 18% < 20%, skipping
[2026-09-09 21:59:37] 🔄 Processing message 19: 19cd8a756c203f3b
[2026-09-09 21:59:37] 📊 Subject: הודעה על משלוח שמספרו RS1302554246Y
   From: noReply@postil.co.il
   Sender score: 20/40
   Content score: 10/100
   Combined confidence: 24%
   Signals: shipping_signal
[2026-09-09 21:59:37] 🔧 No specific parser found
[2026-09-09 21:59:37] ⏭️ Confidence 24% < 70% and no parser, skipping
[2026-09-09 21:59:37] 🔄 Processing message 20: 19cd86776be8a83e
[2026-09-09 21:59:38] 📊 Subject: הודעה על משלוח שמספרו RS1302554246Y
   From: noReply@postil.co.il
   Sender score: 20/40
   Content score: 10/100
   Combined confidence: 24%
   Signals: shipping_signal
[2026-09-09 21:59:38] 🔧 No specific parser found
[2026-09-09 21:59:38] ⏭️ Confidence 24% < 70% and no parser, skipping
[2026-09-09 21:59:38] 🔄 Processing message 21: 19cd70c2ec56303e
[2026-09-09 21:59:38] 📊 Subject: הקבלה שלך על ‏מודעות‏ ‏‎Meta‎‏ (מזהה החשבון: ‏864307543015284‏)
   From: noreply@business-updates.facebook.com
   Sender score: 20/40
   Content score: 65/100
   Combined confidence: 60%
   Signals: order_number_pattern, amount_found, item_list_found, subject_keyword
[2026-09-09 21:59:38] 🔧 No specific parser found
[2026-09-09 21:59:38] ⏭️ Confidence 60% < 70% and no parser, skipping
[2026-09-09 21:59:38] 🔄 Processing message 22: 19cd6d5438c5be20
[2026-09-09 21:59:39] 📊 Subject: Coupon Expiring Soon
   From: no-reply@kucoin.com
   Sender score: 20/40
   Content score: 0/100
   Combined confidence: 18%
   Signals:
[2026-09-09 21:59:39] ⏭️ Confidence 18% < 20%, skipping
[2026-09-09 21:59:39] 🔄 Processing message 23: 19cd43e199af9bed
[2026-09-09 21:59:39] 📊 Subject: Security alert for omeronov@gmail.com
   From: no-reply@accounts.google.com
   Sender score: 20/40
   Content score: 0/100
   Combined confidence: 18%
   Signals:
[2026-09-09 21:59:39] ⏭️ Confidence 18% < 20%, skipping
[2026-09-09 21:59:39] 🔄 Processing message 24: 19cd0bbd3fdd22bc
[2026-09-09 21:59:40] 📊 Subject: עליך להיכנס לחשבון Google שלך
   From: no-reply@accounts.google.com
   Sender score: 20/40
   Content score: 0/100
   Combined confidence: 18%
   Signals:
[2026-09-09 21:59:40] ⏭️ Confidence 18% < 20%, skipping
[2026-09-09 21:59:40] 🔄 Processing message 25: 19ccc71066b19939
[2026-09-09 21:59:40] 📊 Subject: הקבלה שלך על ‏מודעות‏ ‏‎Meta‎‏ (מזהה החשבון: ‏864307543015284‏)
   From: noreply@business-updates.facebook.com
   Sender score: 20/40
   Content score: 65/100
   Combined confidence: 60%
   Signals: order_number_pattern, amount_found, item_list_found, subject_keyword
[2026-09-09 21:59:40] 🔧 No specific parser found
[2026-09-09 21:59:40] ⏭️ Confidence 60% < 70% and no parser, skipping
[2026-09-09 21:59:40] 🔄 Processing message 26: 19cc6d3f3720423d
[2026-09-09 21:59:41] 📊 Subject: Security alert for omeronov@gmail.com
   From: no-reply@accounts.google.com
   Sender score: 20/40
   Content score: 0/100
   Combined confidence: 18%
   Signals:
[2026-09-09 21:59:41] ⏭️ Confidence 18% < 20%, skipping
[2026-09-09 21:59:41] 🔄 Processing message 27: 19cc172c38365c7b
[2026-09-09 21:59:41] 📊 Subject: הקבלה שלך על ‏מודעות‏ ‏‎Meta‎‏ (מזהה החשבון: ‏864307543015284‏)
   From: noreply@business-updates.facebook.com
   Sender score: 20/40
   Content score: 65/100
   Combined confidence: 60%
   Signals: order_number_pattern, amount_found, item_list_found, subject_keyword
[2026-09-09 21:59:41] 🔧 No specific parser found
[2026-09-09 21:59:41] ⏭️ Confidence 60% < 70% and no parser, skipping
[2026-09-09 21:59:41] 🔄 Processing message 28: 19cc0fbd546f7989
[2026-09-09 21:59:42] 📊 Subject: One login to connect Glassdoor and Indeed
   From: noreply@glassdoor.com
   Sender score: 20/40
   Content score: 0/100
   Combined confidence: 18%
   Signals:
[2026-09-09 21:59:42] ⏭️ Confidence 18% < 20%, skipping
[2026-09-09 21:59:42] 🔄 Processing message 29: 19cc0a07a76d1991
[2026-09-09 21:59:42] 📊 Subject: Receipt for Your Payment to AISG E-COMMERCE PRIV...
   From: service@paypal.co.il
   Sender score: 20/40
   Content score: 90/100
   Combined confidence: 76%
   Signals: order_number_pattern, amount_found, english_purchase_phrase, item_list_found, shipping_signal, subject_keyword
[2026-09-09 21:59:42] 🔧 Parser: MyOrdersVault\Parsers\PayPalParser
   Extracted: YES (#67113347KK500932S)
[2026-09-09 21:59:42] ✅ WILL SAVE: Receipt for Your Payment to AISG E-COMMERCE PRIV... - Confidence: 76%
[2026-09-09 21:59:42] ✅ Cleaned order number: 67113347KK500932S (paypal)
[2026-09-09 21:59:42] 📧 Using from_email as customer email: service@paypal.co.il
[2026-09-09 21:59:42] 💾 gmail_messages ID: 586
   Order save: SUCCESS (ID: 130)
   Reason: parser_success_confidence_76
   Customer email: service@paypal.co.il
   Order number valid: YES
[2026-09-09 21:59:42] 🔄 Processing message 30: 19cc029ffcf644f8
[2026-09-09 21:59:43] 📊 Subject: Security alert
   From: no-reply@accounts.google.com
   Sender score: 20/40
   Content score: 0/100
   Combined confidence: 18%
   Signals:
[2026-09-09 21:59:43] ⏭️ Confidence 18% < 20%, skipping
[2026-09-09 21:59:43] 🔄 Processing message 31: 19cc029fc1666e58
[2026-09-09 21:59:44] 📊 Subject: Security alert
   From: no-reply@accounts.google.com
   Sender score: 20/40
   Content score: 0/100
   Combined confidence: 18%
   Signals:
[2026-09-09 21:59:44] ⏭️ Confidence 18% < 20%, skipping
[2026-09-09 21:59:44] 🔄 Processing message 32: 19cc029f86164c06
[2026-09-09 21:59:44] 📊 Subject: Your Google Account was recovered successfully
   From: no-reply@accounts.google.com
   Sender score: 20/40
   Content score: 0/100
   Combined confidence: 18%
   Signals:
[2026-09-09 21:59:44] ⏭️ Confidence 18% < 20%, skipping
[2026-09-09 21:59:44] 🔄 Processing message 33: 19cc0285dfeb100b
[2026-09-09 21:59:45] 📊 Subject: Google Verification Code
   From: noreply@google.com
   Sender score: 20/40
   Content score: 25/100
   Combined confidence: 34%
   Signals: order_number_pattern
[2026-09-09 21:59:45] 🔧 No specific parser found
[2026-09-09 21:59:45] ⏭️ Confidence 34% < 70% and no parser, skipping
[2026-09-09 21:59:45] 🔄 Processing message 34: 19cbd5f39edb781e
[2026-09-09 21:59:45] 📊 Subject: Security alert for omeronov@gmail.com
   From: no-reply@accounts.google.com
   Sender score: 20/40
   Content score: 0/100
   Combined confidence: 18%
   Signals:
[2026-09-09 21:59:45] ⏭️ Confidence 18% < 20%, skipping
[2026-09-09 21:59:45] 🔄 Processing message 35: 19cbd551764faf39
[2026-09-09 21:59:46] 📊 Subject: Your Epic Games Receipt
   From: help@acct.epicgames.com
   Sender score: 0/40
   Content score: 10/100
   Combined confidence: 7%
   Signals: subject_keyword
[2026-09-09 21:59:46] ⏭️ Confidence 7% < 20%, skipping
[2026-09-09 21:59:46] 🔄 Processing message 36: 19cbd10afa958860
[2026-09-09 21:59:46] 📊 Subject: הודעה על משלוח שמספרו RS1302554246Y
   From: noReply@postil.co.il
   Sender score: 20/40
   Content score: 10/100
   Combined confidence: 24%
   Signals: shipping_signal
[2026-09-09 21:59:46] 🔧 No specific parser found
[2026-09-09 21:59:46] ⏭️ Confidence 24% < 70% and no parser, skipping
[2026-09-09 21:59:46] 🔄 Processing message 37: 19cba14124fe6ef1
[2026-09-09 21:59:47] 📊 Subject: Security alert for omeronov@gmail.com
   From: no-reply@accounts.google.com
   Sender score: 20/40
   Content score: 0/100
   Combined confidence: 18%
   Signals:
[2026-09-09 21:59:47] ⏭️ Confidence 18% < 20%, skipping
[2026-09-09 21:59:47] 🔄 Processing message 38: 19cb785ff4cd7976
[2026-09-09 21:59:47] 📊 Subject: הקבלה שלך על ‏מודעות‏ ‏‎Meta‎‏ (מזהה החשבון: ‏864307543015284‏)
   From: noreply@business-updates.facebook.com
   Sender score: 20/40
   Content score: 65/100
   Combined confidence: 60%
   Signals: order_number_pattern, amount_found, item_list_found, subject_keyword
[2026-09-09 21:59:47] 🔧 No specific parser found
[2026-09-09 21:59:47] ⏭️ Confidence 60% < 70% and no parser, skipping
[2026-09-09 21:59:47] 🔄 Processing message 39: 19cb385be4d0e004
[2026-09-09 21:59:48] 📊 Subject: Coupon Pack received!
   From: no-reply@kucoin.com
   Sender score: 20/40
   Content score: 0/100
   Combined confidence: 18%
   Signals:
[2026-09-09 21:59:48] ⏭️ Confidence 18% < 20%, skipping
[2026-09-09 21:59:48] 🔄 Processing message 40: 19cb288f7de9e1ab
[2026-09-09 21:59:48] 📊 Subject: Your February Search performance for https://ortechaluminum.com/
   From: sc-noreply@google.com
   Sender score: 20/40
   Content score: 35/100
   Combined confidence: 40%
   Signals: order_number_pattern, item_list_found
[2026-09-09 21:59:48] 🔧 No specific parser found
[2026-09-09 21:59:48] ⏭️ Confidence 40% < 70% and no parser, skipping
[2026-09-09 21:59:48] 🔄 Processing message 41: 19cb014e37e1dd57
[2026-09-09 21:59:49] 📊 Subject: סדנאות חוסן ושיעורים מחר 3.3 בגונה האוס
   From: noreply@arboxmail.com
   Sender score: 20/40
   Content score: 25/100
   Combined confidence: 34%
   Signals: order_number_pattern
[2026-09-09 21:59:49] 🔧 No specific parser found
[2026-09-09 21:59:49] ⏭️ Confidence 34% < 70% and no parser, skipping
[2026-09-09 21:59:49] 🔄 Processing message 42: 19cada55de40a922
[2026-09-09 21:59:49] 📊 Subject: הקבלה שלך על ‏מודעות‏ ‏‎Meta‎‏ (מזהה החשבון: ‏864307543015284‏)
   From: noreply@business-updates.facebook.com
   Sender score: 20/40
   Content score: 65/100
   Combined confidence: 60%
   Signals: order_number_pattern, amount_found, item_list_found, subject_keyword
[2026-09-09 21:59:49] 🔧 No specific parser found
[2026-09-09 21:59:49] ⏭️ Confidence 60% < 70% and no parser, skipping
[2026-09-09 21:59:49] 🔄 Processing message 43: 19ca837ecafef960
[2026-09-09 21:59:50] 📊 Subject: Coupon Expiring Soon
   From: no-reply@kucoin.com
   Sender score: 20/40
   Content score: 0/100
   Combined confidence: 18%
   Signals:
[2026-09-09 21:59:50] ⏭️ Confidence 18% < 20%, skipping
[2026-09-09 21:59:50] 🔄 Processing message 44: 19ca38a2a9dcfc57
[2026-09-09 21:59:51] 📊 Subject: הקבלה שלך על ‏מודעות‏ ‏‎Meta‎‏ (מזהה החשבון: ‏864307543015284‏)
   From: noreply@business-updates.facebook.com
   Sender score: 20/40
   Content score: 65/100
   Combined confidence: 60%
   Signals: order_number_pattern, amount_found, item_list_found, subject_keyword
[2026-09-09 21:59:51] 🔧 No specific parser found
[2026-09-09 21:59:51] ⏭️ Confidence 60% < 70% and no parser, skipping
[2026-09-09 21:59:51] 🔄 Processing message 45: 19c9f2e313e2c984
[2026-09-09 21:59:51] 📊 Subject: קבלה - נייטס אנטרטיינמנט בע"מ
   From: notify@morning.co
   Sender score: 0/40
   Content score: 10/100
   Combined confidence: 7%
   Signals: subject_keyword
[2026-09-09 21:59:51] ⏭️ Confidence 7% < 20%, skipping
[2026-09-09 21:59:51] 🔄 Processing message 46: 19c9f2e30ccf457a
[2026-09-09 21:59:52] 📊 Subject: חשבונית מס - נייטס אנטרטיינמנט בע"מ
   From: notify@morning.co
   Sender score: 0/40
   Content score: 25/100
   Combined confidence: 16%
   Signals: hebrew_purchase_phrase, subject_keyword
[2026-09-09 21:59:52] ⏭️ Confidence 16% < 20%, skipping
[2026-09-09 21:59:52] 🔄 Processing message 47: 19c9f2e0acd06be2
[2026-09-09 21:59:52] 📊 Subject: Your Tickets for קופיקו במדבר 2.0 (GO-OUT)
   From: tickets-noreply@go-out.co
   Sender score: 20/40
   Content score: 0/100
   Combined confidence: 18%
   Signals:
[2026-09-09 21:59:52] ⏭️ Confidence 18% < 20%, skipping
[2026-09-09 21:59:52] 🔄 Processing message 48: 19c9f2e0a223a2f6
[2026-09-09 21:59:53] 📊 Subject: Your Tickets for קופיקו במדבר 2.0 (GO-OUT)
   From: tickets-noreply@go-out.co
   Sender score: 20/40
   Content score: 0/100
   Combined confidence: 18%
   Signals:
[2026-09-09 21:59:53] ⏭️ Confidence 18% < 20%, skipping
[2026-09-09 21:59:53] 🔄 Processing message 49: 19c9f2e068e5efa3
[2026-09-09 21:59:53] 📊 Subject: Your Tickets for קופיקו במדבר 2.0 (GO-OUT)
   From: tickets-noreply@go-out.co
   Sender score: 20/40
   Content score: 0/100
   Combined confidence: 18%
   Signals:
[2026-09-09 21:59:53] ⏭️ Confidence 18% < 20%, skipping
[2026-09-09 21:59:53] 🔄 Processing message 50: 19c9f2230e094138
[2026-09-09 21:59:54] 📊 Subject: PENDING: Your Tickets for קופיקו במדבר 2.0 are waiting for approval (GO-OUT)
   From: tickets-noreply@go-out.co
   Sender score: 20/40
   Content score: 0/100
   Combined confidence: 18%
   Signals:
[2026-09-09 21:59:54] ⏭️ Confidence 18% < 20%, skipping
[2026-09-09 21:59:54] --- Page 10: 50 messages ---
[2026-09-09 21:59:54] 🔄 Processing message 1: 19c9f222fd5b99d9
[2026-09-09 21:59:55] 📊 Subject: PENDING: Your Tickets for קופיקו במדבר 2.0 are waiting for approval (GO-OUT)
   From: tickets-noreply@go-out.co
   Sender score: 20/40
   Content score: 0/100
   Combined confidence: 18%
   Signals:
[2026-09-09 21:59:55] ⏭️ Confidence 18% < 20%, skipping
[2026-09-09 21:59:55] 🔄 Processing message 2: 19c9f222ec5423d3
[2026-09-09 21:59:55] 📊 Subject: PENDING: Your Tickets for קופיקו במדבר 2.0 are waiting for approval (GO-OUT)
   From: tickets-noreply@go-out.co
   Sender score: 20/40
   Content score: 0/100
   Combined confidence: 18%
   Signals:
[2026-09-09 21:59:55] ⏭️ Confidence 18% < 20%, skipping
[2026-09-09 21:59:55] 🔄 Processing message 3: 19c9c49a705cdce8
[2026-09-09 21:59:56] 📊 Subject: איפוס סיסמה של חשבון אישי של Microsoft
   From: account-security-noreply@accountprotection.microsoft.com
   Sender score: 20/40
   Content score: 25/100
   Combined confidence: 34%
   Signals: order_number_pattern
[2026-09-09 21:59:56] 🔧 No specific parser found
[2026-09-09 21:59:56] ⏭️ Confidence 34% < 70% and no parser, skipping
[2026-09-09 21:59:56] 🔄 Processing message 4: 19c9c41251be3584
[2026-09-09 21:59:56] 📊 Subject: Security alert
   From: no-reply@accounts.google.com
   Sender score: 20/40
   Content score: 0/100
   Combined confidence: 18%
   Signals:
[2026-09-09 21:59:56] ⏭️ Confidence 18% < 20%, skipping
[2026-09-09 21:59:56] 🔄 Processing message 5: 19c98cd1b4a5e15d
[2026-09-09 21:59:57] 📊 Subject: המודעה שלך אושרה
   From: noreply@business-updates.facebook.com
   Sender score: 20/40
   Content score: 0/100
   Combined confidence: 18%
   Signals:
[2026-09-09 21:59:57] ⏭️ Confidence 18% < 20%, skipping
[2026-09-09 21:59:57] 🔄 Processing message 6: 19c8c4290a40ae8a
[2026-09-09 21:59:57] 📊 Subject: הקבלה שלך על ‏מודעות‏ ‏‎Meta‎‏ (מזהה החשבון: ‏864307543015284‏)
   From: noreply@business-updates.facebook.com
   Sender score: 20/40
   Content score: 65/100
   Combined confidence: 60%
   Signals: order_number_pattern, amount_found, item_list_found, subject_keyword
[2026-09-09 21:59:57] 🔧 No specific parser found
[2026-09-09 21:59:57] ⏭️ Confidence 60% < 70% and no parser, skipping
[2026-09-09 21:59:57] 🔄 Processing message 7: 19c8bd08052e6704
[2026-09-09 21:59:58] 📊 Subject: Receipt for Your Payment to Epic Games Commerce...
   From: service@paypal.co.il
   Sender score: 20/40
   Content score: 55/100
   Combined confidence: 53%
   Signals: amount_found, english_purchase_phrase, item_list_found, subject_keyword
[2026-09-09 21:59:58] 🔧 Parser: MyOrdersVault\Parsers\PayPalParser
   Extracted: YES (#9SS04466NG766605U)
[2026-09-09 21:59:58] ✅ WILL SAVE: Receipt for Your Payment to Epic Games Commerce... - Confidence: 53%
[2026-09-09 21:59:58] ✅ Cleaned order number: 9SS04466NG766605U (paypal)
[2026-09-09 21:59:58] 📧 Extracted customer email: help@epicgames.com
[2026-09-09 21:59:58] 💾 gmail_messages ID: 615
   Order save: SUCCESS (ID: 131)
   Reason: parser_success_confidence_53
   Customer email: help@epicgames.com
   Order number valid: YES
[2026-09-09 21:59:58] 🔄 Processing message 8: 19c8b78a9ad99275
[2026-09-09 21:59:58] 📊 Subject: More control. More flexibility. More Base44.
   From: no-reply@marketing.base44.com
   Sender score: 20/40
   Content score: 35/100
   Combined confidence: 40%
   Signals: order_number_pattern, item_list_found
[2026-09-09 21:59:58] 🔧 No specific parser found
[2026-09-09 21:59:58] ⏭️ Confidence 40% < 70% and no parser, skipping
[2026-09-09 21:59:58] 🔄 Processing message 9: 19c8aaa5ad4f3fd5
[2026-09-09 21:59:59] 📊 Subject: Receipt for Your Payment to AISG E-COMMERCE PRIV...
   From: service@paypal.co.il
   Sender score: 20/40
   Content score: 90/100
   Combined confidence: 76%
   Signals: order_number_pattern, amount_found, english_purchase_phrase, item_list_found, shipping_signal, subject_keyword
[2026-09-09 21:59:59] 🔧 Parser: MyOrdersVault\Parsers\PayPalParser
   Extracted: YES (#655298240K4013901)
[2026-09-09 21:59:59] ✅ WILL SAVE: Receipt for Your Payment to AISG E-COMMERCE PRIV... - Confidence: 76%
[2026-09-09 21:59:59] ✅ Cleaned order number: 655298240K4013901 (paypal)
[2026-09-09 21:59:59] 📧 Using from_email as customer email: service@paypal.co.il
[2026-09-09 21:59:59] 💾 gmail_messages ID: 618
   Order save: SUCCESS (ID: 132)
   Reason: parser_success_confidence_76
   Customer email: service@paypal.co.il
   Order number valid: YES
[2026-09-09 21:59:59] 🔄 Processing message 10: 19c8a2a90ecf4922
[2026-09-09 22:00:00] 📊 Subject: המודעה שלך אושרה
   From: noreply@business-updates.facebook.com
   Sender score: 20/40
   Content score: 0/100
   Combined confidence: 18%
   Signals:
[2026-09-09 22:00:00] ⏭️ Confidence 18% < 20%, skipping
[2026-09-09 22:00:00] 🔄 Processing message 11: 19c8537415ce88fa
[2026-09-09 22:00:00] 📊 Subject: Coupon Pack received!
   From: no-reply@kucoin.com
   Sender score: 20/40
   Content score: 0/100
   Combined confidence: 18%
   Signals:
[2026-09-09 22:00:00] ⏭️ Confidence 18% < 20%, skipping
[2026-09-09 22:00:00] 🔄 Processing message 12: 19c82c57fd182a43
[2026-09-09 22:00:01] 📊 Subject: הקבלה שלך על ‏מודעות‏ ‏‎Meta‎‏ (מזהה החשבון: ‏864307543015284‏)
   From: noreply@business-updates.facebook.com
   Sender score: 20/40
   Content score: 65/100
   Combined confidence: 60%
   Signals: order_number_pattern, amount_found, item_list_found, subject_keyword
[2026-09-09 22:00:01] 🔧 No specific parser found
[2026-09-09 22:00:01] ⏭️ Confidence 60% < 70% and no parser, skipping
[2026-09-09 22:00:01] 🔄 Processing message 13: 19c81cb27ac0838a
[2026-09-09 22:00:01] 📊 Subject: Receipt for Your Payment to AISG E-COMMERCE PRIV...
   From: service@paypal.co.il
   Sender score: 20/40
   Content score: 90/100
   Combined confidence: 76%
   Signals: order_number_pattern, amount_found, english_purchase_phrase, item_list_found, shipping_signal, subject_keyword
[2026-09-09 22:00:01] 🔧 Parser: MyOrdersVault\Parsers\PayPalParser
   Extracted: YES (#8R9389200L5978842)
[2026-09-09 22:00:01] ✅ WILL SAVE: Receipt for Your Payment to AISG E-COMMERCE PRIV... - Confidence: 76%
[2026-09-09 22:00:01] ✅ Cleaned order number: 8R9389200L5978842 (paypal)
[2026-09-09 22:00:01] 📧 Using from_email as customer email: service@paypal.co.il
[2026-09-09 22:00:01] 💾 gmail_messages ID: 623
   Order save: SUCCESS (ID: 133)
   Reason: parser_success_confidence_76
   Customer email: service@paypal.co.il
   Order number valid: YES
[2026-09-09 22:00:01] 🔄 Processing message 14: 19c7cec545b463b1
[2026-09-09 22:00:02] 📊 Subject: Verify Discord Login from New Location
   From: noreply@discord.com
   Sender score: 20/40
   Content score: 35/100
   Combined confidence: 40%
   Signals: order_number_pattern, item_list_found
[2026-09-09 22:00:02] 🔧 No specific parser found
[2026-09-09 22:00:02] ⏭️ Confidence 40% < 70% and no parser, skipping
[2026-09-09 22:00:02] 🔄 Processing message 15: 19c7bd7ab3473139
[2026-09-09 22:00:02] 📊 Subject: הקבלה שלך על ‏מודעות‏ ‏‎Meta‎‏ (מזהה החשבון: ‏864307543015284‏)
   From: noreply@business-updates.facebook.com
   Sender score: 20/40
   Content score: 65/100
   Combined confidence: 60%
   Signals: order_number_pattern, amount_found, item_list_found, subject_keyword
[2026-09-09 22:00:02] 🔧 No specific parser found
[2026-09-09 22:00:02] ⏭️ Confidence 60% < 70% and no parser, skipping
[2026-09-09 22:00:02] 🔄 Processing message 16: 19c76538377065e6
[2026-09-09 22:00:03] 📊 Subject: הקבלה שלך על ‏מודעות‏ ‏‎Meta‎‏ (מזהה החשבון: ‏864307543015284‏)
   From: noreply@business-updates.facebook.com
   Sender score: 20/40
   Content score: 65/100
   Combined confidence: 60%
   Signals: order_number_pattern, amount_found, item_list_found, subject_keyword
[2026-09-09 22:00:03] 🔧 No specific parser found
[2026-09-09 22:00:03] ⏭️ Confidence 60% < 70% and no parser, skipping
[2026-09-09 22:00:03] 🔄 Processing message 17: 19c71dfeede7b891
[2026-09-09 22:00:04] 📊 Subject: Receipt for Your Payment to ROBLOX Corporation
   From: service@paypal.co.il
   Sender score: 20/40
   Content score: 55/100
   Combined confidence: 53%
   Signals: amount_found, english_purchase_phrase, item_list_found, subject_keyword
[2026-09-09 22:00:04] 🔧 Parser: MyOrdersVault\Parsers\PayPalParser
   Extracted: YES (#5V6052557H282041D)
[2026-09-09 22:00:04] ✅ WILL SAVE: Receipt for Your Payment to ROBLOX Corporation - Confidence: 53%
[2026-09-09 22:00:04] ✅ Cleaned order number: 5V6052557H282041D (paypal)
[2026-09-09 22:00:04] 📧 Extracted customer email: info@roblox.com
[2026-09-09 22:00:04] 💾 gmail_messages ID: 628
   Order save: SUCCESS (ID: 134)
   Reason: parser_success_confidence_53
   Customer email: info@roblox.com
   Order number valid: YES
[2026-09-09 22:00:04] 🔄 Processing message 18: 19c7020bee28fc58
[2026-09-09 22:00:04] 📊 Subject: הקבלה שלך על ‏מודעות‏ ‏‎Meta‎‏ (מזהה החשבון: ‏864307543015284‏)
   From: noreply@business-updates.facebook.com
   Sender score: 20/40
   Content score: 65/100
   Combined confidence: 60%
   Signals: order_number_pattern, amount_found, item_list_found, subject_keyword
[2026-09-09 22:00:04] 🔧 No specific parser found
[2026-09-09 22:00:04] ⏭️ Confidence 60% < 70% and no parser, skipping
[2026-09-09 22:00:04] 🔄 Processing message 19: 19c6e42470624507
[2026-09-09 22:00:05] 📊 Subject: Security alert
   From: no-reply@accounts.google.com
   Sender score: 20/40
   Content score: 0/100
   Combined confidence: 18%
   Signals:
[2026-09-09 22:00:05] ⏭️ Confidence 18% < 20%, skipping
[2026-09-09 22:00:05] 🔄 Processing message 20: 19c0ecea00775f52
[2026-09-09 22:00:05] 📊 Subject: Security alert
   From: no-reply@accounts.google.com
   Sender score: 20/40
   Content score: 0/100
   Combined confidence: 18%
   Signals:
[2026-09-09 22:00:05] ⏭️ Confidence 18% < 20%, skipping
[2026-09-09 22:00:05] 🔄 Processing message 21: 19c0e27662ae4b83
[2026-09-09 22:00:06] 📊 Subject: Coupon Pack received!
   From: no-reply@kucoin.com
   Sender score: 20/40
   Content score: 0/100
   Combined confidence: 18%
   Signals:
[2026-09-09 22:00:06] ⏭️ Confidence 18% < 20%, skipping
[2026-09-09 22:00:06] 🔄 Processing message 22: 19c0ac688cbbea9b
[2026-09-09 22:00:06] 📊 Subject: Idan just messaged you
   From: messaging-digest-noreply@linkedin.com
   Sender score: 20/40
   Content score: 10/100
   Combined confidence: 24%
   Signals: item_list_found
[2026-09-09 22:00:06] 🔧 No specific parser found
[2026-09-09 22:00:06] ⏭️ Confidence 24% < 70% and no parser, skipping
[2026-09-09 22:00:06] 🔄 Processing message 23: 19c0a9b3f82f4704
[2026-09-09 22:00:07] 📊 Subject: Big Game Apps Competition 🏈 $50,000 total prize pool
   From: no-reply@marketing.base44.com
   Sender score: 20/40
   Content score: 35/100
   Combined confidence: 40%
   Signals: order_number_pattern, item_list_found
[2026-09-09 22:00:07] 🔧 No specific parser found
[2026-09-09 22:00:07] ⏭️ Confidence 40% < 70% and no parser, skipping
[2026-09-09 22:00:07] 🔄 Processing message 24: 19c0109d05b7ee46
[2026-09-09 22:00:08] 📊 Subject: ✅ בני, finish setting up your Apple iPhone device with the latest Google apps
   From: no-reply@google.com
   Sender score: 20/40
   Content score: 0/100
   Combined confidence: 18%
   Signals:
[2026-09-09 22:00:08] ⏭️ Confidence 18% < 20%, skipping
[2026-09-09 22:00:08] 🔄 Processing message 25: 19c0108e4f9884c9
[2026-09-09 22:00:08] 📊 Subject: Security alert
   From: no-reply@accounts.google.com
   Sender score: 20/40
   Content score: 0/100
   Combined confidence: 18%
   Signals:
[2026-09-09 22:00:08] ⏭️ Confidence 18% < 20%, skipping
[2026-09-09 22:00:08] 🔄 Processing message 26: 19c00ea04462bb66
[2026-09-09 22:00:09] 📊 Subject: Receipt for Your Payment to AISG E-COMMERCE PRIV...
   From: service@paypal.co.il
   Sender score: 20/40
   Content score: 90/100
   Combined confidence: 76%
   Signals: order_number_pattern, amount_found, english_purchase_phrase, item_list_found, shipping_signal, subject_keyword
[2026-09-09 22:00:09] 🔧 Parser: MyOrdersVault\Parsers\PayPalParser
   Extracted: YES (#1FP50655DB519025G)
[2026-09-09 22:00:09] ✅ WILL SAVE: Receipt for Your Payment to AISG E-COMMERCE PRIV... - Confidence: 76%
[2026-09-09 22:00:09] ✅ Cleaned order number: 1FP50655DB519025G (paypal)
[2026-09-09 22:00:09] 📧 Using from_email as customer email: service@paypal.co.il
[2026-09-09 22:00:09] 💾 gmail_messages ID: 638
   Order save: SUCCESS (ID: 135)
   Reason: parser_success_confidence_76
   Customer email: service@paypal.co.il
   Order number valid: YES
[2026-09-09 22:00:09] 🔄 Processing message 27: 19beb3ab9812cd60
[2026-09-09 22:00:09] 📊 Subject: [נדרשת פעולה] עליך לאשר אם הקמפיינים שלך כוללים מודעות פוליטיות באיחוד האירופי
   From: ads-account-noreply@google.com
   Sender score: 20/40
   Content score: 0/100
   Combined confidence: 18%
   Signals:
[2026-09-09 22:00:09] ⏭️ Confidence 18% < 20%, skipping
[2026-09-09 22:00:09] 🔄 Processing message 28: 19be0aa61c642ee1
[2026-09-09 22:00:10] 📊 Subject: התראת אבטחה לגבי miri.maimon@gmail.com
   From: no-reply@accounts.google.com
   Sender score: 20/40
   Content score: 0/100
   Combined confidence: 18%
   Signals:
[2026-09-09 22:00:10] ⏭️ Confidence 18% < 20%, skipping
[2026-09-09 22:00:10] 🔄 Processing message 29: 19be0076bafe967c
[2026-09-09 22:00:10] 📊 Subject: Coupon Pack received!
   From: no-reply@kucoin.com
   Sender score: 20/40
   Content score: 0/100
   Combined confidence: 18%
   Signals:
[2026-09-09 22:00:10] ⏭️ Confidence 18% < 20%, skipping
[2026-09-09 22:00:10] 🔄 Processing message 30: 19bd66b6028a17a7
[2026-09-09 22:00:11] 📊 Subject: Everything just got a little easier
   From: no-reply@marketing.base44.com
   Sender score: 20/40
   Content score: 45/100
   Combined confidence: 47%
   Signals: order_number_pattern, item_list_found, shipping_signal
[2026-09-09 22:00:11] 🔧 No specific parser found
[2026-09-09 22:00:11] ⏭️ Confidence 47% < 70% and no parser, skipping
[2026-09-09 22:00:11] 🔄 Processing message 31: 19bc95a036e452c3
[2026-09-09 22:00:11] 📊 Subject: Receipt for Your Payment to Google Payment Limit...
   From: service@paypal.co.il
   Sender score: 20/40
   Content score: 55/100
   Combined confidence: 53%
   Signals: amount_found, english_purchase_phrase, item_list_found, subject_keyword
[2026-09-09 22:00:11] 🔧 Parser: MyOrdersVault\Parsers\PayPalParser
   Extracted: YES (#51618231MP0803712)
[2026-09-09 22:00:11] ✅ WILL SAVE: Receipt for Your Payment to Google Payment Limit... - Confidence: 53%
[2026-09-09 22:00:11] ✅ Cleaned order number: 51618231MP0803712 (paypal)
[2026-09-09 22:00:11] 📧 Using from_email as customer email: service@paypal.co.il
[2026-09-09 22:00:11] 💾 gmail_messages ID: 644
   Order save: SUCCESS (ID: 136)
   Reason: parser_success_confidence_53
   Customer email: service@paypal.co.il
   Order number valid: YES
[2026-09-09 22:00:11] 🔄 Processing message 32: 19bc3002485111d7
[2026-09-09 22:00:12] 📊 Subject: Eventer | אישור הזמנה לחמישי - פורום ישראל
   From: contact@eventer.co.il
   Sender score: 0/40
   Content score: 25/100
   Combined confidence: 16%
   Signals: hebrew_purchase_phrase, subject_keyword
[2026-09-09 22:00:12] ⏭️ Confidence 16% < 20%, skipping
[2026-09-09 22:00:12] 🔄 Processing message 33: 19bc3002224f3c54
[2026-09-09 22:00:13] 📊 Subject: Eventer | אישור הזמנה לחמישי - פורום ישראל
   From: contact@eventer.co.il
   Sender score: 0/40
   Content score: 80/100
   Combined confidence: 52%
   Signals: order_number_pattern, amount_found, hebrew_purchase_phrase, item_list_found, subject_keyword
[2026-09-09 22:00:13] 🔧 No specific parser found
[2026-09-09 22:00:13] ⏭️ Confidence 52% < 70% and no parser, skipping
[2026-09-09 22:00:13] 🔄 Processing message 34: 19bbb80fb8d23e51
[2026-09-09 22:00:13] 📊 Subject: Security alert
   From: no-reply@accounts.google.com
   Sender score: 20/40
   Content score: 0/100
   Combined confidence: 18%
   Signals:
[2026-09-09 22:00:13] ⏭️ Confidence 18% < 20%, skipping
[2026-09-09 22:00:13] 🔄 Processing message 35: 19bbb5af382135a2
[2026-09-09 22:00:14] 📊 Subject: ✅ בני, finish setting up your Apple iPhone device with the latest Google apps
   From: no-reply@google.com
   Sender score: 20/40
   Content score: 0/100
   Combined confidence: 18%
   Signals:
[2026-09-09 22:00:14] ⏭️ Confidence 18% < 20%, skipping
[2026-09-09 22:00:14] 🔄 Processing message 36: 19bbb5a03afede79
[2026-09-09 22:00:14] 📊 Subject: Security alert
   From: no-reply@accounts.google.com
   Sender score: 20/40
   Content score: 0/100
   Combined confidence: 18%
   Signals:
[2026-09-09 22:00:14] ⏭️ Confidence 18% < 20%, skipping
[2026-09-09 22:00:14] 🔄 Processing message 37: 19bb9abf02a708f9
[2026-09-09 22:00:15] 📊 Subject: מ.מ אגר פרוייקטים, your performance report for December 2025
   From: businessprofile-noreply@google.com
   Sender score: 20/40
   Content score: 0/100
   Combined confidence: 18%
   Signals:
[2026-09-09 22:00:15] ⏭️ Confidence 18% < 20%, skipping
[2026-09-09 22:00:15] 🔄 Processing message 38: 19bb99da513ef21e
[2026-09-09 22:00:15] 📊 Subject: אור-טק פתרונות אלומיניום בע״מ, your performance report for December 2025
   From: businessprofile-noreply@google.com
   Sender score: 20/40
   Content score: 0/100
   Combined confidence: 18%
   Signals:
[2026-09-09 22:00:15] ⏭️ Confidence 18% < 20%, skipping
[2026-09-09 22:00:15] 🔄 Processing message 39: 19bb990a2a72233a
[2026-09-09 22:00:16] 📊 Subject: Golden Events גולדן ארועים, your performance report for December 2025
   From: businessprofile-noreply@google.com
   Sender score: 20/40
   Content score: 25/100
   Combined confidence: 34%
   Signals: order_number_pattern
[2026-09-09 22:00:16] 🔧 No specific parser found
[2026-09-09 22:00:16] ⏭️ Confidence 34% < 70% and no parser, skipping
[2026-09-09 22:00:16] 🔄 Processing message 40: 19bb6e67acf2c757
[2026-09-09 22:00:16] 📊 Subject: Roblox Email Verification: Magniv_ben21plus
   From: no-reply@roblox.com
   Sender score: 20/40
   Content score: 0/100
   Combined confidence: 18%
   Signals:
[2026-09-09 22:00:16] ⏭️ Confidence 18% < 20%, skipping
[2026-09-09 22:00:16] 🔄 Processing message 41: 19bb6e67085b35da
[2026-09-09 22:00:17] 📊 Subject: Roblox Email Verification: Magniv_ben21plus
   From: no-reply@roblox.com
   Sender score: 20/40
   Content score: 0/100
   Combined confidence: 18%
   Signals:
[2026-09-09 22:00:17] ⏭️ Confidence 18% < 20%, skipping
[2026-09-09 22:00:17] 🔄 Processing message 42: 19bb6e666e8dfc90
[2026-09-09 22:00:17] 📊 Subject: Roblox Email Verification: Magniv_ben21plus
   From: no-reply@roblox.com
   Sender score: 20/40
   Content score: 0/100
   Combined confidence: 18%
   Signals:
[2026-09-09 22:00:17] ⏭️ Confidence 18% < 20%, skipping
[2026-09-09 22:00:17] 🔄 Processing message 43: 19bad657149d812d
[2026-09-09 22:00:18] 📊 Subject: 【נדרשת פעולה】 ההזמנה שלך הושלמה. אתה מוזמן לכתוב ביקורת.
   From: credit@notice.alibaba.com
   Sender score: 0/40
   Content score: 90/100
   Combined confidence: 59%
   Signals: order_number_pattern, amount_found, hebrew_purchase_phrase, item_list_found, shipping_signal, subject_keyword
[2026-09-09 22:00:18] 🔧 No specific parser found
[2026-09-09 22:00:18] ⏭️ Confidence 59% < 70% and no parser, skipping
[2026-09-09 22:00:18] 🔄 Processing message 44: 19b9f9e660fc1d60
[2026-09-09 22:00:19] 📊 Subject: Remove Photo Backgrounds in Seconds (No Photoshop Needed) ✨
   From: no-reply@pixlr.com
   Sender score: 20/40
   Content score: 35/100
   Combined confidence: 40%
   Signals: order_number_pattern, item_list_found
[2026-09-09 22:00:19] 🔧 No specific parser found
[2026-09-09 22:00:19] ⏭️ Confidence 40% < 70% and no parser, skipping
[2026-09-09 22:00:19] 🔄 Processing message 45: 19b8faca651ab39b
[2026-09-09 22:00:19] 📊 Subject: Receipt for Your Payment to ROBLOX Corporation
   From: service@paypal.co.il
   Sender score: 20/40
   Content score: 55/100
   Combined confidence: 53%
   Signals: amount_found, english_purchase_phrase, item_list_found, subject_keyword
[2026-09-09 22:00:19] 🔧 Parser: MyOrdersVault\Parsers\PayPalParser
   Extracted: YES (#8NN899773G984194K)
[2026-09-09 22:00:19] ✅ WILL SAVE: Receipt for Your Payment to ROBLOX Corporation - Confidence: 53%
[2026-09-09 22:00:19] ✅ Cleaned order number: 8NN899773G984194K (paypal)
[2026-09-09 22:00:19] 📧 Extracted customer email: info@roblox.com
[2026-09-09 22:00:19] 💾 gmail_messages ID: 659
   Order save: SUCCESS (ID: 137)
   Reason: parser_success_confidence_53
   Customer email: info@roblox.com
   Order number valid: YES
[2026-09-09 22:00:19] 🔄 Processing message 46: 19b332cc54915c25
[2026-09-09 22:00:20] 📊 Subject: Receipt for Your Payment to AISG E-COMMERCE PRIV...
   From: service@paypal.co.il
   Sender score: 20/40
   Content score: 90/100
   Combined confidence: 76%
   Signals: order_number_pattern, amount_found, english_purchase_phrase, item_list_found, shipping_signal, subject_keyword
[2026-09-09 22:00:20] 🔧 Parser: MyOrdersVault\Parsers\PayPalParser
   Extracted: YES (#1UD7377687384724B)
[2026-09-09 22:00:20] ✅ WILL SAVE: Receipt for Your Payment to AISG E-COMMERCE PRIV... - Confidence: 76%
[2026-09-09 22:00:20] ✅ Cleaned order number: 1UD7377687384724B (paypal)
[2026-09-09 22:00:20] 📧 Using from_email as customer email: service@paypal.co.il
[2026-09-09 22:00:20] 💾 gmail_messages ID: 661
   Order save: SUCCESS (ID: 138)
   Reason: parser_success_confidence_76
   Customer email: service@paypal.co.il
   Order number valid: YES
[2026-09-09 22:00:20] 🔄 Processing message 47: 19b31078d2384843
[2026-09-09 22:00:20] 📊 Subject: Omer left a review for מ.מ אגר פרוייקטים
   From: businessprofile-noreply@google.com
   Sender score: 20/40
   Content score: 0/100
   Combined confidence: 18%
   Signals:
[2026-09-09 22:00:20] ⏭️ Confidence 18% < 20%, skipping
[2026-09-09 22:00:20] 🔄 Processing message 48: 19b30ede2db9fae8
[2026-09-09 22:00:21] 📊 Subject: 🎁 מבצעי חנוכה של Nintendo – הזמן לשחק בענק (פרסומת)
   From: Sales-NoReply@payngo.co.il
   Sender score: 20/40
   Content score: 35/100
   Combined confidence: 40%
   Signals: order_number_pattern, item_list_found
[2026-09-09 22:00:21] 🔧 No specific parser found
[2026-09-09 22:00:21] ⏭️ Confidence 40% < 70% and no parser, skipping
[2026-09-09 22:00:21] 🔄 Processing message 49: 19b2ed9b3363723e
[2026-09-09 22:00:21] 📊 Subject: New reasons prevent pages from being indexed on site https://goldenevents.co.il/
   From: sc-noreply@google.com
   Sender score: 20/40
   Content score: 35/100
   Combined confidence: 40%
   Signals: order_number_pattern, item_list_found
[2026-09-09 22:00:21] 🔧 No specific parser found
[2026-09-09 22:00:21] ⏭️ Confidence 40% < 70% and no parser, skipping
[2026-09-09 22:00:21] 🔄 Processing message 50: 19b2ed22970d19f2
[2026-09-09 22:00:22] 📊 Subject: New reasons prevent pages from being indexed on site https://www.orlybodyandsoul.com/
   From: sc-noreply@google.com
   Sender score: 20/40
   Content score: 35/100
   Combined confidence: 40%
   Signals: order_number_pattern, item_list_found
[2026-09-09 22:00:22] 🔧 No specific parser found
[2026-09-09 22:00:22] ⏭️ Confidence 40% < 70% and no parser, skipping
[2026-09-09 22:00:22] --- Page 11: 50 messages ---
[2026-09-09 22:00:22] 🔄 Processing message 1: 19b2e8d5d7ebfe66
[2026-09-09 22:00:23] 📊 Subject: New reasons prevent pages from being indexed on site nadlanisteam.co.il
   From: sc-noreply@google.com
   Sender score: 20/40
   Content score: 25/100
   Combined confidence: 34%
   Signals: order_number_pattern
[2026-09-09 22:00:23] 🔧 No specific parser found
[2026-09-09 22:00:23] ⏭️ Confidence 34% < 70% and no parser, skipping
[2026-09-09 22:00:23] 🔄 Processing message 2: 19b2d8b3e8b86075
[2026-09-09 22:00:24] 📊 Subject: Receipt for Your Payment to ROBLOX Corporation
   From: service@paypal.co.il
   Sender score: 20/40
   Content score: 55/100
   Combined confidence: 53%
   Signals: amount_found, english_purchase_phrase, item_list_found, subject_keyword
[2026-09-09 22:00:24] 🔧 Parser: MyOrdersVault\Parsers\PayPalParser
   Extracted: YES (#0AM04125G7332054X)
[2026-09-09 22:00:24] ✅ WILL SAVE: Receipt for Your Payment to ROBLOX Corporation - Confidence: 53%
[2026-09-09 22:00:24] ✅ Cleaned order number: 0AM04125G7332054X (paypal)
[2026-09-09 22:00:24] 📧 Extracted customer email: info@roblox.com
[2026-09-09 22:00:24] 💾 gmail_messages ID: 668
   Order save: SUCCESS (ID: 139)
   Reason: parser_success_confidence_53
   Customer email: info@roblox.com
   Order number valid: YES
[2026-09-09 22:00:24] 🔄 Processing message 3: 19b2d8a74b832e68
[2026-09-09 22:00:24] 📊 Subject: Receipt for Your Payment to ROBLOX Corporation
   From: service@paypal.co.il
   Sender score: 20/40
   Content score: 55/100
   Combined confidence: 53%
   Signals: amount_found, english_purchase_phrase, item_list_found, subject_keyword
[2026-09-09 22:00:24] 🔧 Parser: MyOrdersVault\Parsers\PayPalParser
   Extracted: YES (#61333068ES985100M)
[2026-09-09 22:00:24] ✅ WILL SAVE: Receipt for Your Payment to ROBLOX Corporation - Confidence: 53%
[2026-09-09 22:00:24] ✅ Cleaned order number: 61333068ES985100M (paypal)
[2026-09-09 22:00:24] 📧 Extracted customer email: info@roblox.com
[2026-09-09 22:00:24] 💾 gmail_messages ID: 670
   Order save: SUCCESS (ID: 140)
   Reason: parser_success_confidence_53
   Customer email: info@roblox.com
   Order number valid: YES
[2026-09-09 22:00:24] 🔄 Processing message 4: 19b2c1169ebe9341
[2026-09-09 22:00:25] 📊 Subject: Verification code
   From: noreply@noreply.cozylife.app
   Sender score: 20/40
   Content score: 0/100
   Combined confidence: 18%
   Signals:
[2026-09-09 22:00:25] ⏭️ Confidence 18% < 20%, skipping
[2026-09-09 22:00:25] 🔄 Processing message 5: 19b2aee2c63918ad
[2026-09-09 22:00:25] 📊 Subject: חנוכה שמח עם מוצרים שידליקו את כולם אספנו עבורכם מוצרים מיוחדים שלא ידעתם שיש לנו במחירים מדליקים במיוחד! (פרסומת)
   From: Sales-NoReply@payngo.co.il
   Sender score: 20/40
   Content score: 35/100
   Combined confidence: 40%
   Signals: order_number_pattern, item_list_found
[2026-09-09 22:00:25] 🔧 No specific parser found
[2026-09-09 22:00:25] ⏭️ Confidence 40% < 70% and no parser, skipping
[2026-09-09 22:00:25] 🔄 Processing message 6: 19b2a70f5651413d
[2026-09-09 22:00:26] 📊 Subject: Cloud Dancer: Watch the Tutorial
   From: no-reply@pixlr.com
   Sender score: 20/40
   Content score: 25/100
   Combined confidence: 34%
   Signals: order_number_pattern
[2026-09-09 22:00:26] 🔧 No specific parser found
[2026-09-09 22:00:26] ⏭️ Confidence 34% < 70% and no parser, skipping
[2026-09-09 22:00:26] 🔄 Processing message 7: 19b29b4fc840bb8c
[2026-09-09 22:00:26] 📊 Subject: Receipt for Your Payment to Google Payment Limit...
   From: service@paypal.co.il
   Sender score: 20/40
   Content score: 55/100
   Combined confidence: 53%
   Signals: amount_found, english_purchase_phrase, item_list_found, subject_keyword
[2026-09-09 22:00:26] 🔧 Parser: MyOrdersVault\Parsers\PayPalParser
   Extracted: YES (#2GJ36963PX995112V)
[2026-09-09 22:00:26] ✅ WILL SAVE: Receipt for Your Payment to Google Payment Limit... - Confidence: 53%
[2026-09-09 22:00:26] ✅ Cleaned order number: 2GJ36963PX995112V (paypal)
[2026-09-09 22:00:26] 📧 Using from_email as customer email: service@paypal.co.il
[2026-09-09 22:00:26] 💾 gmail_messages ID: 675
   Order save: SUCCESS (ID: 141)
   Reason: parser_success_confidence_53
   Customer email: service@paypal.co.il
   Order number valid: YES
[2026-09-09 22:00:26] 🔄 Processing message 8: 19b26f0658a2a284
[2026-09-09 22:00:27] 📊 Subject: Coupon Pack received!
   From: no-reply@kucoin.com
   Sender score: 20/40
   Content score: 0/100
   Combined confidence: 18%
   Signals:
[2026-09-09 22:00:27] ⏭️ Confidence 18% < 20%, skipping
[2026-09-09 22:00:27] 🔄 Processing message 9: 19b25dee5a788b34
[2026-09-09 22:00:28] 📊 Subject: מבצעי סוף שנה בטכנולוגיה (פרסומת)
   From: Sales-NoReply@payngo.co.il
   Sender score: 20/40
   Content score: 35/100
   Combined confidence: 40%
   Signals: order_number_pattern, item_list_found
[2026-09-09 22:00:28] 🔧 No specific parser found
[2026-09-09 22:00:28] ⏭️ Confidence 40% < 70% and no parser, skipping
[2026-09-09 22:00:28] 🔄 Processing message 10: 19b234c0ab496a31
[2026-09-09 22:00:28] 📊 Subject: Security alert for omeronov@gmail.com
   From: no-reply@accounts.google.com
   Sender score: 20/40
   Content score: 0/100
   Combined confidence: 18%
   Signals:
[2026-09-09 22:00:28] ⏭️ Confidence 18% < 20%, skipping
[2026-09-09 22:00:28] 🔄 Processing message 11: 19b22f88d841d9ae
[2026-09-09 22:00:29] 📊 Subject: הטבה משתלמת במיוחד על מסכי LG (פרסומת)
   From: Sales-NoReply@payngo.co.il
   Sender score: 20/40
   Content score: 35/100
   Combined confidence: 40%
   Signals: order_number_pattern, item_list_found
[2026-09-09 22:00:29] 🔧 No specific parser found
[2026-09-09 22:00:29] ⏭️ Confidence 40% < 70% and no parser, skipping
[2026-09-09 22:00:29] 🔄 Processing message 12: 19b22429da1e7e9f
[2026-09-09 22:00:29] 📊 Subject: הודעה בדבר זכאות להנחה בהשכרת רכב על-פי הסדר פשרה
   From: noreply@shlomo.co.il
   Sender score: 20/40
   Content score: 0/100
   Combined confidence: 18%
   Signals:
[2026-09-09 22:00:29] ⏭️ Confidence 18% < 20%, skipping
[2026-09-09 22:00:29] 🔄 Processing message 13: 19b21a6a2063bf19
[2026-09-09 22:00:30] 📊 Subject: הודעה על משלוח שמספרו RS1278755836Y
   From: noReply@postil.co.il
   Sender score: 20/40
   Content score: 10/100
   Combined confidence: 24%
   Signals: shipping_signal
[2026-09-09 22:00:30] 🔧 No specific parser found
[2026-09-09 22:00:30] ⏭️ Confidence 24% < 70% and no parser, skipping
[2026-09-09 22:00:30] 🔄 Processing message 14: 19b209b550f69a03
[2026-09-09 22:00:30] 📊 Subject: Sauter – סוגרים שנה במטבח מושלם (פרסומת)
   From: Sales-NoReply@payngo.co.il
   Sender score: 20/40
   Content score: 35/100
   Combined confidence: 40%
   Signals: order_number_pattern, item_list_found
[2026-09-09 22:00:30] 🔧 No specific parser found
[2026-09-09 22:00:30] ⏭️ Confidence 40% < 70% and no parser, skipping
[2026-09-09 22:00:30] 🔄 Processing message 15: 19b1ff77b18ab2eb
[2026-09-09 22:00:31] 📊 Subject: ההזמנה שלך בדרך (284869027001028255)
   From: credit@notice.alibaba.com
   Sender score: 0/40
   Content score: 90/100
   Combined confidence: 59%
   Signals: order_number_pattern, amount_found, hebrew_purchase_phrase, item_list_found, shipping_signal, subject_keyword
[2026-09-09 22:00:31] 🔧 No specific parser found
[2026-09-09 22:00:31] ⏭️ Confidence 59% < 70% and no parser, skipping
[2026-09-09 22:00:31] 🔄 Processing message 16: 19b1d0b31e3fecac
[2026-09-09 22:00:32] 📊 Subject: אור-טק פתרונות אלומיניום בע״מ, make sure your Business Profile is up to date
   From: businessprofile-noreply@google.com
   Sender score: 20/40
   Content score: 0/100
   Combined confidence: 18%
   Signals:
[2026-09-09 22:00:32] ⏭️ Confidence 18% < 20%, skipping
[2026-09-09 22:00:32] 🔄 Processing message 17: 19b10723f921c4fb
[2026-09-09 22:00:32] 📊 Subject: Receipt for Your Payment to AISG E-COMMERCE PRIV...
   From: service@paypal.co.il
   Sender score: 20/40
   Content score: 90/100
   Combined confidence: 76%
   Signals: order_number_pattern, amount_found, english_purchase_phrase, item_list_found, shipping_signal, subject_keyword
[2026-09-09 22:00:32] 🔧 Parser: MyOrdersVault\Parsers\PayPalParser
   Extracted: YES (#5B551326HJ081812G)
[2026-09-09 22:00:32] ✅ WILL SAVE: Receipt for Your Payment to AISG E-COMMERCE PRIV... - Confidence: 76%
[2026-09-09 22:00:32] ✅ Cleaned order number: 5B551326HJ081812G (paypal)
[2026-09-09 22:00:32] 📧 Using from_email as customer email: service@paypal.co.il
[2026-09-09 22:00:32] 💾 gmail_messages ID: 686
   Order save: SUCCESS (ID: 142)
   Reason: parser_success_confidence_76
   Customer email: service@paypal.co.il
   Order number valid: YES
[2026-09-09 22:00:32] 🔄 Processing message 18: 19b0f5b3366c27ce
[2026-09-09 22:00:33] 📊 Subject: SoundCloud sign-in detected from a new device
   From: no-reply@login.soundcloud.com
   Sender score: 20/40
   Content score: 0/100
   Combined confidence: 18%
   Signals:
[2026-09-09 22:00:33] ⏭️ Confidence 18% < 20%, skipping
[2026-09-09 22:00:33] 🔄 Processing message 19: 19b0f56cd4eb5319
[2026-09-09 22:00:33] 📊 Subject: Request to change בני מימון מימון’s SoundCloud password
   From: noreply@account.soundcloud.com
   Sender score: 20/40
   Content score: 0/100
   Combined confidence: 18%
   Signals:
[2026-09-09 22:00:33] ⏭️ Confidence 18% < 20%, skipping
[2026-09-09 22:00:33] 🔄 Processing message 20: 19b0dbc06e926445
[2026-09-09 22:00:34] 📊 Subject: How to Create Dreamy Cloud Dancer AI Images in Pixlr 🤍✨
   From: no-reply@pixlr.com
   Sender score: 20/40
   Content score: 25/100
   Combined confidence: 34%
   Signals: order_number_pattern
[2026-09-09 22:00:34] 🔧 No specific parser found
[2026-09-09 22:00:34] ⏭️ Confidence 34% < 70% and no parser, skipping
[2026-09-09 22:00:34] 🔄 Processing message 21: 19b0cffd12ff0842
[2026-09-09 22:00:34] 📊 Subject: Receipt for Your Payment to AISG E-COMMERCE PRIV...
   From: service@paypal.co.il
   Sender score: 20/40
   Content score: 90/100
   Combined confidence: 76%
   Signals: order_number_pattern, amount_found, english_purchase_phrase, item_list_found, shipping_signal, subject_keyword
[2026-09-09 22:00:34] 🔧 Parser: MyOrdersVault\Parsers\PayPalParser
   Extracted: YES (#4LD71244PY6062244)
[2026-09-09 22:00:34] ✅ WILL SAVE: Receipt for Your Payment to AISG E-COMMERCE PRIV... - Confidence: 76%
[2026-09-09 22:00:34] ✅ Cleaned order number: 4LD71244PY6062244 (paypal)
[2026-09-09 22:00:34] 📧 Using from_email as customer email: service@paypal.co.il
[2026-09-09 22:00:34] 💾 gmail_messages ID: 691
   Order save: SUCCESS (ID: 143)
   Reason: parser_success_confidence_76
   Customer email: service@paypal.co.il
   Order number valid: YES
[2026-09-09 22:00:34] 🔄 Processing message 22: 19b07ac0ea543bd7
[2026-09-09 22:00:35] 📊 Subject: מ.מ אגר פרוייקטים, your performance report for November 2025
   From: businessprofile-noreply@google.com
   Sender score: 20/40
   Content score: 0/100
   Combined confidence: 18%
   Signals:
[2026-09-09 22:00:35] ⏭️ Confidence 18% < 20%, skipping
[2026-09-09 22:00:35] 🔄 Processing message 23: 19b079a908ffee81
[2026-09-09 22:00:36] 📊 Subject: אור-טק פתרונות אלומיניום בע״מ, your performance report for November 2025
   From: businessprofile-noreply@google.com
   Sender score: 20/40
   Content score: 0/100
   Combined confidence: 18%
   Signals:
[2026-09-09 22:00:36] ⏭️ Confidence 18% < 20%, skipping
[2026-09-09 22:00:36] 🔄 Processing message 24: 19b076d51c55095e
[2026-09-09 22:00:36] 📊 Subject: Golden Events גולדן ארועים, your performance report for November 2025
   From: businessprofile-noreply@google.com
   Sender score: 20/40
   Content score: 25/100
   Combined confidence: 34%
   Signals: order_number_pattern
[2026-09-09 22:00:36] 🔧 No specific parser found
[2026-09-09 22:00:36] ⏭️ Confidence 34% < 70% and no parser, skipping
[2026-09-09 22:00:36] 🔄 Processing message 25: 19b06f1ee5002a15
[2026-09-09 22:00:37] 📊 Subject: מבצעי סוף שנה – כל מה שהבית צריך במקום אחד! (פרסומת)
   From: Sales-NoReply@payngo.co.il
   Sender score: 20/40
   Content score: 35/100
   Combined confidence: 40%
   Signals: order_number_pattern, item_list_found
[2026-09-09 22:00:37] 🔧 No specific parser found
[2026-09-09 22:00:37] ⏭️ Confidence 40% < 70% and no parser, skipping
[2026-09-09 22:00:37] 🔄 Processing message 26: 19b06bc0784b65e0
[2026-09-09 22:00:37] 📊 Subject: Discover Cloud Dancer Pantone 2026 in Pixlr 🤍✨
   From: no-reply@pixlr.com
   Sender score: 20/40
   Content score: 25/100
   Combined confidence: 34%
   Signals: order_number_pattern
[2026-09-09 22:00:37] 🔧 No specific parser found
[2026-09-09 22:00:37] ⏭️ Confidence 34% < 70% and no parser, skipping
[2026-09-09 22:00:37] 🔄 Processing message 27: 19b0419ab37de5fc
[2026-09-09 22:00:38] 📊 Subject: 【הודעה】סטטוס התשלום עבור ההזמנה שלך ב-Trade Assurance 284869027001028255 השתנה
   From: credit@notice.alibaba.com
   Sender score: 0/40
   Content score: 90/100
   Combined confidence: 59%
   Signals: order_number_pattern, amount_found, hebrew_purchase_phrase, item_list_found, shipping_signal, subject_keyword
[2026-09-09 22:00:38] 🔧 No specific parser found
[2026-09-09 22:00:38] ⏭️ Confidence 59% < 70% and no parser, skipping
[2026-09-09 22:00:38] 🔄 Processing message 28: 19b041988b08f93f
[2026-09-09 22:00:39] 📊 Subject: 【הודעה】התקדמות ההזמנה שלך ב-Trade Assurance 284869027001028255 השתנתה
   From: credit@notice.alibaba.com
   Sender score: 0/40
   Content score: 90/100
   Combined confidence: 59%
   Signals: order_number_pattern, amount_found, hebrew_purchase_phrase, item_list_found, shipping_signal, subject_keyword
[2026-09-09 22:00:39] 🔧 No specific parser found
[2026-09-09 22:00:39] ⏭️ Confidence 59% < 70% and no parser, skipping
[2026-09-09 22:00:39] 🔄 Processing message 29: 19b01b5bac0dffdd
[2026-09-09 22:00:39] 📊 Subject: המותגים הכי חזקים בטכנולוגיה – עכשיו עם מחירי סוף שנה (פרסומת)
   From: Sales-NoReply@payngo.co.il
   Sender score: 20/40
   Content score: 35/100
   Combined confidence: 40%
   Signals: order_number_pattern, item_list_found
[2026-09-09 22:00:39] 🔧 No specific parser found
[2026-09-09 22:00:39] ⏭️ Confidence 40% < 70% and no parser, skipping
[2026-09-09 22:00:39] 🔄 Processing message 30: 19afc903c73611e8
[2026-09-09 22:00:40] 📊 Subject: מגוון מכונות נספרסו + מתנות מפנקות ברכישה! (פרסומת)
   From: Sales-NoReply@payngo.co.il
   Sender score: 20/40
   Content score: 45/100
   Combined confidence: 47%
   Signals: order_number_pattern, item_list_found, subject_keyword
[2026-09-09 22:00:40] 🔧 No specific parser found
[2026-09-09 22:00:40] ⏭️ Confidence 47% < 70% and no parser, skipping
[2026-09-09 22:00:40] 🔄 Processing message 31: 19af82f1a39f9fee
[2026-09-09 22:00:40] 📊 Subject: Coupon Pack received!
   From: no-reply@kucoin.com
   Sender score: 20/40
   Content score: 0/100
   Combined confidence: 18%
   Signals:
[2026-09-09 22:00:40] ⏭️ Confidence 18% < 20%, skipping
[2026-09-09 22:00:40] 🔄 Processing message 32: 19af802071bd7ff8
[2026-09-09 22:00:41] 📊 Subject: Get started using Search Console with https://www.orlybodyandsoul.com/
   From: sc-noreply@google.com
   Sender score: 20/40
   Content score: 25/100
   Combined confidence: 34%
   Signals: order_number_pattern
[2026-09-09 22:00:41] 🔧 No specific parser found
[2026-09-09 22:00:41] ⏭️ Confidence 34% < 70% and no parser, skipping
[2026-09-09 22:00:41] 🔄 Processing message 33: 19aee39c1e966d1d
[2026-09-09 22:00:41] 📊 Subject: Security alert
   From: no-reply@accounts.google.com
   Sender score: 20/40
   Content score: 0/100
   Combined confidence: 18%
   Signals:
[2026-09-09 22:00:41] ⏭️ Confidence 18% < 20%, skipping
[2026-09-09 22:00:41] 🔄 Processing message 34: 19aed56462e1c69e
[2026-09-09 22:00:42] 📊 Subject: Coupon Expiring Soon
   From: no-reply@kucoin.com
   Sender score: 20/40
   Content score: 0/100
   Combined confidence: 18%
   Signals:
[2026-09-09 22:00:42] ⏭️ Confidence 18% < 20%, skipping
[2026-09-09 22:00:42] 🔄 Processing message 35: 19aea27d1c5f3efa
[2026-09-09 22:00:42] 📊 Subject: תודה על הזמנתך במספרת אסף בן נעים
   From: refael-401@nadlanisteam.co.il
   Sender score: 0/40
   Content score: 15/100
   Combined confidence: 10%
   Signals: hebrew_purchase_phrase
[2026-09-09 22:00:42] ⏭️ Confidence 10% < 20%, skipping
[2026-09-09 22:00:42] 🔄 Processing message 36: 19aea20836bbd522
[2026-09-09 22:00:43] 📊 Subject: This Week’s Viral Snowy Portrait Look Is Here ❄️
   From: no-reply@pixlr.com
   Sender score: 20/40
   Content score: 25/100
   Combined confidence: 34%
   Signals: order_number_pattern
[2026-09-09 22:00:43] 🔧 No specific parser found
[2026-09-09 22:00:43] ⏭️ Confidence 34% < 70% and no parser, skipping
[2026-09-09 22:00:43] 🔄 Processing message 37: 19ae9b4b9197ab8a
[2026-09-09 22:00:44] 📊 Subject: Find your next best customer with Google AI
   From: analytics-noreply@google.com
   Sender score: 20/40
   Content score: 0/100
   Combined confidence: 18%
   Signals:
[2026-09-09 22:00:44] ⏭️ Confidence 18% < 20%, skipping
[2026-09-09 22:00:44] 🔄 Processing message 38: 19ae8bfffd3c1835
[2026-09-09 22:00:44] 📊 Subject: מכתב חדש בנושאהודעה על פתיחת תיק עסק זעיר
   From: noReply@taxes.gov.il
   Sender score: 20/40
   Content score: 0/100
   Combined confidence: 18%
   Signals:
[2026-09-09 22:00:44] ⏭️ Confidence 18% < 20%, skipping
[2026-09-09 22:00:44] 🔄 Processing message 39: 19ae7fa9fb2b55a2
[2026-09-09 22:00:45] 📊 Subject: HELLO WINTER ❄️ מבצעי חימום מטורפים לכל הבית (פרסומת)
   From: Sales-NoReply@payngo.co.il
   Sender score: 20/40
   Content score: 35/100
   Combined confidence: 40%
   Signals: order_number_pattern, item_list_found
[2026-09-09 22:00:45] 🔧 No specific parser found
[2026-09-09 22:00:45] ⏭️ Confidence 40% < 70% and no parser, skipping
[2026-09-09 22:00:45] 🔄 Processing message 40: 19ae2d175102210b
[2026-09-09 22:00:45] 📊 Subject: המסכים המובילים בישראל במחירים מיוחדים! (פרסומת)
   From: Sales-NoReply@payngo.co.il
   Sender score: 20/40
   Content score: 35/100
   Combined confidence: 40%
   Signals: order_number_pattern, item_list_found
[2026-09-09 22:00:45] 🔧 No specific parser found
[2026-09-09 22:00:45] ⏭️ Confidence 40% < 70% and no parser, skipping
[2026-09-09 22:00:45] 🔄 Processing message 41: 19adff9fec89f1d4
[2026-09-09 22:00:46] 📊 Subject: Create Cinematic Blur in 1 Click with Pixlr’s Bokeh Filter 🎥✨
   From: no-reply@pixlr.com
   Sender score: 20/40
   Content score: 35/100
   Combined confidence: 40%
   Signals: order_number_pattern, item_list_found
[2026-09-09 22:00:46] 🔧 No specific parser found
[2026-09-09 22:00:46] ⏭️ Confidence 40% < 70% and no parser, skipping
[2026-09-09 22:00:46] 🔄 Processing message 42: 19ade169393f98e5
[2026-09-09 22:00:46] 📊 Subject: קבלת מכתב מהמוסד לביטוח לאומי
   From: noreply@btl.gov.il
   Sender score: 20/40
   Content score: 0/100
   Combined confidence: 18%
   Signals:
[2026-09-09 22:00:46] ⏭️ Confidence 18% < 20%, skipping
[2026-09-09 22:00:46] 🔄 Processing message 43: 19adb12f1f919d32
[2026-09-09 22:00:47] 📊 Subject: ⏳ המודעה שלך עומדת להסתיים (אבל אפשר להשאיר אותה באוויר)
   From: no-reply@yad2.co.il
   Sender score: 20/40
   Content score: 0/100
   Combined confidence: 18%
   Signals:
[2026-09-09 22:00:47] ⏭️ Confidence 18% < 20%, skipping
[2026-09-09 22:00:47] 🔄 Processing message 44: 19ada317b8e2939c
[2026-09-09 22:00:48] 📊 Subject: Only 24 Hours Left: Grab 35% Off All 200+ Widgets Now
   From: noreply@commoninja.com
   Sender score: 20/40
   Content score: 0/100
   Combined confidence: 18%
   Signals:
[2026-09-09 22:00:48] ⏭️ Confidence 18% < 20%, skipping
[2026-09-09 22:00:48] 🔄 Processing message 45: 19ada11efa4b4b55
[2026-09-09 22:00:48] 📊 Subject: New reasons prevent pages from being indexed on site nadlanisteam.co.il
   From: sc-noreply@google.com
   Sender score: 20/40
   Content score: 25/100
   Combined confidence: 34%
   Signals: order_number_pattern
[2026-09-09 22:00:48] 🔧 No specific parser found
[2026-09-09 22:00:48] ⏭️ Confidence 34% < 70% and no parser, skipping
[2026-09-09 22:00:48] 🔄 Processing message 46: 19ad8bc319303e62
[2026-09-09 22:00:49] 📊 Subject: Last Chance: 40% OFF at Complianz
   From: noreply@complianz.io
   Sender score: 20/40
   Content score: 0/100
   Combined confidence: 18%
   Signals:
[2026-09-09 22:00:49] ⏭️ Confidence 18% < 20%, skipping
[2026-09-09 22:00:49] 🔄 Processing message 47: 19ad8b7e586b71c5
[2026-09-09 22:00:49] 📊 Subject: ✨ Ad: 30% Off Select Yearly Plans — Today Only ✨
   From: no-reply@marketing.base44.com
   Sender score: 20/40
   Content score: 35/100
   Combined confidence: 40%
   Signals: order_number_pattern, item_list_found
[2026-09-09 22:00:49] 🔧 No specific parser found
[2026-09-09 22:00:49] ⏭️ Confidence 40% < 70% and no parser, skipping
[2026-09-09 22:00:49] 🔄 Processing message 48: 19ad6c1ff90db918
[2026-09-09 22:00:50] 📊 Subject: Please rate our service and share experience 🙏
   From: support@turbologo.com
   Sender score: 20/40
   Content score: 0/100
   Combined confidence: 18%
   Signals:
[2026-09-09 22:00:50] ⏭️ Confidence 18% < 20%, skipping
[2026-09-09 22:00:50] 🔄 Processing message 49: 19ad0c67b119eed7
[2026-09-09 22:00:50] 📊 Subject: ⏳ המודעה שלך עומדת להסתיים (אבל אפשר להשאיר אותה באוויר)
   From: no-reply@yad2.co.il
   Sender score: 20/40
   Content score: 0/100
   Combined confidence: 18%
   Signals:
[2026-09-09 22:00:50] ⏭️ Confidence 18% < 20%, skipping
[2026-09-09 22:00:50] 🔄 Processing message 50: 19aca968dea2a4c4
[2026-09-09 22:00:51] 📊 Subject: Your 35% Discount on 200+ Widgets Ends in 24 Hours
   From: noreply@commoninja.com
   Sender score: 20/40
   Content score: 0/100
   Combined confidence: 18%
   Signals:
[2026-09-09 22:00:51] ⏭️ Confidence 18% < 20%, skipping
[2026-09-09 22:00:51] --- Page 12: 50 messages ---
[2026-09-09 22:00:51] 🔄 Processing message 1: 19aca85b732f077f
[2026-09-09 22:00:52] 📊 Subject: Black Friday is HERE! Free Hunter Evo + Huge Deals
   From: no-reply@email.supercell.com
   Sender score: 20/40
   Content score: 10/100
   Combined confidence: 24%
   Signals: item_list_found
[2026-09-09 22:00:52] 🔧 No specific parser found
[2026-09-09 22:00:52] ⏭️ Confidence 24% < 70% and no parser, skipping
[2026-09-09 22:00:52] 🔄 Processing message 2: 19aca3a4d9c697b2
[2026-09-09 22:00:52] 📊 Subject: Coupon Pack received!
   From: no-reply@kucoin.com
   Sender score: 20/40
   Content score: 0/100
   Combined confidence: 18%
   Signals:
[2026-09-09 22:00:52] ⏭️ Confidence 18% < 20%, skipping
[2026-09-09 22:00:52] 🔄 Processing message 3: 19aca13daad4cac3
[2026-09-09 22:00:53] 📊 Subject: תודה על הזמנתך במספרת אסף בן נעים
   From: refael-401@nadlanisteam.co.il
   Sender score: 0/40
   Content score: 15/100
   Combined confidence: 10%
   Signals: hebrew_purchase_phrase
[2026-09-09 22:00:53] ⏭️ Confidence 10% < 20%, skipping
[2026-09-09 22:00:53] 🔄 Processing message 4: 19ac984b27741460
[2026-09-09 22:00:54] 📊 Subject: חגיגת BLACK FRIDAY ברשת מחסני חשמל! (פרסומת)
   From: Sales-NoReply@payngo.co.il
   Sender score: 20/40
   Content score: 35/100
   Combined confidence: 40%
   Signals: order_number_pattern, item_list_found
[2026-09-09 22:00:54] 🔧 No specific parser found
[2026-09-09 22:00:54] ⏭️ Confidence 40% < 70% and no parser, skipping
[2026-09-09 22:00:54] 🔄 Processing message 5: 19ac7882a5d0dd0e
[2026-09-09 22:00:54] 📊 Subject: This Winter Portrait Trend Is Going Viral ❄️🔥
   From: no-reply@pixlr.com
   Sender score: 20/40
   Content score: 25/100
   Combined confidence: 34%
   Signals: order_number_pattern
[2026-09-09 22:00:54] 🔧 No specific parser found
[2026-09-09 22:00:54] ⏭️ Confidence 34% < 70% and no parser, skipping
[2026-09-09 22:00:54] 🔄 Processing message 6: 19ac6ace266b28ba
[2026-09-09 22:00:55] 📊 Subject: Security alert
   From: no-reply@accounts.google.com
   Sender score: 20/40
   Content score: 0/100
   Combined confidence: 18%
   Signals:
[2026-09-09 22:00:55] ⏭️ Confidence 18% < 20%, skipping
[2026-09-09 22:00:55] 🔄 Processing message 7: 19ac66f78d935e18
[2026-09-09 22:00:55] 📊 Subject: חגיגת מסכים מטורפת – BLACK FRIDAY במחסני חשמל! (פרסומת)
   From: Sales-NoReply@payngo.co.il
   Sender score: 20/40
   Content score: 35/100
   Combined confidence: 40%
   Signals: order_number_pattern, item_list_found
[2026-09-09 22:00:55] 🔧 No specific parser found
[2026-09-09 22:00:55] ⏭️ Confidence 40% < 70% and no parser, skipping
[2026-09-09 22:00:55] 🔄 Processing message 8: 19ac5bf944354a98
[2026-09-09 22:00:56] 📊 Subject: הדילים הגדולים של בלאק פריידי – זמינים עכשיו באתר! (פרסומת)
   From: Sales-NoReply@payngo.co.il
   Sender score: 20/40
   Content score: 35/100
   Combined confidence: 40%
   Signals: order_number_pattern, item_list_found
[2026-09-09 22:00:56] 🔧 No specific parser found
[2026-09-09 22:00:56] ⏭️ Confidence 40% < 70% and no parser, skipping
[2026-09-09 22:00:56] 🔄 Processing message 9: 19ac5a6c35950415
[2026-09-09 22:00:56] 📊 Subject: Reminder: 40% OFF at Complianz
   From: noreply@complianz.io
   Sender score: 20/40
   Content score: 10/100
   Combined confidence: 24%
   Signals: item_list_found
[2026-09-09 22:00:56] 🔧 No specific parser found
[2026-09-09 22:00:56] ⏭️ Confidence 24% < 70% and no parser, skipping
[2026-09-09 22:00:56] 🔄 Processing message 10: 19ac42ed7c3b8959
[2026-09-09 22:00:57] 📊 Subject: Security alert for omeronov@gmail.com
   From: no-reply@accounts.google.com
   Sender score: 20/40
   Content score: 0/100
   Combined confidence: 18%
   Signals:
[2026-09-09 22:00:57] ⏭️ Confidence 18% < 20%, skipping
[2026-09-09 22:00:57] 🔄 Processing message 11: 19ac3fb3db2bd21a
[2026-09-09 22:00:57] 📊 Subject: המותגים החזקים בעולם – במחירים שלא חוזרים BLACK FRIDAY במחסני חשמל! (פרסומת)
   From: Sales-NoReply@payngo.co.il
   Sender score: 20/40
   Content score: 35/100
   Combined confidence: 40%
   Signals: order_number_pattern, item_list_found
[2026-09-09 22:00:57] 🔧 No specific parser found
[2026-09-09 22:00:57] ⏭️ Confidence 40% < 70% and no parser, skipping
[2026-09-09 22:00:58] 🔄 Processing message 12: 19ac3ee4b789021e
[2026-09-09 22:00:58] 📊 Subject: Third-party security incident
   From: noreply@email.openai.com
   Sender score: 20/40
   Content score: 35/100
   Combined confidence: 40%
   Signals: order_number_pattern, item_list_found
[2026-09-09 22:00:58] 🔧 No specific parser found
[2026-09-09 22:00:58] ⏭️ Confidence 40% < 70% and no parser, skipping
[2026-09-09 22:00:58] 🔄 Processing message 13: 19ac1e43c3891ebd
[2026-09-09 22:00:59] 📊 Subject: Verify Discord Login from New Location
   From: noreply@discord.com
   Sender score: 20/40
   Content score: 25/100
   Combined confidence: 34%
   Signals: order_number_pattern
[2026-09-09 22:00:59] 🔧 No specific parser found
[2026-09-09 22:00:59] ⏭️ Confidence 34% < 70% and no parser, skipping
[2026-09-09 22:00:59] 🔄 Processing message 14: 19ac121639e84c67
[2026-09-09 22:00:59] ⏳ Rate limited, retrying in 5s (attempt 1/5)
[2026-09-09 22:01:04] 📊 Subject: BLACK FRIDAY במחסני חשמל – מחירי ענק על מכונות כביסה ומייבשים! (פרסומת)
   From: Sales-NoReply@payngo.co.il
   Sender score: 20/40
   Content score: 35/100
   Combined confidence: 40%
   Signals: order_number_pattern, item_list_found
[2026-09-09 22:01:04] 🔧 No specific parser found
[2026-09-09 22:01:04] ⏭️ Confidence 40% < 70% and no parser, skipping
[2026-09-09 22:01:04] 🔄 Processing message 15: 19abf1720f7f0f90
[2026-09-09 22:01:05] 📊 Subject: Coupon Expiring Soon
   From: no-reply@kucoin.com
   Sender score: 20/40
   Content score: 0/100
   Combined confidence: 18%
   Signals:
[2026-09-09 22:01:05] ⏭️ Confidence 18% < 20%, skipping
[2026-09-09 22:01:05] 🔄 Processing message 16: 19abec4fa56787b7
[2026-09-09 22:01:05] 📊 Subject: נובמבר בבית: חימום, תנורים, כביסה ומקררים במחירי BLACK FRIDAY! (פרסומת)
   From: Sales-NoReply@payngo.co.il
   Sender score: 20/40
   Content score: 35/100
   Combined confidence: 40%
   Signals: order_number_pattern, item_list_found
[2026-09-09 22:01:05] 🔧 No specific parser found
[2026-09-09 22:01:05] ⏭️ Confidence 40% < 70% and no parser, skipping
[2026-09-09 22:01:05] 🔄 Processing message 17: 19abd0230640c929
[2026-09-09 22:01:06] 📊 Subject: Don’t wait and download ודוד ןהכ logo with 70%
   From: support@turbologo.com
   Sender score: 20/40
   Content score: 0/100
   Combined confidence: 18%
   Signals:
[2026-09-09 22:01:06] ⏭️ Confidence 18% < 20%, skipping
[2026-09-09 22:01:06] 🔄 Processing message 18: 19abc2ccf0964e03
[2026-09-09 22:01:06] 📊 Subject: ⏳ המודעה שלך עומדת להסתיים (אבל אפשר להשאיר אותה באוויר)
   From: no-reply@yad2.co.il
   Sender score: 20/40
   Content score: 0/100
   Combined confidence: 18%
   Signals:
[2026-09-09 22:01:06] ⏭️ Confidence 18% < 20%, skipping
[2026-09-09 22:01:06] 🔄 Processing message 19: 19abbf9dab15a297
[2026-09-09 22:01:07] 📊 Subject: חגיגת מטבח במחסני חשמל – מבצעים מטורפים ל־Black Friday! (פרסומת)
   From: Sales-NoReply@payngo.co.il
   Sender score: 20/40
   Content score: 35/100
   Combined confidence: 40%
   Signals: order_number_pattern, item_list_found
[2026-09-09 22:01:07] 🔧 No specific parser found
[2026-09-09 22:01:07] ⏭️ Confidence 40% < 70% and no parser, skipping
[2026-09-09 22:01:07] 🔄 Processing message 20: 19abbc9cfe1d0ea3
[2026-09-09 22:01:08] 📊 Subject: דיוור רבעוני
   From: noreply@analyst.co.il
   Sender score: 20/40
   Content score: 0/100
   Combined confidence: 18%
   Signals:
[2026-09-09 22:01:08] ⏭️ Confidence 18% < 20%, skipping
[2026-09-09 22:01:08] 🔄 Processing message 21: 19abb8394fb96237
[2026-09-09 22:01:08] 📊 Subject: Ready to Boost Your Black Friday 2025 Sales✨
   From: no-reply@pixlr.com
   Sender score: 20/40
   Content score: 35/100
   Combined confidence: 40%
   Signals: order_number_pattern, item_list_found
[2026-09-09 22:01:08] 🔧 No specific parser found
[2026-09-09 22:01:08] ⏭️ Confidence 40% < 70% and no parser, skipping
[2026-09-09 22:01:08] 🔄 Processing message 22: 19abb3b5b447f3c1
[2026-09-09 22:01:09] 📊 Subject: Coupon Expiring Soon
   From: no-reply@kucoin.com
   Sender score: 20/40
   Content score: 0/100
   Combined confidence: 18%
   Signals:
[2026-09-09 22:01:09] ⏭️ Confidence 18% < 20%, skipping
[2026-09-09 22:01:09] 🔄 Processing message 23: 19aba3f430f6b20f
[2026-09-09 22:01:09] 📊 Subject: 40% off all plans. Take your pick at complianz.io
   From: noreply@complianz.io
   Sender score: 20/40
   Content score: 10/100
   Combined confidence: 24%
   Signals: item_list_found
[2026-09-09 22:01:09] 🔧 No specific parser found
[2026-09-09 22:01:09] ⏭️ Confidence 24% < 70% and no parser, skipping
[2026-09-09 22:01:09] 🔄 Processing message 24: 19ab99e1f9811726
[2026-09-09 22:01:10] 📊 Subject: מותגים מובילים, מחירים מטורפים – בלאק נובמבר במחסני חשמל (פרסומת)
   From: Sales-NoReply@payngo.co.il
   Sender score: 20/40
   Content score: 35/100
   Combined confidence: 40%
   Signals: order_number_pattern, item_list_found
[2026-09-09 22:01:10] 🔧 No specific parser found
[2026-09-09 22:01:10] ⏭️ Confidence 40% < 70% and no parser, skipping
[2026-09-09 22:01:10] 🔄 Processing message 25: 19ab7dbd78a55c3d
[2026-09-09 22:01:10] 📊 Subject: 💵 Use 10% discount on your logo for 3 days! 💵

   From: support@turbologo.com
   Sender score: 20/40
   Content score: 0/100
   Combined confidence: 18%
   Signals:
[2026-09-09 22:01:10] ⏭️ Confidence 18% < 20%, skipping
[2026-09-09 22:01:10] 🔄 Processing message 26: 19ab7dbd7675ba18
[2026-09-09 22:01:11] 📊 Subject: Download your logo
   From: support@turbologo.com
   Sender score: 20/40
   Content score: 20/100
   Combined confidence: 31%
   Signals: amount_found
[2026-09-09 22:01:11] 🔧 No specific parser found
[2026-09-09 22:01:11] ⏭️ Confidence 31% < 70% and no parser, skipping
[2026-09-09 22:01:11] 🔄 Processing message 27: 19ab6d482e4aebf9
[2026-09-09 22:01:11] 📊 Subject: המסכים הכי חזקים בישראל – במחירי בלאק פריידי שלא חוזרים! (פרסומת)
   From: Sales-NoReply@payngo.co.il
   Sender score: 20/40
   Content score: 35/100
   Combined confidence: 40%
   Signals: order_number_pattern, item_list_found
[2026-09-09 22:01:11] 🔧 No specific parser found
[2026-09-09 22:01:11] ⏭️ Confidence 40% < 70% and no parser, skipping
[2026-09-09 22:01:11] 🔄 Processing message 28: 19ab5eb307b16fcc
[2026-09-09 22:01:12] 📊 Subject: מוכרים או קונים רכב? נובמבר נותן לכם יתרון אמיתי (פרסומת)
   From: no-reply@info.yad2.co.il
   Sender score: 20/40
   Content score: 10/100
   Combined confidence: 24%
   Signals: item_list_found
[2026-09-09 22:01:12] 🔧 No specific parser found
[2026-09-09 22:01:12] ⏭️ Confidence 24% < 70% and no parser, skipping
[2026-09-09 22:01:12] 🔄 Processing message 29: 19ab5e5189b27920
[2026-09-09 22:01:12] 📊 Subject:  כשהמחירים יורדים ההזדמנויות עולות - נדל"ן 2025 (פרסומת)
   From: no-reply@info.yad2.co.il
   Sender score: 20/40
   Content score: 10/100
   Combined confidence: 24%
   Signals: item_list_found
[2026-09-09 22:01:12] 🔧 No specific parser found
[2026-09-09 22:01:12] ⏭️ Confidence 24% < 70% and no parser, skipping
[2026-09-09 22:01:12] 🔄 Processing message 30: 19ab509a514797fe
[2026-09-09 22:01:13] 📊 Subject: Receipt for Your Payment to AISG E-COMMERCE PRIV...
   From: service@paypal.co.il
   Sender score: 20/40
   Content score: 90/100
   Combined confidence: 76%
   Signals: order_number_pattern, amount_found, english_purchase_phrase, item_list_found, shipping_signal, subject_keyword
[2026-09-09 22:01:13] 🔧 Parser: MyOrdersVault\Parsers\PayPalParser
   Extracted: YES (#0YU9017703681933J)
[2026-09-09 22:01:13] ✅ WILL SAVE: Receipt for Your Payment to AISG E-COMMERCE PRIV... - Confidence: 76%
[2026-09-09 22:01:13] ✅ Cleaned order number: 0YU9017703681933J (paypal)
[2026-09-09 22:01:13] 📧 Using from_email as customer email: service@paypal.co.il
[2026-09-09 22:01:13] 💾 gmail_messages ID: 751
   Order save: SUCCESS (ID: 144)
   Reason: parser_success_confidence_76
   Customer email: service@paypal.co.il
   Order number valid: YES
[2026-09-09 22:01:13] 🔄 Processing message 31: 19ab475ea1584640
[2026-09-09 22:01:14] 📊 Subject: הבית שלך עולה רמה: שואבים חכמים במחירי BLACK FRIDAY!! (פרסומת)
   From: Sales-NoReply@payngo.co.il
   Sender score: 20/40
   Content score: 35/100
   Combined confidence: 40%
   Signals: order_number_pattern, item_list_found
[2026-09-09 22:01:14] 🔧 No specific parser found
[2026-09-09 22:01:14] ⏭️ Confidence 40% < 70% and no parser, skipping
[2026-09-09 22:01:14] 🔄 Processing message 32: 19ab32dc26dc44ab
[2026-09-09 22:01:14] 📊 Subject: Receipt for Your Payment to Hostinger Internatio...
   From: service@paypal.co.il
   Sender score: 20/40
   Content score: 55/100
   Combined confidence: 53%
   Signals: amount_found, english_purchase_phrase, item_list_found, subject_keyword
[2026-09-09 22:01:14] 🔧 Parser: MyOrdersVault\Parsers\PayPalParser
   Extracted: YES (#3KW01561XH597511R)
[2026-09-09 22:01:14] ✅ WILL SAVE: Receipt for Your Payment to Hostinger Internatio... - Confidence: 53%
[2026-09-09 22:01:14] ✅ Cleaned order number: 3KW01561XH597511R (paypal)
[2026-09-09 22:01:14] 📧 Extracted customer email: support@hostinger.co
[2026-09-09 22:01:14] 💾 gmail_messages ID: 754
   Order save: SUCCESS (ID: 145)
   Reason: parser_success_confidence_53
   Customer email: support@hostinger.co
   Order number valid: YES
[2026-09-09 22:01:14] 🔄 Processing message 33: 19ab2b5f1840293e
[2026-09-09 22:01:15] 📊 Subject: Welcome to Turbologo - AI-powered logo maker! 👋
   From: support@turbologo.com
   Sender score: 20/40
   Content score: 0/100
   Combined confidence: 18%
   Signals:
[2026-09-09 22:01:15] ⏭️ Confidence 18% < 20%, skipping
[2026-09-09 22:01:15] 🔄 Processing message 34: 19ab23c8d2408069
[2026-09-09 22:01:15] 📊 Subject: Verify Discord Login from New Location
   From: noreply@discord.com
   Sender score: 20/40
   Content score: 25/100
   Combined confidence: 34%
   Signals: order_number_pattern
[2026-09-09 22:01:15] 🔧 No specific parser found
[2026-09-09 22:01:15] ⏭️ Confidence 34% < 70% and no parser, skipping
[2026-09-09 22:01:15] 🔄 Processing message 35: 19ab1fa7ec0b35f5
[2026-09-09 22:01:16] 📊 Subject: Receipt for Your Payment to ROBLOX Corporation
   From: service@paypal.co.il
   Sender score: 20/40
   Content score: 55/100
   Combined confidence: 53%
   Signals: amount_found, english_purchase_phrase, item_list_found, subject_keyword
[2026-09-09 22:01:16] 🔧 Parser: MyOrdersVault\Parsers\PayPalParser
   Extracted: YES (#47A94222W5823832U)
[2026-09-09 22:01:16] ✅ WILL SAVE: Receipt for Your Payment to ROBLOX Corporation - Confidence: 53%
[2026-09-09 22:01:16] ✅ Cleaned order number: 47A94222W5823832U (paypal)
[2026-09-09 22:01:16] 📧 Extracted customer email: info@roblox.com
[2026-09-09 22:01:16] 💾 gmail_messages ID: 758
   Order save: SUCCESS (ID: 146)
   Reason: parser_success_confidence_53
   Customer email: info@roblox.com
   Order number valid: YES
[2026-09-09 22:01:16] 🔄 Processing message 36: 19ab090e32f0672d
[2026-09-09 22:01:16] 📊 Subject: Security alert
   From: no-reply@accounts.google.com
   Sender score: 20/40
   Content score: 0/100
   Combined confidence: 18%
   Signals:
[2026-09-09 22:01:16] ⏭️ Confidence 18% < 20%, skipping
[2026-09-09 22:01:16] 🔄 Processing message 37: 19ab06d462e98bf4
[2026-09-09 22:01:17] 📊 Subject: מבצעי BLACK FRIDAY על כל מותגי הטכנולוגיה – במחירים שלא חוזרים (פרסומת)
   From: Sales-NoReply@payngo.co.il
   Sender score: 20/40
   Content score: 35/100
   Combined confidence: 40%
   Signals: order_number_pattern, item_list_found
[2026-09-09 22:01:17] 🔧 No specific parser found
[2026-09-09 22:01:17] ⏭️ Confidence 40% < 70% and no parser, skipping
[2026-09-09 22:01:17] 🔄 Processing message 38: 19aa746e3a517130
[2026-09-09 22:01:17] 📊 Subject: [נדרשת פעולה] עליך לאשר אם הקמפיינים שלך כוללים מודעות פוליטיות באיחוד האירופי
   From: ads-account-noreply@google.com
   Sender score: 20/40
   Content score: 0/100
   Combined confidence: 18%
   Signals:
[2026-09-09 22:01:17] ⏭️ Confidence 18% < 20%, skipping
[2026-09-09 22:01:17] 🔄 Processing message 39: 19a9d204e6197357
[2026-09-09 22:01:18] 📊 Subject: בני, improve your return on ad spend

   From: analytics-noreply@google.com
   Sender score: 20/40
   Content score: 0/100
   Combined confidence: 18%
   Signals:
[2026-09-09 22:01:18] ⏭️ Confidence 18% < 20%, skipping
[2026-09-09 22:01:18] 🔄 Processing message 40: 19a96294849c4c27
[2026-09-09 22:01:19] 📊 Subject: אישור עוסק פטור לתיק שמספרו: 34833442
   From: noReply@taxes.gov.il
   Sender score: 20/40
   Content score: 35/100
   Combined confidence: 40%
   Signals: order_number_pattern, subject_keyword
[2026-09-09 22:01:19] 🔧 No specific parser found
[2026-09-09 22:01:19] ⏭️ Confidence 40% < 70% and no parser, skipping
[2026-09-09 22:01:19] 🔄 Processing message 41: 19a8f362513918ab
[2026-09-09 22:01:19] 📊 Subject: Receipt for Your Payment to Google Payment Limit...
   From: service@paypal.co.il
   Sender score: 20/40
   Content score: 55/100
   Combined confidence: 53%
   Signals: amount_found, english_purchase_phrase, item_list_found, subject_keyword
[2026-09-09 22:01:19] 🔧 Parser: MyOrdersVault\Parsers\PayPalParser
   Extracted: YES (#26H42157RC013873S)
[2026-09-09 22:01:19] ✅ WILL SAVE: Receipt for Your Payment to Google Payment Limit... - Confidence: 53%
[2026-09-09 22:01:19] ✅ Cleaned order number: 26H42157RC013873S (paypal)
[2026-09-09 22:01:19] 📧 Using from_email as customer email: service@paypal.co.il
[2026-09-09 22:01:19] 💾 gmail_messages ID: 765
   Order save: SUCCESS (ID: 147)
   Reason: parser_success_confidence_53
   Customer email: service@paypal.co.il
   Order number valid: YES
[2026-09-09 22:01:19] 🔄 Processing message 42: 19a8e601ba8b127f
[2026-09-09 22:01:20] 📊 Subject: קבלה עבור הזמנתך מס' 82847114
   From: ivory@ivory.co.il
   Sender score: 40/40
   Content score: 35/100
   Combined confidence: 58%
   Signals: order_number_pattern, subject_keyword
[2026-09-09 22:01:20] 🔧 No specific parser found
[2026-09-09 22:01:20] ⏭️ Confidence 58% < 70% and no parser, skipping
[2026-09-09 22:01:20] 🔄 Processing message 43: 19a8e5a78061b9ca
[2026-09-09 22:01:20] 📊 Subject: תודה על הזמנתך / #82847114
   From: IVORY@ivory.co.il
   Sender score: 40/40
   Content score: 80/100
   Combined confidence: 87%
   Signals: order_number_pattern, amount_found, hebrew_purchase_phrase, item_list_found, shipping_signal
[2026-09-09 22:01:20] 🔧 No specific parser found
[2026-09-09 22:01:20] ✅ WILL SAVE: תודה על הזמנתך / #82847114 - Confidence: 87%
[2026-09-09 22:01:20] ✅ Cleaned order number: GEN-4d21a465c1 (alphanumeric)
[2026-09-09 22:01:20] 📧 Using from_email as customer email: IVORY@ivory.co.il
[2026-09-09 22:01:20] 💾 gmail_messages ID: 768
   Order save: SUCCESS (ID: 148)
   Reason: generic_parser_high_confidence_87
   Customer email: IVORY@ivory.co.il
   Order number valid: YES
[2026-09-09 22:01:20] 🔄 Processing message 44: 19a8c339420d103d
[2026-09-09 22:01:21] 📊 Subject: Improve Google presence for nadlanisteam.co.il
   From: sc-noreply@google.com
   Sender score: 20/40
   Content score: 25/100
   Combined confidence: 34%
   Signals: order_number_pattern
[2026-09-09 22:01:21] 🔧 No specific parser found
[2026-09-09 22:01:21] ⏭️ Confidence 34% < 70% and no parser, skipping
[2026-09-09 22:01:21] 🔄 Processing message 45: 19a8c289db8b6e8a
[2026-09-09 22:01:21] 📊 Subject: Security alert
   From: no-reply@accounts.google.com
   Sender score: 20/40
   Content score: 0/100
   Combined confidence: 18%
   Signals:
[2026-09-09 22:01:21] ⏭️ Confidence 18% < 20%, skipping
[2026-09-09 22:01:21] 🔄 Processing message 46: 19a8c21479fc24ba
[2026-09-09 22:01:22] 📊 Subject: Black November בטכנולוגיה – המבצעים הכי חמים של השנה! (פרסומת)
   From: Sales-NoReply@payngo.co.il
   Sender score: 20/40
   Content score: 35/100
   Combined confidence: 40%
   Signals: order_number_pattern, item_list_found
[2026-09-09 22:01:22] 🔧 No specific parser found
[2026-09-09 22:01:22] ⏭️ Confidence 40% < 70% and no parser, skipping
[2026-09-09 22:01:22] 🔄 Processing message 47: 19a8be25f08f59e6
[2026-09-09 22:01:22] 📊 Subject: Page indexing issues successfully fixed for site https://goldenevents.co.il/
   From: sc-noreply@google.com
   Sender score: 20/40
   Content score: 25/100
   Combined confidence: 34%
   Signals: order_number_pattern
[2026-09-09 22:01:22] 🔧 No specific parser found
[2026-09-09 22:01:22] ⏭️ Confidence 34% < 70% and no parser, skipping
[2026-09-09 22:01:22] 🔄 Processing message 48: 19a8b7c7ac2506d5
[2026-09-09 22:01:23] 📊 Subject: שינוי DNS לדומיין landingflow.co.il
   From: noreply@box.co.il
   Sender score: 40/40
   Content score: 25/100
   Combined confidence: 51%
   Signals: order_number_pattern
[2026-09-09 22:01:23] 🔧 No specific parser found
[2026-09-09 22:01:23] ⏭️ Confidence 51% < 70% and no parser, skipping
[2026-09-09 22:01:23] 🔄 Processing message 49: 19a8b72af45580eb
[2026-09-09 22:01:24] 📊 Subject: הדומיין נרכש בהצלחה landingflow.co.il
   From: noreply@box.co.il
   Sender score: 40/40
   Content score: 25/100
   Combined confidence: 51%
   Signals: order_number_pattern
[2026-09-09 22:01:24] 🔧 No specific parser found
[2026-09-09 22:01:24] ⏭️ Confidence 51% < 70% and no parser, skipping
[2026-09-09 22:01:24] 🔄 Processing message 50: 19a8b72af3e32601
[2026-09-09 22:01:24] 📊 Subject: חשבונית על רכישתך ב box
   From: noreply@box.co.il
   Sender score: 40/40
   Content score: 70/100
   Combined confidence: 81%
   Signals: order_number_pattern, amount_found, hebrew_purchase_phrase, subject_keyword
[2026-09-09 22:01:24] 🔧 No specific parser found
[2026-09-09 22:01:24] ✅ WILL SAVE: חשבונית על רכישתך ב box - Confidence: 81%
[2026-09-09 22:01:24] ✅ Cleaned order number: GEN-3890f55cad (alphanumeric)
[2026-09-09 22:01:24] 💾 gmail_messages ID: 776
   Order save: SUCCESS (ID: 149)
   Reason: generic_parser_high_confidence_81
   Customer email: none
   Order number valid: YES
[2026-09-09 22:01:24] --- Page 13: 50 messages ---
[2026-09-09 22:01:24] 🔄 Processing message 1: 19a8ab8d240aad90
[2026-09-09 22:01:25] 📊 Subject: אנו מודים לך על שבחרת לרשום את הדומיין שלך ב-BOX landingflow.co.il
   From: noreply@box.co.il
   Sender score: 40/40
   Content score: 25/100
   Combined confidence: 51%
   Signals: order_number_pattern
[2026-09-09 22:01:25] 🔧 No specific parser found
[2026-09-09 22:01:25] ⏭️ Confidence 51% < 70% and no parser, skipping
[2026-09-09 22:01:25] 🔄 Processing message 2: 19a8ab5129f3ddfb
[2026-09-09 22:01:26] 📊 Subject: אימות כתובת מייל ברכישת דומיין
   From: noreply@box.co.il
   Sender score: 40/40
   Content score: 25/100
   Combined confidence: 51%
   Signals: order_number_pattern
[2026-09-09 22:01:26] 🔧 No specific parser found
[2026-09-09 22:01:26] ⏭️ Confidence 51% < 70% and no parser, skipping
[2026-09-09 22:01:26] 🔄 Processing message 3: 19a8a27542ef0714
[2026-09-09 22:01:26] 📊 Subject: קוד לאימות דואר אלקטרוני
   From: noReply@taxes.gov.il
   Sender score: 20/40
   Content score: 25/100
   Combined confidence: 34%
   Signals: order_number_pattern
[2026-09-09 22:01:26] 🔧 No specific parser found
[2026-09-09 22:01:26] ⏭️ Confidence 34% < 70% and no parser, skipping
[2026-09-09 22:01:26] 🔄 Processing message 4: 19a87e9885fc8b87
[2026-09-09 22:01:27] 📊 Subject: דירות שהיית רוצה לגור בהן ומתאימות לתקציב שהגדרת (פרסומת)
   From: no-reply@mail.yad2.co.il
   Sender score: 20/40
   Content score: 10/100
   Combined confidence: 24%
   Signals: item_list_found
[2026-09-09 22:01:27] 🔧 No specific parser found
[2026-09-09 22:01:27] ⏭️ Confidence 24% < 70% and no parser, skipping
[2026-09-09 22:01:27] 🔄 Processing message 5: 19a80fd9b3f555a5
[2026-09-09 22:01:27] 📊 Subject: לא מתפשרים על איכות? גם אנחנו לא! מבצעים מיוחדים על כלי עבודה של המותגים המובילים בעולם! לחצו כאן והצטרפו למקצוענים שכבר הזמינו >>> (פרסומת)
   From: Sales-NoReply@payngo.co.il
   Sender score: 20/40
   Content score: 35/100
   Combined confidence: 40%
   Signals: order_number_pattern, item_list_found
[2026-09-09 22:01:27] 🔧 No specific parser found
[2026-09-09 22:01:27] ⏭️ Confidence 40% < 70% and no parser, skipping
[2026-09-09 22:01:27] 🔄 Processing message 6: 19a7eb9ae84cf078
[2026-09-09 22:01:28] 📊 Subject: This Week’s Creative Inspiration Is Here — Try It Now✨
   From: no-reply@pixlr.com
   Sender score: 20/40
   Content score: 25/100
   Combined confidence: 34%
   Signals: order_number_pattern
[2026-09-09 22:01:28] 🔧 No specific parser found
[2026-09-09 22:01:28] ⏭️ Confidence 34% < 70% and no parser, skipping
[2026-09-09 22:01:28] 🔄 Processing message 7: 19a7d28a2c5b66f0
[2026-09-09 22:01:29] 📊 Subject: Security alert
   From: no-reply@accounts.google.com
   Sender score: 20/40
   Content score: 0/100
   Combined confidence: 18%
   Signals:
[2026-09-09 22:01:29] ⏭️ Confidence 18% < 20%, skipping
[2026-09-09 22:01:29] 🔄 Processing message 8: 19a7c60111ef1f11
[2026-09-09 22:01:29] 📊 Subject: You’ve been selected to try AI in Gmail, Docs, and more
   From: workspace-noreply@google.com
   Sender score: 20/40
   Content score: 0/100
   Combined confidence: 18%
   Signals:
[2026-09-09 22:01:29] ⏭️ Confidence 18% < 20%, skipping
[2026-09-09 22:01:29] 🔄 Processing message 9: 19a7c26c71de02df
[2026-09-09 22:01:30] 📊 Subject: ☕ זה הזמן לשדרג את חוויית הקפה שלך – NESPRESSO NOVEMBER SALE 💛 (פרסומת)
   From: Sales-NoReply@payngo.co.il
   Sender score: 20/40
   Content score: 35/100
   Combined confidence: 40%
   Signals: order_number_pattern, item_list_found
[2026-09-09 22:01:30] 🔧 No specific parser found
[2026-09-09 22:01:30] ⏭️ Confidence 40% < 70% and no parser, skipping
[2026-09-09 22:01:30] 🔄 Processing message 10: 19a79e328e39cdcd
[2026-09-09 22:01:30] 📊 Subject: תודה על פנייתך - פרויקט רפאל 410
   From: noreply@nadlanisteam.co.il
   Sender score: 20/40
   Content score: 25/100
   Combined confidence: 34%
   Signals: order_number_pattern
[2026-09-09 22:01:30] 🔧 No specific parser found
[2026-09-09 22:01:30] ⏭️ Confidence 34% < 70% and no parser, skipping
[2026-09-09 22:01:30] 🔄 Processing message 11: 19a79e27b03a5e6f
[2026-09-09 22:01:31] 📊 Subject: תודה על פנייתך - פרויקט רפאל 410
   From: noreply@nadlanisteam.co.il
   Sender score: 20/40
   Content score: 25/100
   Combined confidence: 34%
   Signals: order_number_pattern
[2026-09-09 22:01:31] 🔧 No specific parser found
[2026-09-09 22:01:31] ⏭️ Confidence 34% < 70% and no parser, skipping
[2026-09-09 22:01:31] 🔄 Processing message 12: 19a79085c777a6b9
[2026-09-09 22:01:31] 📊 Subject: מבצעי המסכים של נובמבר – כל המותגים הגדולים במקום אחד! (פרסומת)
   From: Sales-NoReply@payngo.co.il
   Sender score: 20/40
   Content score: 35/100
   Combined confidence: 40%
   Signals: order_number_pattern, item_list_found
[2026-09-09 22:01:31] 🔧 No specific parser found
[2026-09-09 22:01:31] ⏭️ Confidence 40% < 70% and no parser, skipping
[2026-09-09 22:01:31] 🔄 Processing message 13: 19a78e0d11e41e92
[2026-09-09 22:01:32] 📊 Subject: תודה על פנייתך - פרויקט רפאל 410
   From: noreply@nadlanisteam.co.il
   Sender score: 20/40
   Content score: 25/100
   Combined confidence: 34%
   Signals: order_number_pattern
[2026-09-09 22:01:32] 🔧 No specific parser found
[2026-09-09 22:01:32] ⏭️ Confidence 34% < 70% and no parser, skipping
[2026-09-09 22:01:32] 🔄 Processing message 14: 19a78ccb7872134f
[2026-09-09 22:01:32] 📊 Subject: תודה על פנייתך - פרויקט רפאל 410
   From: noreply@nadlanisteam.co.il
   Sender score: 20/40
   Content score: 25/100
   Combined confidence: 34%
   Signals: order_number_pattern
[2026-09-09 22:01:32] 🔧 No specific parser found
[2026-09-09 22:01:32] ⏭️ Confidence 34% < 70% and no parser, skipping
[2026-09-09 22:01:32] 🔄 Processing message 15: 19a76c5ef01fa764
[2026-09-09 22:01:33] 📊 Subject: 🎊 פנייה חדשה לברית מילה - גולדן אירועים
   From: noreply@brit-milah.goldenevents.co.il
   Sender score: 20/40
   Content score: 0/100
   Combined confidence: 18%
   Signals:
[2026-09-09 22:01:33] ⏭️ Confidence 18% < 20%, skipping
[2026-09-09 22:01:33] 🔄 Processing message 16: 19a76a909e34308c
[2026-09-09 22:01:33] 📊 Subject: NOVEMBER SALE במחסני חשמל – כל מה שאתם צריכים במקום אחד! (פרסומת)
   From: Sales-NoReply@payngo.co.il
   Sender score: 20/40
   Content score: 35/100
   Combined confidence: 40%
   Signals: order_number_pattern, item_list_found
[2026-09-09 22:01:33] 🔧 No specific parser found
[2026-09-09 22:01:33] ⏭️ Confidence 40% < 70% and no parser, skipping
[2026-09-09 22:01:33] 🔄 Processing message 17: 19a75428930f862f
[2026-09-09 22:01:34] 📊 Subject: Still spending hours editing videos? There’s a smarter way 👀
   From: no-reply@pixlr.com
   Sender score: 20/40
   Content score: 25/100
   Combined confidence: 34%
   Signals: order_number_pattern
[2026-09-09 22:01:34] 🔧 No specific parser found
[2026-09-09 22:01:34] ⏭️ Confidence 34% < 70% and no parser, skipping
[2026-09-09 22:01:34] 🔄 Processing message 18: 19a738e054975e98
[2026-09-09 22:01:34] 📊 Subject: LG BLACK FRIDAY – מסכי LG בהנחות מטורפות (פרסומת)
   From: Sales-NoReply@payngo.co.il
   Sender score: 20/40
   Content score: 35/100
   Combined confidence: 40%
   Signals: order_number_pattern, item_list_found
[2026-09-09 22:01:34] 🔧 No specific parser found
[2026-09-09 22:01:34] ⏭️ Confidence 40% < 70% and no parser, skipping
[2026-09-09 22:01:34] 🔄 Processing message 19: 19a730c6487c9c97
[2026-09-09 22:01:35] 📊 Subject: Treat Yourself: Get 22% Off Common Ninja Widgets Today!
   From: noreply@commoninja.com
   Sender score: 20/40
   Content score: 0/100
   Combined confidence: 18%
   Signals:
[2026-09-09 22:01:35] ⏭️ Confidence 18% < 20%, skipping
[2026-09-09 22:01:35] 🔄 Processing message 20: 19a7186abcdf2d69
[2026-09-09 22:01:35] 📊 Subject: מגוון אביזרי גיימינג במחירי BLACK FRIDAY (פרסומת)
   From: Sales-NoReply@payngo.co.il
   Sender score: 20/40
   Content score: 35/100
   Combined confidence: 40%
   Signals: order_number_pattern, item_list_found
[2026-09-09 22:01:35] 🔧 No specific parser found
[2026-09-09 22:01:35] ⏭️ Confidence 40% < 70% and no parser, skipping
[2026-09-09 22:01:35] 🔄 Processing message 21: 19a6f21e17530bc4
[2026-09-09 22:01:36] 📊 Subject: מדיניות Google Ads – עדכון בנושא מספרי טלפון בלתי קבילים
   From: ads-noreply@google.com
   Sender score: 20/40
   Content score: 0/100
   Combined confidence: 18%
   Signals:
[2026-09-09 22:01:36] ⏭️ Confidence 18% < 20%, skipping
[2026-09-09 22:01:36] 🔄 Processing message 22: 19a6ebca03ae4bbd
[2026-09-09 22:01:37] 📊 Subject: 🎮 NOVEMBER SALE – חגיגת נינטנדו במחירים מטורפים! (פרסומת)
   From: Sales-NoReply@payngo.co.il
   Sender score: 20/40
   Content score: 35/100
   Combined confidence: 40%
   Signals: order_number_pattern, item_list_found
[2026-09-09 22:01:37] 🔧 No specific parser found
[2026-09-09 22:01:37] ⏭️ Confidence 40% < 70% and no parser, skipping
[2026-09-09 22:01:37] 🔄 Processing message 23: 19a6c5d7b7daab72
[2026-09-09 22:01:37] 📊 Subject: נובמבר טכנולוגי: המבצעים הכי חמים בשוק! (פרסומת)
   From: Sales-NoReply@payngo.co.il
   Sender score: 20/40
   Content score: 35/100
   Combined confidence: 40%
   Signals: order_number_pattern, item_list_found
[2026-09-09 22:01:37] 🔧 No specific parser found
[2026-09-09 22:01:37] ⏭️ Confidence 40% < 70% and no parser, skipping
[2026-09-09 22:01:37] 🔄 Processing message 24: 19a62f1753ce6c77
[2026-09-09 22:01:38] 📊 Subject: Supa Update November 2025
   From: noreply@supabase.com
   Sender score: 20/40
   Content score: 45/100
   Combined confidence: 47%
   Signals: order_number_pattern, item_list_found, shipping_signal
[2026-09-09 22:01:38] 🔧 No specific parser found
[2026-09-09 22:01:38] ⏭️ Confidence 47% < 70% and no parser, skipping
[2026-09-09 22:01:38] 🔄 Processing message 25: 19a5ddcefbeb8db1
[2026-09-09 22:01:38] 📊 Subject: This Week’s Inspiration: Winter Mood, Cinematic Edit
   From: no-reply@pixlr.com
   Sender score: 20/40
   Content score: 25/100
   Combined confidence: 34%
   Signals: order_number_pattern
[2026-09-09 22:01:38] 🔧 No specific parser found
[2026-09-09 22:01:38] ⏭️ Confidence 34% < 70% and no parser, skipping
[2026-09-09 22:01:38] 🔄 Processing message 26: 19a5dc4a7ab23bc7
[2026-09-09 22:01:39] 📊 Subject: הטכנולוגיה הכי חמה של נובמבר – עכשיו במבצעים מטורפים! (פרסומת)
   From: Sales-NoReply@payngo.co.il
   Sender score: 20/40
   Content score: 35/100
   Combined confidence: 40%
   Signals: order_number_pattern, item_list_found
[2026-09-09 22:01:39] 🔧 No specific parser found
[2026-09-09 22:01:39] ⏭️ Confidence 40% < 70% and no parser, skipping
[2026-09-09 22:01:39] 🔄 Processing message 27: 19a5d574a30450a2
[2026-09-09 22:01:39] 📊 Subject: מבצעי נובמבר 2025/2026 כבר כאן – רוכשים מיקסר אלקטרה החדשה והיוקרתית ומקבלים קערת 7.5 ליטר במתנה! (פרסומת)
   From: Sales-NoReply@payngo.co.il
   Sender score: 20/40
   Content score: 35/100
   Combined confidence: 40%
   Signals: order_number_pattern, item_list_found
[2026-09-09 22:01:39] 🔧 No specific parser found
[2026-09-09 22:01:39] ⏭️ Confidence 40% < 70% and no parser, skipping
[2026-09-09 22:01:39] 🔄 Processing message 28: 19a5a2e5cd658d64
[2026-09-09 22:01:40] 📊 Subject: Golden Events גולדן ארועים, your performance report for October 2025
   From: businessprofile-noreply@google.com
   Sender score: 20/40
   Content score: 25/100
   Combined confidence: 34%
   Signals: order_number_pattern
[2026-09-09 22:01:40] 🔧 No specific parser found
[2026-09-09 22:01:40] ⏭️ Confidence 34% < 70% and no parser, skipping
[2026-09-09 22:01:40] 🔄 Processing message 29: 19a5a2b63c28ddc8
[2026-09-09 22:01:40] 📊 Subject: המטבח עולה רמה בנובמבר – מקררים, מיחמים ומכשירי פרימיום במחירים מפתיעים. (פרסומת)
   From: Sales-NoReply@payngo.co.il
   Sender score: 20/40
   Content score: 35/100
   Combined confidence: 40%
   Signals: order_number_pattern, item_list_found
[2026-09-09 22:01:40] 🔧 No specific parser found
[2026-09-09 22:01:40] ⏭️ Confidence 40% < 70% and no parser, skipping
[2026-09-09 22:01:40] 🔄 Processing message 30: 19a5a236305da1fa
[2026-09-09 22:01:41] 📊 Subject: מ.מ אגר פרוייקטים, your performance report for October 2025
   From: businessprofile-noreply@google.com
   Sender score: 20/40
   Content score: 0/100
   Combined confidence: 18%
   Signals:
[2026-09-09 22:01:41] ⏭️ Confidence 18% < 20%, skipping
[2026-09-09 22:01:41] 🔄 Processing message 31: 19a5a179c87b7146
[2026-09-09 22:01:41] 📊 Subject: אור-טק פתרונות אלומיניום בע״מ, your performance report for October 2025
   From: businessprofile-noreply@google.com
   Sender score: 20/40
   Content score: 0/100
   Combined confidence: 18%
   Signals:
[2026-09-09 22:01:41] ⏭️ Confidence 18% < 20%, skipping
[2026-09-09 22:01:41] 🔄 Processing message 32: 19a587080806783d
[2026-09-09 22:01:42] 📊 Subject: Evolved Royal Hogs reach new heights!
   From: no-reply@email.supercell.com
   Sender score: 20/40
   Content score: 0/100
   Combined confidence: 18%
   Signals:
[2026-09-09 22:01:42] ⏭️ Confidence 18% < 20%, skipping
[2026-09-09 22:01:42] 🔄 Processing message 33: 19a5843334158a78
[2026-09-09 22:01:43] 📊 Subject: שואבים, טיהור אוויר ומטבח – מבצעי Shopping IL מסתיימים 🇮🇱 (פרסומת)
   From: Sales-NoReply@payngo.co.il
   Sender score: 20/40
   Content score: 35/100
   Combined confidence: 40%
   Signals: order_number_pattern, item_list_found
[2026-09-09 22:01:43] 🔧 No specific parser found
[2026-09-09 22:01:43] ⏭️ Confidence 40% < 70% and no parser, skipping
[2026-09-09 22:01:43] 🔄 Processing message 34: 19a55004620da06a
[2026-09-09 22:01:43] 📊 Subject: 💛 Samsung November Sale - מדיחים ומכונות כביסה במחירי נובמבר מיוחדים! (פרסומת)
   From: Sales-NoReply@payngo.co.il
   Sender score: 20/40
   Content score: 35/100
   Combined confidence: 40%
   Signals: order_number_pattern, item_list_found
[2026-09-09 22:01:43] 🔧 No specific parser found
[2026-09-09 22:01:43] ⏭️ Confidence 40% < 70% and no parser, skipping
[2026-09-09 22:01:43] 🔄 Processing message 35: 19a546a96b13343d
[2026-09-09 22:01:44] 📊 Subject: [נדרשת פעולה] עליך לאשר אם הקמפיינים שלך כוללים מודעות פוליטיות באיחוד האירופי
   From: ads-account-noreply@google.com
   Sender score: 20/40
   Content score: 0/100
   Combined confidence: 18%
   Signals:
[2026-09-09 22:01:44] ⏭️ Confidence 18% < 20%, skipping
[2026-09-09 22:01:44] 🔄 Processing message 36: 19a537adb5881cf2
[2026-09-09 22:01:44] 📊 Subject: Shopping IL במחסני חשמל – חגיגת טכנולוגיה ישראלית! (פרסומת)
   From: Sales-NoReply@payngo.co.il
   Sender score: 20/40
   Content score: 35/100
   Combined confidence: 40%
   Signals: order_number_pattern, item_list_found
[2026-09-09 22:01:44] 🔧 No specific parser found
[2026-09-09 22:01:44] ⏭️ Confidence 40% < 70% and no parser, skipping
[2026-09-09 22:01:44] 🔄 Processing message 37: 19a5275586b965f4
[2026-09-09 22:01:45] 📊 Subject: אימות כתובת מייל ברכישת דומיין
   From: noreply@box.co.il
   Sender score: 40/40
   Content score: 25/100
   Combined confidence: 51%
   Signals: order_number_pattern
[2026-09-09 22:01:45] 🔧 No specific parser found
[2026-09-09 22:01:45] ⏭️ Confidence 51% < 70% and no parser, skipping
[2026-09-09 22:01:45] 🔄 Processing message 38: 19a5271076373333
[2026-09-09 22:01:45] 📊 Subject: אפס את סיסמתך ב-BOX
   From: noreply@box.co.il
   Sender score: 40/40
   Content score: 25/100
   Combined confidence: 51%
   Signals: order_number_pattern
[2026-09-09 22:01:45] 🔧 No specific parser found
[2026-09-09 22:01:45] ⏭️ Confidence 51% < 70% and no parser, skipping
[2026-09-09 22:01:45] 🔄 Processing message 39: 19a5112d67580f31
[2026-09-09 22:01:46] 📊 Subject: Your Google Account was recovered successfully
   From: no-reply@accounts.google.com
   Sender score: 20/40
   Content score: 0/100
   Combined confidence: 18%
   Signals:
[2026-09-09 22:01:46] ⏭️ Confidence 18% < 20%, skipping
[2026-09-09 22:01:46] 🔄 Processing message 40: 19a5101e58c2d597
[2026-09-09 22:01:46] 📊 Subject: Your Google Account was recovered successfully
   From: no-reply@accounts.google.com
   Sender score: 20/40
   Content score: 0/100
   Combined confidence: 18%
   Signals:
[2026-09-09 22:01:46] ⏭️ Confidence 18% < 20%, skipping
[2026-09-09 22:01:46] 🔄 Processing message 41: 19a502e5f3cf7ae2
[2026-09-09 22:01:47] 📊 Subject: 3 Prompts That Turn Ideas Into AI Cinema
   From: no-reply@pixlr.com
   Sender score: 20/40
   Content score: 25/100
   Combined confidence: 34%
   Signals: order_number_pattern
[2026-09-09 22:01:47] 🔧 No specific parser found
[2026-09-09 22:01:47] ⏭️ Confidence 34% < 70% and no parser, skipping
[2026-09-09 22:01:47] 🔄 Processing message 42: 19a4fd5a9ec14a63
[2026-09-09 22:01:47] 📊 Subject: Ulike – טכנולוגיית IPL מתקדמת עכשיו במחירי נובמבר מיוחדים! (פרסומת)
   From: Sales-NoReply@payngo.co.il
   Sender score: 20/40
   Content score: 45/100
   Combined confidence: 47%
   Signals: order_number_pattern, item_list_found, shipping_signal
[2026-09-09 22:01:47] 🔧 No specific parser found
[2026-09-09 22:01:47] ⏭️ Confidence 47% < 70% and no parser, skipping
[2026-09-09 22:01:47] 🔄 Processing message 43: 19a4fb5b4db96aab
[2026-09-09 22:01:48] 📊 Subject: קוד אבטחה של חשבון Microsoft אישי
   From: account-security-noreply@accountprotection.microsoft.com
   Sender score: 20/40
   Content score: 25/100
   Combined confidence: 34%
   Signals: order_number_pattern
[2026-09-09 22:01:48] 🔧 No specific parser found
[2026-09-09 22:01:48] ⏭️ Confidence 34% < 70% and no parser, skipping
[2026-09-09 22:01:48] 🔄 Processing message 44: 19a4fb578de965a4
[2026-09-09 22:01:48] 📊 Subject: שינוי סיסמה של חשבון Microsoft
   From: account-security-noreply@accountprotection.microsoft.com
   Sender score: 20/40
   Content score: 25/100
   Combined confidence: 34%
   Signals: order_number_pattern
[2026-09-09 22:01:48] 🔧 No specific parser found
[2026-09-09 22:01:48] ⏭️ Confidence 34% < 70% and no parser, skipping
[2026-09-09 22:01:48] 🔄 Processing message 45: 19a4fb4bd3608acf
[2026-09-09 22:01:49] 📊 Subject: איפוס סיסמה של חשבון אישי של Microsoft
   From: account-security-noreply@accountprotection.microsoft.com
   Sender score: 20/40
   Content score: 35/100
   Combined confidence: 40%
   Signals: order_number_pattern, item_list_found
[2026-09-09 22:01:49] 🔧 No specific parser found
[2026-09-09 22:01:49] ⏭️ Confidence 40% < 70% and no parser, skipping
[2026-09-09 22:01:49] 🔄 Processing message 46: 19a4f6d598f7cb44
[2026-09-09 22:01:49] 📊 Subject: תרגישו רעננים – Oral-B ו-Tefal בהנחות נובמבר מיוחדות! (פרסומת)
   From: Sales-NoReply@payngo.co.il
   Sender score: 20/40
   Content score: 35/100
   Combined confidence: 40%
   Signals: order_number_pattern, item_list_found
[2026-09-09 22:01:49] 🔧 No specific parser found
[2026-09-09 22:01:49] ⏭️ Confidence 40% < 70% and no parser, skipping
[2026-09-09 22:01:49] 🔄 Processing message 47: 19a4e81e4c3ad792
[2026-09-09 22:01:50] 📊 Subject: השואבים הנמכרים ביותר בישראל – עכשיו במבצעי נובמבר מיוחדים! (פרסומת)
   From: Sales-NoReply@payngo.co.il
   Sender score: 20/40
   Content score: 35/100
   Combined confidence: 40%
   Signals: order_number_pattern, item_list_found
[2026-09-09 22:01:50] 🔧 No specific parser found
[2026-09-09 22:01:50] ⏭️ Confidence 40% < 70% and no parser, skipping
[2026-09-09 22:01:50] 🔄 Processing message 48: 19a4d75a213cdf51
[2026-09-09 22:01:51] 📊 Subject: מבצע נובמבר בבשמים – עד 20% הנחה! (פרסומת)
   From: Sales-NoReply@payngo.co.il
   Sender score: 20/40
   Content score: 35/100
   Combined confidence: 40%
   Signals: order_number_pattern, item_list_found
[2026-09-09 22:01:51] 🔧 No specific parser found
[2026-09-09 22:01:51] ⏭️ Confidence 40% < 70% and no parser, skipping
[2026-09-09 22:01:51] 🔄 Processing message 49: 19a4abe804dfc6c7
[2026-09-09 22:01:51] 📊 Subject: ניקיון מושלם. טכנולוגיה מתקדמת. מבצעי נובמבר במחסני חשמל 💎 (פרסומת)
   From: Sales-NoReply@payngo.co.il
   Sender score: 20/40
   Content score: 35/100
   Combined confidence: 40%
   Signals: order_number_pattern, item_list_found
[2026-09-09 22:01:51] 🔧 No specific parser found
[2026-09-09 22:01:51] ⏭️ Confidence 40% < 70% and no parser, skipping
[2026-09-09 22:01:51] 🔄 Processing message 50: 19a4a8da1fe13f6a
[2026-09-09 22:01:52] 📊 Subject: ‎Meta&#039;s Platform Terms and Developer Policies Are Being Updated‎
   From: noreply@developers.facebook.com
   Sender score: 20/40
   Content score: 0/100
   Combined confidence: 18%
   Signals:
[2026-09-09 22:01:52] ⏭️ Confidence 18% < 20%, skipping
[2026-09-09 22:01:52] --- Page 14: 50 messages ---
[2026-09-09 22:01:52] 🔄 Processing message 1: 19a48c2d44ce5c5b
[2026-09-09 22:01:53] 📊 Subject: כל מה שצריך למטבח מושלם – במקום אחד  (פרסומת)
   From: Sales-NoReply@payngo.co.il
   Sender score: 20/40
   Content score: 35/100
   Combined confidence: 40%
   Signals: order_number_pattern, item_list_found
[2026-09-09 22:01:53] 🔧 No specific parser found
[2026-09-09 22:01:53] ⏭️ Confidence 40% < 70% and no parser, skipping
[2026-09-09 22:01:53] 🔄 Processing message 2: 19a432c89cbabd8c
[2026-09-09 22:01:53] 📊 Subject: אפייה מושלמת מתחילה במיקסר הנכון 🍰 (פרסומת)
   From: Sales-NoReply@payngo.co.il
   Sender score: 20/40
   Content score: 35/100
   Combined confidence: 40%
   Signals: order_number_pattern, item_list_found
[2026-09-09 22:01:53] 🔧 No specific parser found
[2026-09-09 22:01:53] ⏭️ Confidence 40% < 70% and no parser, skipping
[2026-09-09 22:01:53] 🔄 Processing message 3: 19a3a668f8342785
[2026-09-09 22:01:54] 📊 Subject: Hurry! 30% Off All Plans & 200+ Widgets – 24 Hours Left
   From: noreply@commoninja.com
   Sender score: 20/40
   Content score: 25/100
   Combined confidence: 34%
   Signals: order_number_pattern
[2026-09-09 22:01:54] 🔧 No specific parser found
[2026-09-09 22:01:54] ⏭️ Confidence 34% < 70% and no parser, skipping
[2026-09-09 22:01:54] 🔄 Processing message 4: 19a394f6045c7df7
[2026-09-09 22:01:54] 📊 Subject: מוכנים לצלם את העולם מזווית חדשה? Insta360 X4 Air כאן! (פרסומת)
   From: Sales-NoReply@payngo.co.il
   Sender score: 20/40
   Content score: 35/100
   Combined confidence: 40%
   Signals: order_number_pattern, item_list_found
[2026-09-09 22:01:54] 🔧 No specific parser found
[2026-09-09 22:01:54] ⏭️ Confidence 40% < 70% and no parser, skipping
[2026-09-09 22:01:54] 🔄 Processing message 5: 19a38b6982265472
[2026-09-09 22:01:55] 📊 Subject: Halloween Sales
   From: support@enjoyfball.com
   Sender score: 20/40
   Content score: 0/100
   Combined confidence: 18%
   Signals:
[2026-09-09 22:01:55] ⏭️ Confidence 18% < 20%, skipping
[2026-09-09 22:01:55] 🔄 Processing message 6: 19a380821ec685dd
[2026-09-09 22:01:55] 📊 Subject: This video wasn’t filmed. It was imagined.
   From: no-reply@pixlr.com
   Sender score: 20/40
   Content score: 25/100
   Combined confidence: 34%
   Signals: order_number_pattern
[2026-09-09 22:01:55] 🔧 No specific parser found
[2026-09-09 22:01:55] ⏭️ Confidence 34% < 70% and no parser, skipping
[2026-09-09 22:01:55] 🔄 Processing message 7: 19a340e9fabab7e5
[2026-09-09 22:01:56] 📊 Subject: אלקטרה – מכונות הכביסה והייבוש הנמכרות בישראל במחירים מיוחדים! (פרסומת)
   From: Sales-NoReply@payngo.co.il
   Sender score: 20/40
   Content score: 35/100
   Combined confidence: 40%
   Signals: order_number_pattern, item_list_found
[2026-09-09 22:01:56] 🔧 No specific parser found
[2026-09-09 22:01:56] ⏭️ Confidence 40% < 70% and no parser, skipping
[2026-09-09 22:01:56] 🔄 Processing message 8: 19a3108ed6060e92
[2026-09-09 22:01:56] 📊 Subject: המשחק שכבש את העולם – עכשיו במהדורות PS5 במחיר מטורף! 🎮 (פרסומת)
   From: Sales-NoReply@payngo.co.il
   Sender score: 20/40
   Content score: 35/100
   Combined confidence: 40%
   Signals: order_number_pattern, item_list_found
[2026-09-09 22:01:56] 🔧 No specific parser found
[2026-09-09 22:01:56] ⏭️ Confidence 40% < 70% and no parser, skipping
[2026-09-09 22:01:56] 🔄 Processing message 9: 19a3033961419804
[2026-09-09 22:01:57] 📊 Subject: Halloween Special: 30% Off to Boost Your Website
   From: noreply@commoninja.com
   Sender score: 20/40
   Content score: 25/100
   Combined confidence: 34%
   Signals: order_number_pattern
[2026-09-09 22:01:57] 🔧 No specific parser found
[2026-09-09 22:01:57] ⏭️ Confidence 34% < 70% and no parser, skipping
[2026-09-09 22:01:57] 🔄 Processing message 10: 19a2f82a2a45217d
[2026-09-09 22:01:57] 📊 Subject: הדור החדש של הניקיון – כבר כאן! (פרסומת)
   From: Sales-NoReply@payngo.co.il
   Sender score: 20/40
   Content score: 35/100
   Combined confidence: 40%
   Signals: order_number_pattern, item_list_found
[2026-09-09 22:01:57] 🔧 No specific parser found
[2026-09-09 22:01:57] ⏭️ Confidence 40% < 70% and no parser, skipping
[2026-09-09 22:01:57] 🔄 Processing message 11: 19a2f65b01a3f916
[2026-09-09 22:01:58] 📊 Subject: התראת אבטחה לגבי miri.maimon@gmail.com
   From: no-reply@accounts.google.com
   Sender score: 20/40
   Content score: 0/100
   Combined confidence: 18%
   Signals:
[2026-09-09 22:01:58] ⏭️ Confidence 18% < 20%, skipping
[2026-09-09 22:01:58] 🔄 Processing message 12: 19a2f65ad80f4bc9
[2026-09-09 22:01:58] 📊 Subject: חשבון Google שלך ​​שוחזר בהצלחה
   From: no-reply@accounts.google.com
   Sender score: 20/40
   Content score: 0/100
   Combined confidence: 18%
   Signals:
[2026-09-09 22:01:58] ⏭️ Confidence 18% < 20%, skipping
[2026-09-09 22:01:58] 🔄 Processing message 13: 19a2ec4d07a6551d
[2026-09-09 22:01:59] 📊 Subject: הקוד החד-פעמי שלך
   From: account-security-noreply@accountprotection.microsoft.com
   Sender score: 20/40
   Content score: 25/100
   Combined confidence: 34%
   Signals: order_number_pattern
[2026-09-09 22:01:59] 🔧 No specific parser found
[2026-09-09 22:01:59] ⏭️ Confidence 34% < 70% and no parser, skipping
[2026-09-09 22:01:59] 🔄 Processing message 14: 19a2d013cd9a9076
[2026-09-09 22:02:00] 📊 Subject: Ready to make content that stops the scroll?
   From: no-reply@pixlr.com
   Sender score: 20/40
   Content score: 35/100
   Combined confidence: 40%
   Signals: order_number_pattern, shipping_signal
[2026-09-09 22:02:00] 🔧 No specific parser found
[2026-09-09 22:02:00] ⏭️ Confidence 40% < 70% and no parser, skipping
[2026-09-09 22:02:00] 🔄 Processing message 15: 19a2b09376e062f4
[2026-09-09 22:02:00] ⏳ Rate limited, retrying in 5s (attempt 1/5)
[2026-09-09 22:02:05] 📊 Subject: Security alert
   From: no-reply@accounts.google.com
   Sender score: 20/40
   Content score: 0/100
   Combined confidence: 18%
   Signals:
[2026-09-09 22:02:05] ⏭️ Confidence 18% < 20%, skipping
[2026-09-09 22:02:05] 🔄 Processing message 16: 19a2a45d86416f9d
[2026-09-09 22:02:06] 📊 Subject: בקשת תור - מספרת אסף בן נעים
   From: no-reply@mediumaquamarine-porcupine-782959.hostingersite.com
   Sender score: 20/40
   Content score: 25/100
   Combined confidence: 34%
   Signals: order_number_pattern
[2026-09-09 22:02:06] 🔧 No specific parser found
[2026-09-09 22:02:06] ⏭️ Confidence 34% < 70% and no parser, skipping
[2026-09-09 22:02:06] 🔄 Processing message 17: 19a299db1d4fd68e
[2026-09-09 22:02:06] 📊 Subject: Security alert
   From: no-reply@accounts.google.com
   Sender score: 20/40
   Content score: 0/100
   Combined confidence: 18%
   Signals:
[2026-09-09 22:02:06] ⏭️ Confidence 18% < 20%, skipping
[2026-09-09 22:02:06] 🔄 Processing message 18: 19a27ce6e757e10e
[2026-09-09 22:02:07] 📊 Subject: התחבר אל Cursor
   From: no-reply@cursor.sh
   Sender score: 20/40
   Content score: 25/100
   Combined confidence: 34%
   Signals: order_number_pattern
[2026-09-09 22:02:07] 🔧 No specific parser found
[2026-09-09 22:02:07] ⏭️ Confidence 34% < 70% and no parser, skipping
[2026-09-09 22:02:07] 🔄 Processing message 19: 19a27cddd0af81b5
[2026-09-09 22:02:07] 📊 Subject: [GitHub] A third-party OAuth application has been added to your account
   From: noreply@github.com
   Sender score: 20/40
   Content score: 0/100
   Combined confidence: 18%
   Signals:
[2026-09-09 22:02:07] ⏭️ Confidence 18% < 20%, skipping
[2026-09-09 22:02:07] 🔄 Processing message 20: 19a27cc4521b7819
[2026-09-09 22:02:08] 📊 Subject: Security alert
   From: no-reply@accounts.google.com
   Sender score: 20/40
   Content score: 0/100
   Combined confidence: 18%
   Signals:
[2026-09-09 22:02:08] ⏭️ Confidence 18% < 20%, skipping
[2026-09-09 22:02:08] 🔄 Processing message 21: 19a27478bf04b197
[2026-09-09 22:02:08] 📊 Subject: Security alert
   From: no-reply@accounts.google.com
   Sender score: 20/40
   Content score: 0/100
   Combined confidence: 18%
   Signals:
[2026-09-09 22:02:08] ⏭️ Confidence 18% < 20%, skipping
[2026-09-09 22:02:08] 🔄 Processing message 22: 19a1f85454aa2524
[2026-09-09 22:02:09] 📊 Subject: Receipt for Your Payment to AISG E-COMMERCE PRIV...
   From: service@paypal.co.il
   Sender score: 20/40
   Content score: 90/100
   Combined confidence: 76%
   Signals: order_number_pattern, amount_found, english_purchase_phrase, item_list_found, shipping_signal, subject_keyword
[2026-09-09 22:02:09] 🔧 Parser: MyOrdersVault\Parsers\PayPalParser
   Extracted: YES (#94E89348GN4338827)
[2026-09-09 22:02:09] ✅ WILL SAVE: Receipt for Your Payment to AISG E-COMMERCE PRIV... - Confidence: 76%
[2026-09-09 22:02:09] ✅ Cleaned order number: 94E89348GN4338827 (paypal)
[2026-09-09 22:02:09] 📧 Using from_email as customer email: service@paypal.co.il
[2026-09-09 22:02:09] 💾 gmail_messages ID: 849
   Order save: SUCCESS (ID: 150)
   Reason: parser_success_confidence_76
   Customer email: service@paypal.co.il
   Order number valid: YES
[2026-09-09 22:02:09] 🔄 Processing message 23: 19a1f203ed09ea96
[2026-09-09 22:02:10] 📊 Subject: מזמינים היום – מקבלים מחר! 🚚⚡(פרסומת)
   From: Sales-NoReply@payngo.co.il
   Sender score: 20/40
   Content score: 35/100
   Combined confidence: 40%
   Signals: order_number_pattern, item_list_found
[2026-09-09 22:02:10] 🔧 No specific parser found
[2026-09-09 22:02:10] ⏭️ Confidence 40% < 70% and no parser, skipping
[2026-09-09 22:02:10] 🔄 Processing message 24: 19a1749d945e7f9c
[2026-09-09 22:02:10] 📊 Subject: Security alert
   From: no-reply@accounts.google.com
   Sender score: 20/40
   Content score: 0/100
   Combined confidence: 18%
   Signals:
[2026-09-09 22:02:10] ⏭️ Confidence 18% < 20%, skipping
[2026-09-09 22:02:10] 🔄 Processing message 25: 19a16273fe11c6bd
[2026-09-09 22:02:11] 📊 Subject: New Barcelona Jersey! Check Them Out!
   From: support@enjoyfball.com
   Sender score: 20/40
   Content score: 0/100
   Combined confidence: 18%
   Signals:
[2026-09-09 22:02:11] ⏭️ Confidence 18% < 20%, skipping
[2026-09-09 22:02:11] 🔄 Processing message 26: 19a1508d72e04e7b
[2026-09-09 22:02:11] 📊 Subject: Xiaomi 15T Series – רגעים שהופכים ליצירות אמנות 🎨📱 (פרסומת)
   From: Sales-NoReply@payngo.co.il
   Sender score: 20/40
   Content score: 55/100
   Combined confidence: 53%
   Signals: order_number_pattern, amount_found, item_list_found
[2026-09-09 22:02:11] 🔧 No specific parser found
[2026-09-09 22:02:11] ⏭️ Confidence 53% < 70% and no parser, skipping
[2026-09-09 22:02:11] 🔄 Processing message 27: 19a14e9355254fba
[2026-09-09 22:02:12] 📊 Subject: How business chats work on Instagram Direct
   From: business-noreply@mail.instagram.com
   Sender score: 20/40
   Content score: 0/100
   Combined confidence: 18%
   Signals:
[2026-09-09 22:02:12] ⏭️ Confidence 18% < 20%, skipping
[2026-09-09 22:02:12] 🔄 Processing message 28: 19a136616b7ffbb0
[2026-09-09 22:02:12] 📊 Subject: Generate your next video in Fast Mode
   From: no-reply@pixlr.com
   Sender score: 20/40
   Content score: 25/100
   Combined confidence: 34%
   Signals: order_number_pattern
[2026-09-09 22:02:12] 🔧 No specific parser found
[2026-09-09 22:02:12] ⏭️ Confidence 34% < 70% and no parser, skipping
[2026-09-09 22:02:12] 🔄 Processing message 29: 19a13361b5a2c745
[2026-09-09 22:02:13] 📊 Subject: התראת אבטחה לגבי miri.maimon@gmail.com
   From: no-reply@accounts.google.com
   Sender score: 20/40
   Content score: 0/100
   Combined confidence: 18%
   Signals:
[2026-09-09 22:02:13] ⏭️ Confidence 18% < 20%, skipping
[2026-09-09 22:02:13] 🔄 Processing message 30: 19a133619caddf89
[2026-09-09 22:02:14] 📊 Subject: חשבון Google שלך ​​שוחזר בהצלחה
   From: no-reply@accounts.google.com
   Sender score: 20/40
   Content score: 0/100
   Combined confidence: 18%
   Signals:
[2026-09-09 22:02:14] ⏭️ Confidence 18% < 20%, skipping
[2026-09-09 22:02:14] 🔄 Processing message 31: 19a132dfbd7620da
[2026-09-09 22:02:14] 📊 Subject: התחלנו: המודעה שלך באוויר 🚀
   From: no-reply@yad2.co.il
   Sender score: 20/40
   Content score: 0/100
   Combined confidence: 18%
   Signals:
[2026-09-09 22:02:14] ⏭️ Confidence 18% < 20%, skipping
[2026-09-09 22:02:14] 🔄 Processing message 32: 19a12d1ef600b62d
[2026-09-09 22:02:15] 📊 Subject: Security alert
   From: no-reply@accounts.google.com
   Sender score: 20/40
   Content score: 0/100
   Combined confidence: 18%
   Signals:
[2026-09-09 22:02:15] ⏭️ Confidence 18% < 20%, skipping
[2026-09-09 22:02:15] 🔄 Processing message 33: 19a11dbb2a0e826b
[2026-09-09 22:02:15] 📊 Subject: המותגים שהופכים כל בית למושלם ☕🍽️🧺 (פרסומת)
   From: Sales-NoReply@payngo.co.il
   Sender score: 20/40
   Content score: 35/100
   Combined confidence: 40%
   Signals: order_number_pattern, item_list_found
[2026-09-09 22:02:15] 🔧 No specific parser found
[2026-09-09 22:02:15] ⏭️ Confidence 40% < 70% and no parser, skipping
[2026-09-09 22:02:15] 🔄 Processing message 34: 19a0f8ffc994142c
[2026-09-09 22:02:16] 📊 Subject: קולקציית 2026 כבר כאן – מסכי הטלוויזיה המובילים בעולם במחירים מפתיעים! (פרסומת)
   From: Sales-NoReply@payngo.co.il
   Sender score: 20/40
   Content score: 35/100
   Combined confidence: 40%
   Signals: order_number_pattern, item_list_found
[2026-09-09 22:02:16] 🔧 No specific parser found
[2026-09-09 22:02:16] ⏭️ Confidence 40% < 70% and no parser, skipping
[2026-09-09 22:02:16] 🔄 Processing message 35: 19a0bee0883311a4
[2026-09-09 22:02:16] 📊 Subject: Trick or Treat? Get 20% Off + Holiday Tools You’ll Love! 
   From: noreply@commoninja.com
   Sender score: 20/40
   Content score: 25/100
   Combined confidence: 34%
   Signals: order_number_pattern
[2026-09-09 22:02:16] 🔧 No specific parser found
[2026-09-09 22:02:16] ⏭️ Confidence 34% < 70% and no parser, skipping
[2026-09-09 22:02:16] 🔄 Processing message 36: 19a0a51b57bc20d4
[2026-09-09 22:02:17] 📊 Subject: עיצוב, נוחות ומחירים מנצחים – הכל במקום אחד! מחסני חשמל משדרגים לכם את הבית והחצר (פרסומת)
   From: Sales-NoReply@payngo.co.il
   Sender score: 20/40
   Content score: 35/100
   Combined confidence: 40%
   Signals: order_number_pattern, item_list_found
[2026-09-09 22:02:17] 🔧 No specific parser found
[2026-09-09 22:02:17] ⏭️ Confidence 40% < 70% and no parser, skipping
[2026-09-09 22:02:17] 🔄 Processing message 37: 19a09502943bb299
[2026-09-09 22:02:17] 📊 Subject: Introducing Pixlr AI Video Generator
   From: no-reply@pixlr.com
   Sender score: 20/40
   Content score: 25/100
   Combined confidence: 34%
   Signals: order_number_pattern
[2026-09-09 22:02:17] 🔧 No specific parser found
[2026-09-09 22:02:17] ⏭️ Confidence 34% < 70% and no parser, skipping
[2026-09-09 22:02:17] 🔄 Processing message 38: 19a079ea603c371b
[2026-09-09 22:02:18] 📊 Subject: עדכונים לתנאים למודעות לידים
   From: advertise-noreply@support.facebook.com
   Sender score: 20/40
   Content score: 0/100
   Combined confidence: 18%
   Signals:
[2026-09-09 22:02:18] ⏭️ Confidence 18% < 20%, skipping
[2026-09-09 22:02:18] 🔄 Processing message 39: 19a056628a9cccbe
[2026-09-09 22:02:19] 📊 Subject: חדשנות. עוצמה. טכנולוגיה. הכול במקום אחד. (פרסומת)
   From: Sales-NoReply@payngo.co.il
   Sender score: 20/40
   Content score: 35/100
   Combined confidence: 40%
   Signals: order_number_pattern, item_list_found
[2026-09-09 22:02:19] 🔧 No specific parser found
[2026-09-09 22:02:19] ⏭️ Confidence 40% < 70% and no parser, skipping
[2026-09-09 22:02:19] 🔄 Processing message 40: 19a019376742cb14
[2026-09-09 22:02:19] 📊 Subject: Final call to join our free webinar on transforming your website for the holidays
   From: noreply@commoninja.com
   Sender score: 20/40
   Content score: 25/100
   Combined confidence: 34%
   Signals: order_number_pattern
[2026-09-09 22:02:19] 🔧 No specific parser found
[2026-09-09 22:02:19] ⏭️ Confidence 34% < 70% and no parser, skipping
[2026-09-09 22:02:19] 🔄 Processing message 41: 199f53c9e68df286
[2026-09-09 22:02:20] 📊 Subject: October New Jersey! Check Them Out!
   From: support@enjoyfball.com
   Sender score: 20/40
   Content score: 0/100
   Combined confidence: 18%
   Signals:
[2026-09-09 22:02:20] ⏭️ Confidence 18% < 20%, skipping
[2026-09-09 22:02:20] 🔄 Processing message 42: 199ef5a291fc949f
[2026-09-09 22:02:20] 📊 Subject: Receipt for Your Payment to Google Payment Limit...
   From: service@paypal.co.il
   Sender score: 20/40
   Content score: 55/100
   Combined confidence: 53%
   Signals: amount_found, english_purchase_phrase, item_list_found, subject_keyword
[2026-09-09 22:02:20] 🔧 Parser: MyOrdersVault\Parsers\PayPalParser
   Extracted: YES (#31G853485S290142U)
[2026-09-09 22:02:20] ✅ WILL SAVE: Receipt for Your Payment to Google Payment Limit... - Confidence: 53%
[2026-09-09 22:02:20] ✅ Cleaned order number: 31G853485S290142U (paypal)
[2026-09-09 22:02:20] 📧 Using from_email as customer email: service@paypal.co.il
[2026-09-09 22:02:20] 💾 gmail_messages ID: 870
   Order save: SUCCESS (ID: 151)
   Reason: parser_success_confidence_53
   Customer email: service@paypal.co.il
   Order number valid: YES
[2026-09-09 22:02:20] 🔄 Processing message 43: 199ea49935d411d7
[2026-09-09 22:02:21] 📊 Subject: Cloudinary - confirmation code
   From: support@cloudinary.com
   Sender score: 20/40
   Content score: 10/100
   Combined confidence: 24%
   Signals: subject_keyword
[2026-09-09 22:02:21] 🔧 No specific parser found
[2026-09-09 22:02:21] ⏭️ Confidence 24% < 70% and no parser, skipping
[2026-09-09 22:02:21] 🔄 Processing message 44: 199ea243a4d0a6f1
[2026-09-09 22:02:21] 📊 Subject: Cloudinary - confirmation code
   From: support@cloudinary.com
   Sender score: 20/40
   Content score: 10/100
   Combined confidence: 24%
   Signals: subject_keyword
[2026-09-09 22:02:21] 🔧 No specific parser found
[2026-09-09 22:02:21] ⏭️ Confidence 24% < 70% and no parser, skipping
[2026-09-09 22:02:21] 🔄 Processing message 45: 199e9e566b29006d
[2026-09-09 22:02:22] 📊 Subject: New login to your xAI account
   From: noreply@x.ai
   Sender score: 20/40
   Content score: 0/100
   Combined confidence: 18%
   Signals:
[2026-09-09 22:02:22] ⏭️ Confidence 18% < 20%, skipping
[2026-09-09 22:02:22] 🔄 Processing message 46: 199ded2e8c761826
[2026-09-09 22:02:22] 📊 Subject: Receipt for Your Payment to AISG E-COMMERCE PRIV...
   From: service@paypal.co.il
   Sender score: 20/40
   Content score: 90/100
   Combined confidence: 76%
   Signals: order_number_pattern, amount_found, english_purchase_phrase, item_list_found, shipping_signal, subject_keyword
[2026-09-09 22:02:22] 🔧 Parser: MyOrdersVault\Parsers\PayPalParser
   Extracted: YES (#6Y620112LB5234727)
[2026-09-09 22:02:22] ✅ WILL SAVE: Receipt for Your Payment to AISG E-COMMERCE PRIV... - Confidence: 76%
[2026-09-09 22:02:22] ✅ Cleaned order number: 6Y620112LB5234727 (paypal)
[2026-09-09 22:02:22] 📧 Using from_email as customer email: service@paypal.co.il
[2026-09-09 22:02:22] 💾 gmail_messages ID: 875
   Order save: SUCCESS (ID: 152)
   Reason: parser_success_confidence_76
   Customer email: service@paypal.co.il
   Order number valid: YES
[2026-09-09 22:02:22] 🔄 Processing message 47: 199de40a83980f45
[2026-09-09 22:02:23] 📊 Subject: Receipt for Your Payment to AISG E-COMMERCE PRIV...
   From: service@paypal.co.il
   Sender score: 20/40
   Content score: 90/100
   Combined confidence: 76%
   Signals: order_number_pattern, amount_found, english_purchase_phrase, item_list_found, shipping_signal, subject_keyword
[2026-09-09 22:02:23] 🔧 Parser: MyOrdersVault\Parsers\PayPalParser
   Extracted: YES (#44245137D93303543)
[2026-09-09 22:02:23] ✅ WILL SAVE: Receipt for Your Payment to AISG E-COMMERCE PRIV... - Confidence: 76%
[2026-09-09 22:02:23] ✅ Cleaned order number: 44245137D93303543 (paypal)
[2026-09-09 22:02:23] 📧 Using from_email as customer email: service@paypal.co.il
[2026-09-09 22:02:23] 💾 gmail_messages ID: 877
   Order save: SUCCESS (ID: 153)
   Reason: parser_success_confidence_76
   Customer email: service@paypal.co.il
   Order number valid: YES
[2026-09-09 22:02:23] 🔄 Processing message 48: 199d8a4f87ee4401
[2026-09-09 22:02:24] 📊 Subject: Security alert
   From: no-reply@accounts.google.com
   Sender score: 20/40
   Content score: 0/100
   Combined confidence: 18%
   Signals:
[2026-09-09 22:02:24] ⏭️ Confidence 18% < 20%, skipping
[2026-09-09 22:02:24] 🔄 Processing message 49: 199d482a07344ac9
[2026-09-09 22:02:24] 📊 Subject: Receipt for Your Payment to AISG E-COMMERCE PRIV...
   From: service@paypal.co.il
   Sender score: 20/40
   Content score: 90/100
   Combined confidence: 76%
   Signals: order_number_pattern, amount_found, english_purchase_phrase, item_list_found, shipping_signal, subject_keyword
[2026-09-09 22:02:24] 🔧 Parser: MyOrdersVault\Parsers\PayPalParser
   Extracted: YES (#01J26529SU498401C)
[2026-09-09 22:02:24] ✅ WILL SAVE: Receipt for Your Payment to AISG E-COMMERCE PRIV... - Confidence: 76%
[2026-09-09 22:02:24] ✅ Cleaned order number: 01J26529SU498401C (paypal)
[2026-09-09 22:02:24] 📧 Using from_email as customer email: service@paypal.co.il
[2026-09-09 22:02:24] 💾 gmail_messages ID: 880
   Order save: SUCCESS (ID: 154)
   Reason: parser_success_confidence_76
   Customer email: service@paypal.co.il
   Order number valid: YES
[2026-09-09 22:02:24] 🔄 Processing message 50: 199d407402393fae
[2026-09-09 22:02:25] 📊 Subject: תודה על הזמנתך / #82217072
   From: IVORY@ivory.co.il
   Sender score: 40/40
   Content score: 80/100
   Combined confidence: 87%
   Signals: order_number_pattern, amount_found, hebrew_purchase_phrase, item_list_found, shipping_signal
[2026-09-09 22:02:25] 🔧 No specific parser found
[2026-09-09 22:02:25] ✅ WILL SAVE: תודה על הזמנתך / #82217072 - Confidence: 87%
[2026-09-09 22:02:25] ✅ Cleaned order number: GEN-a526338b04 (alphanumeric)
[2026-09-09 22:02:25] 📧 Extracted customer email: service@ivory.co.il
[2026-09-09 22:02:25] 💾 gmail_messages ID: 882
   Order save: SUCCESS (ID: 155)
   Reason: generic_parser_high_confidence_87
   Customer email: service@ivory.co.il
   Order number valid: YES
[2026-09-09 22:02:25] --- Page 15: 50 messages ---
[2026-09-09 22:02:25] 🔄 Processing message 1: 199c9466b897bbf9
[2026-09-09 22:02:25] 📊 Subject: Security alert
   From: no-reply@accounts.google.com
   Sender score: 20/40
   Content score: 0/100
   Combined confidence: 18%
   Signals:
[2026-09-09 22:02:25] ⏭️ Confidence 18% < 20%, skipping
[2026-09-09 22:02:25] 🔄 Processing message 2: 199c8d70dc119349
[2026-09-09 22:02:26] 📊 Subject: מ.מ אגר פרוייקטים, your performance report for September 2025
   From: businessprofile-noreply@google.com
   Sender score: 20/40
   Content score: 0/100
   Combined confidence: 18%
   Signals:
[2026-09-09 22:02:26] ⏭️ Confidence 18% < 20%, skipping
[2026-09-09 22:02:26] 🔄 Processing message 3: 199a5c07f333ad47
[2026-09-09 22:02:27] 📊 Subject: See the true ROI of your marketing
   From: analytics-noreply@google.com
   Sender score: 20/40
   Content score: 10/100
   Combined confidence: 24%
   Signals: item_list_found
[2026-09-09 22:02:27] 🔧 No specific parser found
[2026-09-09 22:02:27] ⏭️ Confidence 24% < 70% and no parser, skipping
[2026-09-09 22:02:27] 🔄 Processing message 4: 199a540ed4fc01c3
[2026-09-09 22:02:27] 📊 Subject: djefi left a review for Golden Events גולדן ארועים
   From: businessprofile-noreply@google.com
   Sender score: 20/40
   Content score: 0/100
   Combined confidence: 18%
   Signals:
[2026-09-09 22:02:27] ⏭️ Confidence 18% < 20%, skipping
[2026-09-09 22:02:27] 🔄 Processing message 5: 19996f3433bf60e4
[2026-09-09 22:02:28] 📊 Subject: Your order to PROPELLOR  was refunded/rejected | GO-OUT
   From: tickets-noreply@go-out.co
   Sender score: 20/40
   Content score: 10/100
   Combined confidence: 24%
   Signals: subject_keyword
[2026-09-09 22:02:28] 🔧 No specific parser found
[2026-09-09 22:02:28] ⏭️ Confidence 24% < 70% and no parser, skipping
[2026-09-09 22:02:28] 🔄 Processing message 6: 19994f37326d063d
[2026-09-09 22:02:28] 📊 Subject: הבהרה לעניין כיסוי בדיקות אבחנתיות
   From: noreply@iw.menoramivt.co.il
   Sender score: 20/40
   Content score: 0/100
   Combined confidence: 18%
   Signals:
[2026-09-09 22:02:28] ⏭️ Confidence 18% < 20%, skipping
[2026-09-09 22:02:28] 🔄 Processing message 7: 199914ca3b58e27d
[2026-09-09 22:02:29] 📊 Subject: הבהרה לעניין כיסוי בדיקות אבחנתיות
   From: noreply@iw.menoramivt.co.il
   Sender score: 20/40
   Content score: 0/100
   Combined confidence: 18%
   Signals:
[2026-09-09 22:02:29] ⏭️ Confidence 18% < 20%, skipping
[2026-09-09 22:02:29] 🔄 Processing message 8: 1998ce543c8d0e6d
[2026-09-09 22:02:29] ⏳ Rate limited, retrying in 5s (attempt 1/5)
[2026-09-09 22:02:34] 📊 Subject: You've connected a new app to Dropbox
   From: no-reply@dropbox.com
   Sender score: 20/40
   Content score: 0/100
   Combined confidence: 18%
   Signals:
[2026-09-09 22:02:34] ⏭️ Confidence 18% < 20%, skipping
[2026-09-09 22:02:34] 🔄 Processing message 9: 1998cdf050d07d25
[2026-09-09 22:02:35] 📊 Subject: Hi בני מימון, we noticed a new sign in to your Dropbox account
   From: no-reply@dropbox.com
   Sender score: 20/40
   Content score: 0/100
   Combined confidence: 18%
   Signals:
[2026-09-09 22:02:35] ⏭️ Confidence 18% < 20%, skipping
[2026-09-09 22:02:35] 🔄 Processing message 10: 19986491fbf2b318
[2026-09-09 22:02:35] 📊 Subject: Receipt for Your Payment to Crunchyroll, LLC
   From: service@paypal.co.il
   Sender score: 20/40
   Content score: 55/100
   Combined confidence: 53%
   Signals: amount_found, english_purchase_phrase, item_list_found, subject_keyword
[2026-09-09 22:02:35] 🔧 Parser: MyOrdersVault\Parsers\PayPalParser
   Extracted: YES (#4E653383K9020613F)
[2026-09-09 22:02:35] ✅ WILL SAVE: Receipt for Your Payment to Crunchyroll, LLC - Confidence: 53%
[2026-09-09 22:02:35] ✅ Cleaned order number: 4E653383K9020613F (paypal)
[2026-09-09 22:02:35] 📧 Using from_email as customer email: service@paypal.co.il
[2026-09-09 22:02:35] 💾 gmail_messages ID: 893
   Order save: SUCCESS (ID: 156)
   Reason: parser_success_confidence_53
   Customer email: service@paypal.co.il
   Order number valid: YES
[2026-09-09 22:02:35] 🔄 Processing message 11: 19981a7c8813e98c
[2026-09-09 22:02:36] 📊 Subject: Receipt for Your Payment to Alipay Singapore E-C...
   From: service@paypal.co.il
   Sender score: 20/40
   Content score: 90/100
   Combined confidence: 76%
   Signals: order_number_pattern, amount_found, english_purchase_phrase, item_list_found, shipping_signal, subject_keyword
[2026-09-09 22:02:36] 🔧 Parser: MyOrdersVault\Parsers\PayPalParser
   Extracted: YES (#72779364FN463334E)
[2026-09-09 22:02:36] ✅ WILL SAVE: Receipt for Your Payment to Alipay Singapore E-C... - Confidence: 76%
[2026-09-09 22:02:36] ✅ Cleaned order number: 72779364FN463334E (paypal)
[2026-09-09 22:02:36] 📧 Using from_email as customer email: service@paypal.co.il
[2026-09-09 22:02:36] 💾 gmail_messages ID: 895
   Order save: SUCCESS (ID: 157)
   Reason: parser_success_confidence_76
   Customer email: service@paypal.co.il
   Order number valid: YES
[2026-09-09 22:02:36] 🔄 Processing message 12: 19980c2687d9fb4c
[2026-09-09 22:02:37] 📊 Subject: Your login verification code
   From: no-reply@account.hostinger.com
   Sender score: 20/40
   Content score: 25/100
   Combined confidence: 34%
   Signals: order_number_pattern
[2026-09-09 22:02:37] 🔧 No specific parser found
[2026-09-09 22:02:37] ⏭️ Confidence 34% < 70% and no parser, skipping
[2026-09-09 22:02:37] 🔄 Processing message 13: 19980c1605d09a40
[2026-09-09 22:02:37] 📊 Subject: Your login verification code
   From: no-reply@account.hostinger.com
   Sender score: 20/40
   Content score: 25/100
   Combined confidence: 34%
   Signals: order_number_pattern
[2026-09-09 22:02:37] 🔧 No specific parser found
[2026-09-09 22:02:37] ⏭️ Confidence 34% < 70% and no parser, skipping
[2026-09-09 22:02:37] 🔄 Processing message 14: 19980b4a7e20cc20
[2026-09-09 22:02:38] 📊 Subject: הבהרה לעניין כיסוי בדיקות אבחנתיות
   From: noreply@iw.menoramivt.co.il
   Sender score: 20/40
   Content score: 0/100
   Combined confidence: 18%
   Signals:
[2026-09-09 22:02:38] ⏭️ Confidence 18% < 20%, skipping
[2026-09-09 22:02:38] 🔄 Processing message 15: 199808a07a21b209
[2026-09-09 22:02:38] 📊 Subject: Security alert for webbinghood@gmail.com
   From: no-reply@accounts.google.com
   Sender score: 20/40
   Content score: 0/100
   Combined confidence: 18%
   Signals:
[2026-09-09 22:02:38] ⏭️ Confidence 18% < 20%, skipping
[2026-09-09 22:02:38] 🔄 Processing message 16: 1998089c4667f503
[2026-09-09 22:02:39] 📊 Subject: Security alert for webbinghood@gmail.com
   From: no-reply@accounts.google.com
   Sender score: 20/40
   Content score: 0/100
   Combined confidence: 18%
   Signals:
[2026-09-09 22:02:39] ⏭️ Confidence 18% < 20%, skipping
[2026-09-09 22:02:39] 🔄 Processing message 17: 19980504ae54e01c
[2026-09-09 22:02:39] 📊 Subject: Re: [4-7422000039318]
   From: noreply@google.com
   Sender score: 20/40
   Content score: 0/100
   Combined confidence: 18%
   Signals:
[2026-09-09 22:02:39] ⏭️ Confidence 18% < 20%, skipping
[2026-09-09 22:02:39] 🔄 Processing message 18: 1997e012013323c6
[2026-09-09 22:02:40] 📊 Subject: [GitHub] A fine-grained personal access token has been added to your account
   From: noreply@github.com
   Sender score: 20/40
   Content score: 25/100
   Combined confidence: 34%
   Signals: order_number_pattern
[2026-09-09 22:02:40] 🔧 No specific parser found
[2026-09-09 22:02:40] ⏭️ Confidence 34% < 70% and no parser, skipping
[2026-09-09 22:02:40] 🔄 Processing message 19: 1997dbc973fa859b
[2026-09-09 22:02:40] 📊 Subject: [4-7422000039318]
   From: noreply@google.com
   Sender score: 20/40
   Content score: 0/100
   Combined confidence: 18%
   Signals:
[2026-09-09 22:02:40] ⏭️ Confidence 18% < 20%, skipping
[2026-09-09 22:02:40] 🔄 Processing message 20: 1997dba03d10d597
[2026-09-09 22:02:41] 📊 Subject: Google Verification Code
   From: noreply@google.com
   Sender score: 20/40
   Content score: 25/100
   Combined confidence: 34%
   Signals: order_number_pattern
[2026-09-09 22:02:41] 🔧 No specific parser found
[2026-09-09 22:02:41] ⏭️ Confidence 34% < 70% and no parser, skipping
[2026-09-09 22:02:41] 🔄 Processing message 21: 1997ced1207f7125
[2026-09-09 22:02:42] 📊 Subject: Your login verification code
   From: no-reply@account.hostinger.com
   Sender score: 20/40
   Content score: 25/100
   Combined confidence: 34%
   Signals: order_number_pattern
[2026-09-09 22:02:42] 🔧 No specific parser found
[2026-09-09 22:02:42] ⏭️ Confidence 34% < 70% and no parser, skipping
[2026-09-09 22:02:42] 🔄 Processing message 22: 1997c6a14f908da6
[2026-09-09 22:02:42] 📊 Subject: Last Call! Final Day: 40% OFF Pixlr Ends Tonight
   From: no-reply@pixlr.com
   Sender score: 20/40
   Content score: 25/100
   Combined confidence: 34%
   Signals: order_number_pattern
[2026-09-09 22:02:42] 🔧 No specific parser found
[2026-09-09 22:02:42] ⏭️ Confidence 34% < 70% and no parser, skipping
[2026-09-09 22:02:42] 🔄 Processing message 23: 1997b3d8fb9d056b
[2026-09-09 22:02:43] 📊 Subject: Receipt for Your Payment to Microsoft Payments U...
   From: service@paypal.co.il
   Sender score: 20/40
   Content score: 55/100
   Combined confidence: 53%
   Signals: amount_found, english_purchase_phrase, item_list_found, subject_keyword
[2026-09-09 22:02:43] 🔧 Parser: MyOrdersVault\Parsers\PayPalParser
   Extracted: YES (#1ML1562052346300E)
[2026-09-09 22:02:43] ✅ WILL SAVE: Receipt for Your Payment to Microsoft Payments U... - Confidence: 53%
[2026-09-09 22:02:43] ✅ Cleaned order number: 1ML1562052346300E (paypal)
[2026-09-09 22:02:43] 📧 Using from_email as customer email: service@paypal.co.il
[2026-09-09 22:02:43] 💾 gmail_messages ID: 908
   Order save: SUCCESS (ID: 158)
   Reason: parser_success_confidence_53
   Customer email: service@paypal.co.il
   Order number valid: YES
[2026-09-09 22:02:43] 🔄 Processing message 24: 19977b91484cfd91
[2026-09-09 22:02:43] 📊 Subject: מדיניות Google Ads – עדכון במדיניות בנושא מצג שווא
   From: ads-noreply@google.com
   Sender score: 20/40
   Content score: 10/100
   Combined confidence: 24%
   Signals: item_list_found
[2026-09-09 22:02:43] 🔧 No specific parser found
[2026-09-09 22:02:43] ⏭️ Confidence 24% < 70% and no parser, skipping
[2026-09-09 22:02:43] 🔄 Processing message 25: 199763662462adef
[2026-09-09 22:02:44] 📊 Subject: Golden Events גולדן ארועים, are you open on Yom Kippur?
   From: businessprofile-noreply@google.com
   Sender score: 20/40
   Content score: 0/100
   Combined confidence: 18%
   Signals:
[2026-09-09 22:02:44] ⏭️ Confidence 18% < 20%, skipping
[2026-09-09 22:02:44] 🔄 Processing message 26: 199755260435df46
[2026-09-09 22:02:44] 📊 Subject: Your login verification code
   From: no-reply@account.hostinger.com
   Sender score: 20/40
   Content score: 25/100
   Combined confidence: 34%
   Signals: order_number_pattern
[2026-09-09 22:02:44] 🔧 No specific parser found
[2026-09-09 22:02:44] ⏭️ Confidence 34% < 70% and no parser, skipping
[2026-09-09 22:02:44] 🔄 Processing message 27: 1996fc15d71d9913
[2026-09-09 22:02:45] 📊 Subject: Your login verification code
   From: no-reply@account.hostinger.com
   Sender score: 20/40
   Content score: 25/100
   Combined confidence: 34%
   Signals: order_number_pattern
[2026-09-09 22:02:45] 🔧 No specific parser found
[2026-09-09 22:02:45] ⏭️ Confidence 34% < 70% and no parser, skipping
[2026-09-09 22:02:45] 🔄 Processing message 28: 1996d5be23ac14c4
[2026-09-09 22:02:45] 📊 Subject: World-Class AI Image Editor: Save 40% Before Sept 24
   From: no-reply@pixlr.com
   Sender score: 20/40
   Content score: 25/100
   Combined confidence: 34%
   Signals: order_number_pattern
[2026-09-09 22:02:45] 🔧 No specific parser found
[2026-09-09 22:02:45] ⏭️ Confidence 34% < 70% and no parser, skipping
[2026-09-09 22:02:45] 🔄 Processing message 29: 199610461c579b47
[2026-09-09 22:02:46] 📊 Subject: Your OpenRouter, Inc receipt [#1899-5556]
   From: receipts@openrouter.ai
   Sender score: 0/40
   Content score: 55/100
   Combined confidence: 36%
   Signals: order_number_pattern, amount_found, subject_keyword
[2026-09-09 22:02:46] 🔧 No specific parser found
[2026-09-09 22:02:46] ⏭️ Confidence 36% < 70% and no parser, skipping
[2026-09-09 22:02:46] 🔄 Processing message 30: 19960f5d3bd5f043
[2026-09-09 22:02:47] 📊 Subject: Security alert
   From: no-reply@accounts.google.com
   Sender score: 20/40
   Content score: 0/100
   Combined confidence: 18%
   Signals:
[2026-09-09 22:02:47] ⏭️ Confidence 18% < 20%, skipping
[2026-09-09 22:02:47] 🔄 Processing message 31: 1995eb12612215ee
[2026-09-09 22:02:47] 📊 Subject: Your login verification code
   From: no-reply@account.hostinger.com
   Sender score: 20/40
   Content score: 25/100
   Combined confidence: 34%
   Signals: order_number_pattern
[2026-09-09 22:02:47] 🔧 No specific parser found
[2026-09-09 22:02:47] ⏭️ Confidence 34% < 70% and no parser, skipping
[2026-09-09 22:02:47] 🔄 Processing message 32: 1995a569920cc2dc
[2026-09-09 22:02:48] 📊 Subject: New reasons prevent pages in a sitemap from being indexed on site goldenevents.co.il
   From: sc-noreply@google.com
   Sender score: 20/40
   Content score: 25/100
   Combined confidence: 34%
   Signals: order_number_pattern
[2026-09-09 22:02:48] 🔧 No specific parser found
[2026-09-09 22:02:48] ⏭️ Confidence 34% < 70% and no parser, skipping
[2026-09-09 22:02:48] 🔄 Processing message 33: 1995a5696bd4a993
[2026-09-09 22:02:48] 📊 Subject: New reasons prevent pages from being indexed on site goldenevents.co.il
   From: sc-noreply@google.com
   Sender score: 20/40
   Content score: 25/100
   Combined confidence: 34%
   Signals: order_number_pattern
[2026-09-09 22:02:48] 🔧 No specific parser found
[2026-09-09 22:02:48] ⏭️ Confidence 34% < 70% and no parser, skipping
[2026-09-09 22:02:48] 🔄 Processing message 34: 1995860085ed053e
[2026-09-09 22:02:49] 📊 Subject: [נדרשת פעולה] עליך לאשר אם הקמפיינים שלך כוללים מודעות פוליטיות באיחוד האירופי
   From: ads-account-noreply@google.com
   Sender score: 20/40
   Content score: 0/100
   Combined confidence: 18%
   Signals:
[2026-09-09 22:02:49] ⏭️ Confidence 18% < 20%, skipping
[2026-09-09 22:02:49] 🔄 Processing message 35: 19954db2d780de39
[2026-09-09 22:02:49] 📊 Subject: Receipt for Your Payment to Google Payment Limit...
   From: service@paypal.co.il
   Sender score: 20/40
   Content score: 55/100
   Combined confidence: 53%
   Signals: amount_found, english_purchase_phrase, item_list_found, subject_keyword
[2026-09-09 22:02:49] 🔧 Parser: MyOrdersVault\Parsers\PayPalParser
   Extracted: YES (#40B57400RE893801M)
[2026-09-09 22:02:49] ✅ WILL SAVE: Receipt for Your Payment to Google Payment Limit... - Confidence: 53%
[2026-09-09 22:02:49] ✅ Cleaned order number: 40B57400RE893801M (paypal)
[2026-09-09 22:02:49] 📧 Using from_email as customer email: service@paypal.co.il
[2026-09-09 22:02:49] 💾 gmail_messages ID: 921
   Order save: SUCCESS (ID: 159)
   Reason: parser_success_confidence_53
   Customer email: service@paypal.co.il
   Order number valid: YES
[2026-09-09 22:02:49] 🔄 Processing message 36: 19954c1baa22aa6c
[2026-09-09 22:02:50] 📊 Subject: Security alert
   From: no-reply@accounts.google.com
   Sender score: 20/40
   Content score: 0/100
   Combined confidence: 18%
   Signals:
[2026-09-09 22:02:50] ⏭️ Confidence 18% < 20%, skipping
[2026-09-09 22:02:50] 🔄 Processing message 37: 1994f0eda5a00ee6
[2026-09-09 22:02:50] 📊 Subject: Improve Google presence for goldenevents.co.il
   From: sc-noreply@google.com
   Sender score: 20/40
   Content score: 25/100
   Combined confidence: 34%
   Signals: order_number_pattern
[2026-09-09 22:02:50] 🔧 No specific parser found
[2026-09-09 22:02:50] ⏭️ Confidence 34% < 70% and no parser, skipping
[2026-09-09 22:02:50] 🔄 Processing message 38: 1994e4cc1abe3a00
[2026-09-09 22:02:51] 📊 Subject: 40% OFF Pixlr: Widely Used in K-12 Classrooms
   From: no-reply@pixlr.com
   Sender score: 20/40
   Content score: 25/100
   Combined confidence: 34%
   Signals: order_number_pattern
[2026-09-09 22:02:51] 🔧 No specific parser found
[2026-09-09 22:02:51] ⏭️ Confidence 34% < 70% and no parser, skipping
[2026-09-09 22:02:51] 🔄 Processing message 39: 19949595a1775d9b
[2026-09-09 22:02:51] 📊 Subject: 🎊 פנייה חדשה לברית מילה - גולדן אירועים
   From: noreply@brit-milah.goldenevents.co.il
   Sender score: 20/40
   Content score: 0/100
   Combined confidence: 18%
   Signals:
[2026-09-09 22:02:51] ⏭️ Confidence 18% < 20%, skipping
[2026-09-09 22:02:51] 🔄 Processing message 40: 19946e8c1f11f1fd
[2026-09-09 22:02:52] 📊 Subject: הבהרה לעניין כיסוי בדיקות אבחנתיות
   From: noreply@iw.menoramivt.co.il
   Sender score: 20/40
   Content score: 0/100
   Combined confidence: 18%
   Signals:
[2026-09-09 22:02:52] ⏭️ Confidence 18% < 20%, skipping
[2026-09-09 22:02:52] 🔄 Processing message 41: 19946e2657c11686
[2026-09-09 22:02:53] 📊 Subject: הבהרה לעניין כיסוי בדיקות אבחנתיות
   From: noreply@iw.menoramivt.co.il
   Sender score: 20/40
   Content score: 0/100
   Combined confidence: 18%
   Signals:
[2026-09-09 22:02:53] ⏭️ Confidence 18% < 20%, skipping
[2026-09-09 22:02:53] 🔄 Processing message 42: 19946b1dfc9de000
[2026-09-09 22:02:53] 📊 Subject: הבהרה לעניין כיסוי בדיקות אבחנתיות
   From: noreply@iw.menoramivt.co.il
   Sender score: 20/40
   Content score: 0/100
   Combined confidence: 18%
   Signals:
[2026-09-09 22:02:53] ⏭️ Confidence 18% < 20%, skipping
[2026-09-09 22:02:53] 🔄 Processing message 43: 1994432874006606
[2026-09-09 22:02:54] 📊 Subject: Pixlr Chromebook’s Creative Powerhouse is Now 40% OFF
   From: no-reply@pixlr.com
   Sender score: 20/40
   Content score: 25/100
   Combined confidence: 34%
   Signals: order_number_pattern
[2026-09-09 22:02:54] 🔧 No specific parser found
[2026-09-09 22:02:54] ⏭️ Confidence 34% < 70% and no parser, skipping
[2026-09-09 22:02:54] 🔄 Processing message 44: 199403625d96d6c5
[2026-09-09 22:02:54] 📊 Subject: Golden Events גולדן ארועים, are you open on Rosh Hashanah?
   From: businessprofile-noreply@google.com
   Sender score: 20/40
   Content score: 0/100
   Combined confidence: 18%
   Signals:
[2026-09-09 22:02:54] ⏭️ Confidence 18% < 20%, skipping
[2026-09-09 22:02:54] 🔄 Processing message 45: 1993a43d93df6adb
[2026-09-09 22:02:55] 📊 Subject: Reminder to set up a plan in Inactive Account Manager
   From: noreply-accounts@google.com
   Sender score: 0/40
   Content score: 0/100
   Combined confidence: 0%
   Signals:
[2026-09-09 22:02:55] ⏭️ Confidence 0% < 20%, skipping
[2026-09-09 22:02:55] 🔄 Processing message 46: 19939cdb1a1289db
[2026-09-09 22:02:55] 📊 Subject: 40% OFF the Best AI Image Editor: Back-to-School Deal
   From: no-reply@pixlr.com
   Sender score: 20/40
   Content score: 25/100
   Combined confidence: 34%
   Signals: order_number_pattern
[2026-09-09 22:02:55] 🔧 No specific parser found
[2026-09-09 22:02:55] ⏭️ Confidence 34% < 70% and no parser, skipping
[2026-09-09 22:02:55] 🔄 Processing message 47: 19938bcf31b99cca
[2026-09-09 22:02:56] 📊 Subject: [Update] What’s New at Common Ninja — September 2025 Edition 
   From: noreply@commoninja.com
   Sender score: 20/40
   Content score: 25/100
   Combined confidence: 34%
   Signals: order_number_pattern
[2026-09-09 22:02:56] 🔧 No specific parser found
[2026-09-09 22:02:56] ⏭️ Confidence 34% < 70% and no parser, skipping
[2026-09-09 22:02:56] 🔄 Processing message 48: 19935a5bb895253a
[2026-09-09 22:02:56] 📊 Subject: Your login verification code
   From: no-reply@account.hostinger.com
   Sender score: 20/40
   Content score: 25/100
   Combined confidence: 34%
   Signals: order_number_pattern
[2026-09-09 22:02:56] 🔧 No specific parser found
[2026-09-09 22:02:56] ⏭️ Confidence 34% < 70% and no parser, skipping
[2026-09-09 22:02:56] 🔄 Processing message 49: 1993396cf3ac5a3d
[2026-09-09 22:02:57] 📊 Subject: Security alert
   From: no-reply@accounts.google.com
   Sender score: 20/40
   Content score: 0/100
   Combined confidence: 18%
   Signals:
[2026-09-09 22:02:57] ⏭️ Confidence 18% < 20%, skipping
[2026-09-09 22:02:57] 🔄 Processing message 50: 19930e3e4a90c542
[2026-09-09 22:02:57] 📊 Subject: Your login verification code
   From: no-reply@account.hostinger.com
   Sender score: 20/40
   Content score: 25/100
   Combined confidence: 34%
   Signals: order_number_pattern
[2026-09-09 22:02:57] 🔧 No specific parser found
[2026-09-09 22:02:57] ⏭️ Confidence 34% < 70% and no parser, skipping
[2026-09-09 22:02:58] --- Page 16: 50 messages ---
[2026-09-09 22:02:58] 🔄 Processing message 1: 19930b7a05e2df3f
[2026-09-09 22:02:58] 📊 Subject: Your login verification code
   From: no-reply@account.hostinger.com
   Sender score: 20/40
   Content score: 25/100
   Combined confidence: 34%
   Signals: order_number_pattern
[2026-09-09 22:02:58] 🔧 No specific parser found
[2026-09-09 22:02:58] ⏭️ Confidence 34% < 70% and no parser, skipping
[2026-09-09 22:02:58] 🔄 Processing message 2: 19930b794c9ba563
[2026-09-09 22:02:59] 📊 Subject: Security alert
   From: no-reply@accounts.google.com
   Sender score: 20/40
   Content score: 0/100
   Combined confidence: 18%
   Signals:
[2026-09-09 22:02:59] ⏭️ Confidence 18% < 20%, skipping
[2026-09-09 22:02:59] 🔄 Processing message 3: 1993011dd88f40b5
[2026-09-09 22:02:59] 📊 Subject: Your login verification code
   From: no-reply@account.hostinger.com
   Sender score: 20/40
   Content score: 25/100
   Combined confidence: 34%
   Signals: order_number_pattern
[2026-09-09 22:02:59] 🔧 No specific parser found
[2026-09-09 22:02:59] ⏭️ Confidence 34% < 70% and no parser, skipping
[2026-09-09 22:02:59] 🔄 Processing message 4: 19929dd03c2436fa
[2026-09-09 22:03:00] 📊 Subject: הודעה מחברת המשלוחים
   From: noreply@mail.hfd.co.il
   Sender score: 20/40
   Content score: 35/100
   Combined confidence: 40%
   Signals: order_number_pattern, shipping_signal
[2026-09-09 22:03:00] 🔧 No specific parser found
[2026-09-09 22:03:00] ⏭️ Confidence 40% < 70% and no parser, skipping
[2026-09-09 22:03:00] 🔄 Processing message 5: 1992959f9037f22c
[2026-09-09 22:03:00] 📊 Subject: Security alert for omeronov@gmail.com
   From: no-reply@accounts.google.com
   Sender score: 20/40
   Content score: 0/100
   Combined confidence: 18%
   Signals:
[2026-09-09 22:03:00] ⏭️ Confidence 18% < 20%, skipping
[2026-09-09 22:03:00] 🔄 Processing message 6: 1992410cd454979f
[2026-09-09 22:03:01] 📊 Subject: הודעה מחברת המשלוחים
   From: noreply@mail.hfd.co.il
   Sender score: 20/40
   Content score: 35/100
   Combined confidence: 40%
   Signals: order_number_pattern, shipping_signal
[2026-09-09 22:03:01] 🔧 No specific parser found
[2026-09-09 22:03:01] ⏭️ Confidence 40% < 70% and no parser, skipping
[2026-09-09 22:03:01] 🔄 Processing message 7: 1992022ee3c8d1da
[2026-09-09 22:03:02] 📊 Subject: LIMITED TIME OFFER: 40% OFF Pixlr Premium
   From: no-reply@pixlr.com
   Sender score: 20/40
   Content score: 25/100
   Combined confidence: 34%
   Signals: order_number_pattern
[2026-09-09 22:03:02] 🔧 No specific parser found
[2026-09-09 22:03:02] ⏭️ Confidence 34% < 70% and no parser, skipping
[2026-09-09 22:03:02] 🔄 Processing message 8: 1991f852036cd1d8
[2026-09-09 22:03:02] 📊 Subject: מ.מ אגר פרוייקטים, your performance report for August 2025
   From: businessprofile-noreply@google.com
   Sender score: 20/40
   Content score: 0/100
   Combined confidence: 18%
   Signals:
[2026-09-09 22:03:02] ⏭️ Confidence 18% < 20%, skipping
[2026-09-09 22:03:02] 🔄 Processing message 9: 1991f72731e4c307
[2026-09-09 22:03:03] 📊 Subject: Golden Events גולדן ארועים, your performance report for August 2025
   From: businessprofile-noreply@google.com
   Sender score: 20/40
   Content score: 25/100
   Combined confidence: 34%
   Signals: order_number_pattern
[2026-09-09 22:03:03] 🔧 No specific parser found
[2026-09-09 22:03:03] ⏭️ Confidence 34% < 70% and no parser, skipping
[2026-09-09 22:03:03] 🔄 Processing message 10: 1991f5b745398826
[2026-09-09 22:03:03] 📊 Subject: אור-טק פתרונות אלומיניום בע״מ, your performance report for August 2025
   From: businessprofile-noreply@google.com
   Sender score: 20/40
   Content score: 0/100
   Combined confidence: 18%
   Signals:
[2026-09-09 22:03:03] ⏭️ Confidence 18% < 20%, skipping
[2026-09-09 22:03:03] 🔄 Processing message 11: 199107fda86d2ef5
[2026-09-09 22:03:04] 📊 Subject: Don’t Miss It: 40% Off Pixlr Premium This Back-to-School 2025/2026
   From: no-reply@pixlr.com
   Sender score: 20/40
   Content score: 25/100
   Combined confidence: 34%
   Signals: order_number_pattern
[2026-09-09 22:03:04] 🔧 No specific parser found
[2026-09-09 22:03:04] ⏭️ Confidence 34% < 70% and no parser, skipping
[2026-09-09 22:03:04] 🔄 Processing message 12: 1990ef7ff4621148
[2026-09-09 22:03:04] 📊 Subject: Security alert
   From: no-reply@accounts.google.com
   Sender score: 20/40
   Content score: 0/100
   Combined confidence: 18%
   Signals:
[2026-09-09 22:03:04] ⏭️ Confidence 18% < 20%, skipping
[2026-09-09 22:03:04] 🔄 Processing message 13: 1990ef052fc6944f
[2026-09-09 22:03:05] 📊 Subject: קבלה - נייטס אנטרטיינמנט בע"מ
   From: notify@morning.co
   Sender score: 0/40
   Content score: 10/100
   Combined confidence: 7%
   Signals: subject_keyword
[2026-09-09 22:03:05] ⏭️ Confidence 7% < 20%, skipping
[2026-09-09 22:03:05] 🔄 Processing message 14: 1990ef024699f392
[2026-09-09 22:03:05] 📊 Subject: חשבונית מס - נייטס אנטרטיינמנט בע"מ
   From: notify@morning.co
   Sender score: 0/40
   Content score: 25/100
   Combined confidence: 16%
   Signals: hebrew_purchase_phrase, subject_keyword
[2026-09-09 22:03:05] ⏭️ Confidence 16% < 20%, skipping
[2026-09-09 22:03:05] 🔄 Processing message 15: 1990eefe51548e6b
[2026-09-09 22:03:06] 📊 Subject: Your Tickets for PROPELLOR  (GO-OUT)
   From: tickets-noreply@go-out.co
   Sender score: 20/40
   Content score: 0/100
   Combined confidence: 18%
   Signals:
[2026-09-09 22:03:06] ⏭️ Confidence 18% < 20%, skipping
[2026-09-09 22:03:06] 🔄 Processing message 16: 1990eeb765f64fa9
[2026-09-09 22:03:06] 📊 Subject: Security alert
   From: no-reply@accounts.google.com
   Sender score: 20/40
   Content score: 0/100
   Combined confidence: 18%
   Signals:
[2026-09-09 22:03:06] ⏭️ Confidence 18% < 20%, skipping
[2026-09-09 22:03:06] 🔄 Processing message 17: 1990b73fb7cf6b9b
[2026-09-09 22:03:07] 📊 Subject: PENDING: Your Tickets for PROPELLOR  are waiting for approval (GO-OUT)
   From: tickets-noreply@go-out.co
   Sender score: 20/40
   Content score: 0/100
   Combined confidence: 18%
   Signals:
[2026-09-09 22:03:07] ⏭️ Confidence 18% < 20%, skipping
[2026-09-09 22:03:07] 🔄 Processing message 18: 1990b1e58a687850
[2026-09-09 22:03:08] 📊 Subject: Congrats on reaching 20 clicks in 28 days!
   From: sc-noreply@google.com
   Sender score: 20/40
   Content score: 0/100
   Combined confidence: 18%
   Signals:
[2026-09-09 22:03:08] ⏭️ Confidence 18% < 20%, skipping
[2026-09-09 22:03:08] 🔄 Processing message 19: 19906683de37d1ce
[2026-09-09 22:03:08] 📊 Subject: Receipt for Your Payment to Alipay Singapore E-C...
   From: service@paypal.co.il
   Sender score: 20/40
   Content score: 90/100
   Combined confidence: 76%
   Signals: order_number_pattern, amount_found, english_purchase_phrase, item_list_found, shipping_signal, subject_keyword
[2026-09-09 22:03:08] 🔧 Parser: MyOrdersVault\Parsers\PayPalParser
   Extracted: YES (#3CD26004E8718691G)
[2026-09-09 22:03:08] ✅ WILL SAVE: Receipt for Your Payment to Alipay Singapore E-C... - Confidence: 76%
[2026-09-09 22:03:08] ✅ Cleaned order number: 3CD26004E8718691G (paypal)
[2026-09-09 22:03:08] 📧 Using from_email as customer email: service@paypal.co.il
[2026-09-09 22:03:08] 💾 gmail_messages ID: 956
   Order save: SUCCESS (ID: 160)
   Reason: parser_success_confidence_76
   Customer email: service@paypal.co.il
   Order number valid: YES
[2026-09-09 22:03:08] 🔄 Processing message 20: 199055e99214dea2
[2026-09-09 22:03:09] 📊 Subject: ההזמנה שלך מהאתר מחסני הסלולר הושלמה
   From: noreply@clickpresspmg.tempsite.io
   Sender score: 20/40
   Content score: 90/100
   Combined confidence: 76%
   Signals: order_number_pattern, amount_found, hebrew_purchase_phrase, item_list_found, shipping_signal, subject_keyword
[2026-09-09 22:03:09] 🔧 No specific parser found
[2026-09-09 22:03:09] ✅ WILL SAVE: ההזמנה שלך מהאתר מחסני הסלולר הושלמה - Confidence: 76%
[2026-09-09 22:03:09] ✅ Cleaned order number: 8498 (short_digits)
[2026-09-09 22:03:09] 📧 Extracted customer email: maimonov@gmail.com
[2026-09-09 22:03:09] 💾 gmail_messages ID: 958
   Order save: SUCCESS (ID: 161)
   Reason: no_parser_high_confidence_76
   Customer email: maimonov@gmail.com
   Order number valid: YES
[2026-09-09 22:03:09] 🔄 Processing message 21: 199055d54432fcea
[2026-09-09 22:03:09] 📊 Subject: ההזמנה שלך מהאתר מחסני הסלולר התקבלה!
   From: noreply@clickpresspmg.tempsite.io
   Sender score: 20/40
   Content score: 90/100
   Combined confidence: 76%
   Signals: order_number_pattern, amount_found, hebrew_purchase_phrase, item_list_found, shipping_signal, subject_keyword
[2026-09-09 22:03:09] 🔧 No specific parser found
[2026-09-09 22:03:09] ✅ WILL SAVE: ההזמנה שלך מהאתר מחסני הסלולר התקבלה! - Confidence: 76%
[2026-09-09 22:03:09] ✅ Cleaned order number: 8498 (short_digits)
[2026-09-09 22:03:09] 📧 Extracted customer email: maimonov@gmail.com
[2026-09-09 22:03:09] 💾 gmail_messages ID: 960
   Order save: FAILED
   Reason: no_parser_high_confidence_76
   Customer email: maimonov@gmail.com
   Order number valid: YES
[2026-09-09 22:03:09] 🔄 Processing message 22: 199055d0d4ce5494
[2026-09-09 22:03:10] 📊 Subject: ווי אמ יבוא הפצה ושיווק בע"מ (מחסני הסלולר) - חשבונית מס/קבלה מספר 13102
   From: mmobiletlv@gmail.com
   Sender score: 0/40
   Content score: 50/100
   Combined confidence: 33%
   Signals: order_number_pattern, hebrew_purchase_phrase, subject_keyword
[2026-09-09 22:03:10] 🔧 No specific parser found
[2026-09-09 22:03:10] ⏭️ Confidence 33% < 70% and no parser, skipping
[2026-09-09 22:03:10] 🔄 Processing message 23: 1990532bf65969d9
[2026-09-09 22:03:10] 📊 Subject: ההזמנה שלך מהאתר מחסני הסלולר התקבלה!
   From: noreply@clickpresspmg.tempsite.io
   Sender score: 20/40
   Content score: 90/100
   Combined confidence: 76%
   Signals: order_number_pattern, amount_found, hebrew_purchase_phrase, item_list_found, shipping_signal, subject_keyword
[2026-09-09 22:03:10] 🔧 No specific parser found
[2026-09-09 22:03:10] ✅ WILL SAVE: ההזמנה שלך מהאתר מחסני הסלולר התקבלה! - Confidence: 76%
[2026-09-09 22:03:10] ✅ Cleaned order number: 8498 (short_digits)
[2026-09-09 22:03:10] 📧 Extracted customer email: maimonov@gmail.com
[2026-09-09 22:03:10] 💾 gmail_messages ID: 963
   Order save: FAILED
   Reason: no_parser_high_confidence_76
   Customer email: maimonov@gmail.com
   Order number valid: YES
[2026-09-09 22:03:10] 🔄 Processing message 24: 19904c832794ab0d
[2026-09-09 22:03:11] 📊 Subject: Your Complianz standard—now on Shopify  ⭐️
   From: noreply@complianz.io
   Sender score: 20/40
   Content score: 10/100
   Combined confidence: 24%
   Signals: item_list_found
[2026-09-09 22:03:11] 🔧 No specific parser found
[2026-09-09 22:03:11] ⏭️ Confidence 24% < 70% and no parser, skipping
[2026-09-09 22:03:11] 🔄 Processing message 25: 199028defbfcb4fc
[2026-09-09 22:03:11] 📊 Subject: New reasons prevent pages in a sitemap from being indexed on site https://goldenevents.co.il/
   From: sc-noreply@google.com
   Sender score: 20/40
   Content score: 25/100
   Combined confidence: 34%
   Signals: order_number_pattern
[2026-09-09 22:03:11] 🔧 No specific parser found
[2026-09-09 22:03:11] ⏭️ Confidence 34% < 70% and no parser, skipping
[2026-09-09 22:03:11] 🔄 Processing message 26: 1990275094f7ae3d
[2026-09-09 22:03:12] 📊 Subject: New reasons prevent pages from being indexed on site https://ortechaluminum.com/
   From: sc-noreply@google.com
   Sender score: 20/40
   Content score: 25/100
   Combined confidence: 34%
   Signals: order_number_pattern
[2026-09-09 22:03:12] 🔧 No specific parser found
[2026-09-09 22:03:12] ⏭️ Confidence 34% < 70% and no parser, skipping
[2026-09-09 22:03:12] 🔄 Processing message 27: 1990097b9ec28650
[2026-09-09 22:03:12] 📊 Subject: Save 40% With Back To School 2025/2026 Limited-Time Offer Before It’s Gone
   From: no-reply@pixlr.com
   Sender score: 20/40
   Content score: 25/100
   Combined confidence: 34%
   Signals: order_number_pattern
[2026-09-09 22:03:12] 🔧 No specific parser found
[2026-09-09 22:03:12] ⏭️ Confidence 34% < 70% and no parser, skipping
[2026-09-09 22:03:12] 🔄 Processing message 28: 198ffeeaf4a37ae3
[2026-09-09 22:03:13] 📊 Subject: Your login verification code
   From: no-reply@account.hostinger.com
   Sender score: 20/40
   Content score: 25/100
   Combined confidence: 34%
   Signals: order_number_pattern
[2026-09-09 22:03:13] 🔧 No specific parser found
[2026-09-09 22:03:13] ⏭️ Confidence 34% < 70% and no parser, skipping
[2026-09-09 22:03:13] 🔄 Processing message 29: 198f47b9363bc4b0
[2026-09-09 22:03:14] 📊 Subject:  בעיות שקשורות למדיניות (1)
   From: ads-account-noreply@google.com
   Sender score: 20/40
   Content score: 0/100
   Combined confidence: 18%
   Signals:
[2026-09-09 22:03:14] ⏭️ Confidence 18% < 20%, skipping
[2026-09-09 22:03:14] 🔄 Processing message 30: 198f30ba4df7c95e
[2026-09-09 22:03:14] 📊 Subject: Back To School 2025/2026: 40% OFF @ Limited-Time Special
   From: no-reply@pixlr.com
   Sender score: 20/40
   Content score: 0/100
   Combined confidence: 18%
   Signals:
[2026-09-09 22:03:14] ⏭️ Confidence 18% < 20%, skipping
[2026-09-09 22:03:14] 🔄 Processing message 31: 198f101f4e82e932
[2026-09-09 22:03:15] 📊 Subject: Receipt for Your Payment to Alipay Singapore E-C...
   From: service@paypal.co.il
   Sender score: 20/40
   Content score: 90/100
   Combined confidence: 76%
   Signals: order_number_pattern, amount_found, english_purchase_phrase, item_list_found, shipping_signal, subject_keyword
[2026-09-09 22:03:15] 🔧 Parser: MyOrdersVault\Parsers\PayPalParser
   Extracted: YES (#1P9707059F636693R)
[2026-09-09 22:03:15] ✅ WILL SAVE: Receipt for Your Payment to Alipay Singapore E-C... - Confidence: 76%
[2026-09-09 22:03:15] ✅ Cleaned order number: 1P9707059F636693R (paypal)
[2026-09-09 22:03:15] 📧 Using from_email as customer email: service@paypal.co.il
[2026-09-09 22:03:15] 💾 gmail_messages ID: 972
   Order save: SUCCESS (ID: 162)
   Reason: parser_success_confidence_76
   Customer email: service@paypal.co.il
   Order number valid: YES
[2026-09-09 22:03:15] 🔄 Processing message 32: 198f0fe924cb5130
[2026-09-09 22:03:15] 📊 Subject: Receipt for Your Payment to Alipay Singapore E-C...
   From: service@paypal.co.il
   Sender score: 20/40
   Content score: 90/100
   Combined confidence: 76%
   Signals: order_number_pattern, amount_found, english_purchase_phrase, item_list_found, shipping_signal, subject_keyword
[2026-09-09 22:03:15] 🔧 Parser: MyOrdersVault\Parsers\PayPalParser
   Extracted: YES (#2YG83057CR9265005)
[2026-09-09 22:03:15] ✅ WILL SAVE: Receipt for Your Payment to Alipay Singapore E-C... - Confidence: 76%
[2026-09-09 22:03:15] ✅ Cleaned order number: 2YG83057CR9265005 (paypal)
[2026-09-09 22:03:15] 📧 Using from_email as customer email: service@paypal.co.il
[2026-09-09 22:03:15] 💾 gmail_messages ID: 974
   Order save: SUCCESS (ID: 163)
   Reason: parser_success_confidence_76
   Customer email: service@paypal.co.il
   Order number valid: YES
[2026-09-09 22:03:15] 🔄 Processing message 33: 198f0d1421e0a604
[2026-09-09 22:03:16] 📊 Subject: Your login verification code
   From: no-reply@account.hostinger.com
   Sender score: 20/40
   Content score: 25/100
   Combined confidence: 34%
   Signals: order_number_pattern
[2026-09-09 22:03:16] 🔧 No specific parser found
[2026-09-09 22:03:16] ⏭️ Confidence 34% < 70% and no parser, skipping
[2026-09-09 22:03:16] 🔄 Processing message 34: 198f0cf068bc0cc1
[2026-09-09 22:03:16] 📊 Subject: Security alert
   From: no-reply@accounts.google.com
   Sender score: 20/40
   Content score: 0/100
   Combined confidence: 18%
   Signals:
[2026-09-09 22:03:16] ⏭️ Confidence 18% < 20%, skipping
[2026-09-09 22:03:16] 🔄 Processing message 35: 198ef4e1294f082a
[2026-09-09 22:03:17] 📊 Subject: השלמת את תהליך אימות המפרסם
   From: ads-account-noreply@google.com
   Sender score: 20/40
   Content score: 0/100
   Combined confidence: 18%
   Signals:
[2026-09-09 22:03:17] ⏭️ Confidence 18% < 20%, skipping
[2026-09-09 22:03:17] 🔄 Processing message 36: 198ef47308ca44c3
[2026-09-09 22:03:17] 📊 Subject: You need to verify your identity
   From: payments-noreply@google.com
   Sender score: 20/40
   Content score: 0/100
   Combined confidence: 18%
   Signals:
[2026-09-09 22:03:17] ⏭️ Confidence 18% < 20%, skipping
[2026-09-09 22:03:17] 🔄 Processing message 37: 198ef2648ecec4d9
[2026-09-09 22:03:18] 📊 Subject: Google Payments: Info updated for גולדן ארועים
   From: payments-noreply@google.com
   Sender score: 20/40
   Content score: 10/100
   Combined confidence: 24%
   Signals: subject_keyword
[2026-09-09 22:03:18] 🔧 No specific parser found
[2026-09-09 22:03:18] ⏭️ Confidence 24% < 70% and no parser, skipping
[2026-09-09 22:03:18] 🔄 Processing message 38: 198e6a2be0b20373
